[2026-04-12 00:02:03] Log file: ./results/defense_cifar10_mobilenet_ig_20260412_000203.log
[2026-04-12 00:02:03] Device: cuda
[2026-04-12 00:02:03] Args: {'dataset': 'cifar10', 'model': 'mobilenet', 'attack': 'ig', 'n_samples': 10, 'checkpoint': './checkpoints/cifar10_mobilenet.pth', 'output_dir': './results', 'seed': 42}
[2026-04-12 00:02:03] Loading LPIPS model (alex)...
[2026-04-12 00:02:04] LPIPS ready.
[2026-04-12 00:02:04] Loading dataset: cifar10  (n_samples=10)
[2026-04-12 00:02:04] Dataset ready: 10 images selected.
[2026-04-12 00:02:04] Building model: mobilenet  num_classes=10
[2026-04-12 00:02:04] No checkpoint found — using random weights (demo mode).
[2026-04-12 00:02:04] 
Total plan: 1 attack × 7 conditions × 10 images = 70 jobs
[2026-04-12 00:02:04] 
================================================================
[2026-04-12 00:02:04] ATTACK: IG
[2026-04-12 00:02:04] ================================================================
[2026-04-12 00:02:04] 
  ── Condition 1/7: none/no-defense ──
[2026-04-12 00:02:05]       [none/no-defense] img 1/10 — computing true gradient...
[2026-04-12 00:02:05]       [none/no-defense] img 1/10 — applying defense: none ...
[2026-04-12 00:02:05]       [none/no-defense] img 1/10 — running IG attack...
[2026-04-12 00:02:05]         [IG] restart 1/1 — 8000 iterations ...
[2026-04-12 00:02:17]         [IG] iter    50/8000  loss=0.9824  elapsed=12s  ETA=1858s
[2026-04-12 00:02:28]         [IG] iter   100/8000  loss=0.9796  elapsed=23s  ETA=1809s
[2026-04-12 00:02:39]         [IG] iter   150/8000  loss=0.9823  elapsed=34s  ETA=1783s
[2026-04-12 00:02:50]         [IG] iter   200/8000  loss=0.9849  elapsed=45s  ETA=1760s
[2026-04-12 00:03:01]         [IG] iter   250/8000  loss=0.9840  elapsed=56s  ETA=1742s
[2026-04-12 00:03:12]         [IG] iter   300/8000  loss=0.9952  elapsed=67s  ETA=1723s
[2026-04-12 00:03:23]         [IG] iter   350/8000  loss=0.9795  elapsed=78s  ETA=1707s
[2026-04-12 00:03:34]         [IG] iter   400/8000  loss=0.9836  elapsed=89s  ETA=1686s
[2026-04-12 00:03:45]         [IG] iter   450/8000  loss=0.9828  elapsed=100s  ETA=1673s
[2026-04-12 00:03:56]         [IG] iter   500/8000  loss=0.9777  elapsed=111s  ETA=1663s
[2026-04-12 00:04:07]         [IG] iter   550/8000  loss=0.9799  elapsed=122s  ETA=1648s
[2026-04-12 00:04:18]         [IG] iter   600/8000  loss=0.9824  elapsed=133s  ETA=1637s
[2026-04-12 00:04:29]         [IG] iter   650/8000  loss=0.9701  elapsed=144s  ETA=1628s
[2026-04-12 00:04:40]         [IG] iter   700/8000  loss=0.9902  elapsed=155s  ETA=1619s
[2026-04-12 00:04:52]         [IG] iter   750/8000  loss=0.9929  elapsed=167s  ETA=1610s
[2026-04-12 00:05:03]         [IG] iter   800/8000  loss=0.9821  elapsed=178s  ETA=1605s
[2026-04-12 00:05:15]         [IG] iter   850/8000  loss=0.9785  elapsed=190s  ETA=1599s
[2026-04-12 00:05:27]         [IG] iter   900/8000  loss=0.9786  elapsed=202s  ETA=1591s
[2026-04-12 00:05:38]         [IG] iter   950/8000  loss=0.9945  elapsed=213s  ETA=1580s
[2026-04-12 00:05:49]         [IG] iter  1000/8000  loss=0.9892  elapsed=224s  ETA=1571s
[2026-04-12 00:06:01]         [IG] iter  1050/8000  loss=0.9767  elapsed=236s  ETA=1562s
[2026-04-12 00:06:13]         [IG] iter  1100/8000  loss=0.9836  elapsed=247s  ETA=1552s
[2026-04-12 00:06:24]         [IG] iter  1150/8000  loss=0.9820  elapsed=259s  ETA=1541s
[2026-04-12 00:06:35]         [IG] iter  1200/8000  loss=0.9931  elapsed=270s  ETA=1531s
[2026-04-12 00:06:47]         [IG] iter  1250/8000  loss=0.9820  elapsed=282s  ETA=1522s
[2026-04-12 00:06:59]         [IG] iter  1300/8000  loss=0.9847  elapsed=294s  ETA=1513s
[2026-04-12 00:07:11]         [IG] iter  1350/8000  loss=0.9995  elapsed=306s  ETA=1505s
[2026-04-12 00:07:23]         [IG] iter  1400/8000  loss=0.9988  elapsed=317s  ETA=1497s
[2026-04-12 00:07:34]         [IG] iter  1450/8000  loss=0.9863  elapsed=329s  ETA=1487s
[2026-04-12 00:07:46]         [IG] iter  1500/8000  loss=0.9864  elapsed=341s  ETA=1477s
[2026-04-12 00:07:58]         [IG] iter  1550/8000  loss=0.9842  elapsed=352s  ETA=1467s
[2026-04-12 00:08:09]         [IG] iter  1600/8000  loss=0.9854  elapsed=364s  ETA=1456s
[2026-04-12 00:08:21]         [IG] iter  1650/8000  loss=0.9903  elapsed=376s  ETA=1446s
[2026-04-12 00:08:32]         [IG] iter  1700/8000  loss=0.9901  elapsed=387s  ETA=1435s
[2026-04-12 00:08:43]         [IG] iter  1750/8000  loss=0.9953  elapsed=398s  ETA=1423s
[2026-04-12 00:08:55]         [IG] iter  1800/8000  loss=0.9877  elapsed=410s  ETA=1411s
[2026-04-12 00:09:06]         [IG] iter  1850/8000  loss=0.9970  elapsed=421s  ETA=1399s
[2026-04-12 00:09:17]         [IG] iter  1900/8000  loss=0.9965  elapsed=432s  ETA=1387s
[2026-04-12 00:09:28]         [IG] iter  1950/8000  loss=0.9985  elapsed=443s  ETA=1375s
[2026-04-12 00:09:40]         [IG] iter  2000/8000  loss=0.9892  elapsed=455s  ETA=1364s
[2026-04-12 00:09:51]         [IG] iter  2050/8000  loss=0.9976  elapsed=466s  ETA=1352s
[2026-04-12 00:10:03]         [IG] iter  2100/8000  loss=0.9937  elapsed=477s  ETA=1341s
[2026-04-12 00:10:14]         [IG] iter  2150/8000  loss=0.9822  elapsed=489s  ETA=1331s
[2026-04-12 00:10:26]         [IG] iter  2200/8000  loss=0.9899  elapsed=501s  ETA=1321s
[2026-04-12 00:10:38]         [IG] iter  2250/8000  loss=0.9987  elapsed=513s  ETA=1310s
[2026-04-12 00:10:50]         [IG] iter  2300/8000  loss=0.9912  elapsed=524s  ETA=1300s
[2026-04-12 00:11:01]         [IG] iter  2350/8000  loss=0.9871  elapsed=536s  ETA=1288s
[2026-04-12 00:11:12]         [IG] iter  2400/8000  loss=0.9862  elapsed=547s  ETA=1276s
[2026-04-12 00:11:23]         [IG] iter  2450/8000  loss=0.9804  elapsed=558s  ETA=1265s
[2026-04-12 00:11:35]         [IG] iter  2500/8000  loss=0.9896  elapsed=570s  ETA=1254s
[2026-04-12 00:11:46]         [IG] iter  2550/8000  loss=0.9949  elapsed=581s  ETA=1242s
[2026-04-12 00:11:57]         [IG] iter  2600/8000  loss=0.9965  elapsed=592s  ETA=1230s
[2026-04-12 00:12:08]         [IG] iter  2650/8000  loss=1.0012  elapsed=603s  ETA=1217s
[2026-04-12 00:12:19]         [IG] iter  2700/8000  loss=0.9906  elapsed=614s  ETA=1205s
[2026-04-12 00:12:30]         [IG] iter  2750/8000  loss=1.0067  elapsed=624s  ETA=1192s
[2026-04-12 00:12:41]         [IG] iter  2800/8000  loss=0.9945  elapsed=636s  ETA=1180s
[2026-04-12 00:12:52]         [IG] iter  2850/8000  loss=0.9877  elapsed=647s  ETA=1168s
[2026-04-12 00:13:02]         [IG] iter  2900/8000  loss=0.9928  elapsed=657s  ETA=1156s
[2026-04-12 00:13:14]         [IG] iter  2950/8000  loss=0.9857  elapsed=668s  ETA=1144s
[2026-04-12 00:13:25]         [IG] iter  3000/8000  loss=0.9932  elapsed=680s  ETA=1133s
[2026-04-12 00:13:36]         [IG] iter  3050/8000  loss=0.9817  elapsed=691s  ETA=1121s
[2026-04-12 00:13:47]         [IG] iter  3100/8000  loss=0.9903  elapsed=702s  ETA=1109s
[2026-04-12 00:13:58]         [IG] iter  3150/8000  loss=0.9776  elapsed=712s  ETA=1097s
[2026-04-12 00:14:08]         [IG] iter  3200/8000  loss=0.9873  elapsed=723s  ETA=1085s
[2026-04-12 00:14:19]         [IG] iter  3250/8000  loss=0.9914  elapsed=734s  ETA=1073s
[2026-04-12 00:14:30]         [IG] iter  3300/8000  loss=0.9925  elapsed=745s  ETA=1061s
[2026-04-12 00:14:41]         [IG] iter  3350/8000  loss=0.9928  elapsed=756s  ETA=1049s
[2026-04-12 00:14:52]         [IG] iter  3400/8000  loss=0.9974  elapsed=767s  ETA=1037s
[2026-04-12 00:15:03]         [IG] iter  3450/8000  loss=0.9807  elapsed=778s  ETA=1026s
[2026-04-12 00:15:13]         [IG] iter  3500/8000  loss=0.9942  elapsed=788s  ETA=1014s
[2026-04-12 00:15:24]         [IG] iter  3550/8000  loss=0.9938  elapsed=799s  ETA=1002s
[2026-04-12 00:15:35]         [IG] iter  3600/8000  loss=0.9998  elapsed=810s  ETA=990s
[2026-04-12 00:15:46]         [IG] iter  3650/8000  loss=0.9967  elapsed=821s  ETA=979s
[2026-04-12 00:15:58]         [IG] iter  3700/8000  loss=0.9972  elapsed=832s  ETA=967s
[2026-04-12 00:16:09]         [IG] iter  3750/8000  loss=0.9933  elapsed=843s  ETA=956s
[2026-04-12 00:16:20]         [IG] iter  3800/8000  loss=0.9807  elapsed=855s  ETA=945s
[2026-04-12 00:16:31]         [IG] iter  3850/8000  loss=0.9937  elapsed=866s  ETA=933s
[2026-04-12 00:16:42]         [IG] iter  3900/8000  loss=0.9817  elapsed=877s  ETA=922s
[2026-04-12 00:16:53]         [IG] iter  3950/8000  loss=0.9814  elapsed=888s  ETA=911s
[2026-04-12 00:17:04]         [IG] iter  4000/8000  loss=0.9934  elapsed=899s  ETA=899s
[2026-04-12 00:17:16]         [IG] iter  4050/8000  loss=0.9926  elapsed=910s  ETA=888s
[2026-04-12 00:17:27]         [IG] iter  4100/8000  loss=0.9980  elapsed=922s  ETA=877s
[2026-04-12 00:17:38]         [IG] iter  4150/8000  loss=0.9848  elapsed=933s  ETA=865s
[2026-04-12 00:17:49]         [IG] iter  4200/8000  loss=0.9938  elapsed=944s  ETA=854s
[2026-04-12 00:18:00]         [IG] iter  4250/8000  loss=0.9800  elapsed=955s  ETA=842s
[2026-04-12 00:18:11]         [IG] iter  4300/8000  loss=0.9980  elapsed=966s  ETA=831s
[2026-04-12 00:18:22]         [IG] iter  4350/8000  loss=0.9955  elapsed=977s  ETA=820s
[2026-04-12 00:18:33]         [IG] iter  4400/8000  loss=1.0025  elapsed=988s  ETA=808s
[2026-04-12 00:18:44]         [IG] iter  4450/8000  loss=0.9929  elapsed=999s  ETA=797s
[2026-04-12 00:18:55]         [IG] iter  4500/8000  loss=0.9881  elapsed=1010s  ETA=786s
[2026-04-12 00:19:07]         [IG] iter  4550/8000  loss=0.9913  elapsed=1022s  ETA=775s
[2026-04-12 00:19:18]         [IG] iter  4600/8000  loss=1.0031  elapsed=1033s  ETA=764s
[2026-04-12 00:19:30]         [IG] iter  4650/8000  loss=0.9946  elapsed=1045s  ETA=753s
[2026-04-12 00:19:41]         [IG] iter  4700/8000  loss=0.9883  elapsed=1056s  ETA=742s
[2026-04-12 00:19:53]         [IG] iter  4750/8000  loss=0.9781  elapsed=1068s  ETA=731s
[2026-04-12 00:20:04]         [IG] iter  4800/8000  loss=0.9996  elapsed=1079s  ETA=720s
[2026-04-12 00:20:16]         [IG] iter  4850/8000  loss=0.9950  elapsed=1091s  ETA=709s
[2026-04-12 00:20:28]         [IG] iter  4900/8000  loss=0.9960  elapsed=1103s  ETA=698s
[2026-04-12 00:20:39]         [IG] iter  4950/8000  loss=0.9934  elapsed=1114s  ETA=686s
[2026-04-12 00:20:50]         [IG] iter  5000/8000  loss=0.9915  elapsed=1125s  ETA=675s
[2026-04-12 00:21:01]         [IG] iter  5050/8000  loss=0.9989  elapsed=1136s  ETA=663s
[2026-04-12 00:21:12]         [IG] iter  5100/8000  loss=0.9950  elapsed=1146s  ETA=652s
[2026-04-12 00:21:22]         [IG] iter  5150/8000  loss=0.9944  elapsed=1157s  ETA=640s
[2026-04-12 00:21:33]         [IG] iter  5200/8000  loss=0.9918  elapsed=1168s  ETA=629s
[2026-04-12 00:21:44]         [IG] iter  5250/8000  loss=0.9932  elapsed=1179s  ETA=618s
[2026-04-12 00:21:55]         [IG] iter  5300/8000  loss=1.0006  elapsed=1190s  ETA=606s
[2026-04-12 00:22:06]         [IG] iter  5350/8000  loss=0.9986  elapsed=1200s  ETA=595s
[2026-04-12 00:22:16]         [IG] iter  5400/8000  loss=0.9921  elapsed=1211s  ETA=583s
[2026-04-12 00:22:27]         [IG] iter  5450/8000  loss=0.9915  elapsed=1222s  ETA=572s
[2026-04-12 00:22:38]         [IG] iter  5500/8000  loss=0.9932  elapsed=1233s  ETA=561s
[2026-04-12 00:22:50]         [IG] iter  5550/8000  loss=0.9913  elapsed=1245s  ETA=549s
[2026-04-12 00:23:01]         [IG] iter  5600/8000  loss=0.9964  elapsed=1256s  ETA=538s
[2026-04-12 00:23:12]         [IG] iter  5650/8000  loss=0.9943  elapsed=1267s  ETA=527s
[2026-04-12 00:23:23]         [IG] iter  5700/8000  loss=0.9955  elapsed=1278s  ETA=516s
[2026-04-12 00:23:35]         [IG] iter  5750/8000  loss=0.9937  elapsed=1289s  ETA=505s
[2026-04-12 00:23:46]         [IG] iter  5800/8000  loss=0.9915  elapsed=1301s  ETA=493s
[2026-04-12 00:23:57]         [IG] iter  5850/8000  loss=0.9944  elapsed=1312s  ETA=482s
[2026-04-12 00:24:08]         [IG] iter  5900/8000  loss=0.9970  elapsed=1323s  ETA=471s
[2026-04-12 00:24:20]         [IG] iter  5950/8000  loss=0.9923  elapsed=1335s  ETA=460s
[2026-04-12 00:24:31]         [IG] iter  6000/8000  loss=0.9971  elapsed=1346s  ETA=449s
[2026-04-12 00:24:43]         [IG] iter  6050/8000  loss=0.9951  elapsed=1358s  ETA=438s
[2026-04-12 00:24:54]         [IG] iter  6100/8000  loss=0.9912  elapsed=1369s  ETA=426s
[2026-04-12 00:25:05]         [IG] iter  6150/8000  loss=0.9963  elapsed=1380s  ETA=415s
[2026-04-12 00:25:16]         [IG] iter  6200/8000  loss=0.9927  elapsed=1391s  ETA=404s
[2026-04-12 00:25:28]         [IG] iter  6250/8000  loss=0.9931  elapsed=1403s  ETA=393s
[2026-04-12 00:25:39]         [IG] iter  6300/8000  loss=0.9944  elapsed=1414s  ETA=382s
[2026-04-12 00:25:51]         [IG] iter  6350/8000  loss=0.9931  elapsed=1426s  ETA=371s
[2026-04-12 00:26:02]         [IG] iter  6400/8000  loss=0.9895  elapsed=1437s  ETA=359s
[2026-04-12 00:26:13]         [IG] iter  6450/8000  loss=0.9953  elapsed=1448s  ETA=348s
[2026-04-12 00:26:24]         [IG] iter  6500/8000  loss=0.9934  elapsed=1459s  ETA=337s
[2026-04-12 00:26:35]         [IG] iter  6550/8000  loss=0.9909  elapsed=1469s  ETA=325s
[2026-04-12 00:26:46]         [IG] iter  6600/8000  loss=0.9893  elapsed=1481s  ETA=314s
[2026-04-12 00:26:57]         [IG] iter  6650/8000  loss=0.9922  elapsed=1492s  ETA=303s
[2026-04-12 00:27:08]         [IG] iter  6700/8000  loss=0.9916  elapsed=1503s  ETA=292s
[2026-04-12 00:27:19]         [IG] iter  6750/8000  loss=0.9885  elapsed=1514s  ETA=280s
[2026-04-12 00:27:30]         [IG] iter  6800/8000  loss=0.9962  elapsed=1525s  ETA=269s
[2026-04-12 00:27:41]         [IG] iter  6850/8000  loss=0.9947  elapsed=1536s  ETA=258s
[2026-04-12 00:27:52]         [IG] iter  6900/8000  loss=0.9974  elapsed=1547s  ETA=247s
[2026-04-12 00:28:03]         [IG] iter  6950/8000  loss=0.9968  elapsed=1558s  ETA=235s
[2026-04-12 00:28:14]         [IG] iter  7000/8000  loss=0.9973  elapsed=1569s  ETA=224s
[2026-04-12 00:28:25]         [IG] iter  7050/8000  loss=0.9984  elapsed=1580s  ETA=213s
[2026-04-12 00:28:36]         [IG] iter  7100/8000  loss=0.9947  elapsed=1591s  ETA=202s
[2026-04-12 00:28:47]         [IG] iter  7150/8000  loss=0.9987  elapsed=1602s  ETA=190s
[2026-04-12 00:28:58]         [IG] iter  7200/8000  loss=0.9943  elapsed=1613s  ETA=179s
[2026-04-12 00:29:09]         [IG] iter  7250/8000  loss=0.9891  elapsed=1624s  ETA=168s
[2026-04-12 00:29:19]         [IG] iter  7300/8000  loss=1.0025  elapsed=1634s  ETA=157s
[2026-04-12 00:29:30]         [IG] iter  7350/8000  loss=0.9954  elapsed=1645s  ETA=145s
[2026-04-12 00:29:41]         [IG] iter  7400/8000  loss=0.9915  elapsed=1656s  ETA=134s
[2026-04-12 00:29:53]         [IG] iter  7450/8000  loss=0.9860  elapsed=1668s  ETA=123s
[2026-04-12 00:30:04]         [IG] iter  7500/8000  loss=0.9912  elapsed=1679s  ETA=112s
[2026-04-12 00:30:15]         [IG] iter  7550/8000  loss=0.9891  elapsed=1690s  ETA=101s
[2026-04-12 00:30:27]         [IG] iter  7600/8000  loss=0.9931  elapsed=1702s  ETA=90s
[2026-04-12 00:30:38]         [IG] iter  7650/8000  loss=0.9927  elapsed=1713s  ETA=78s
[2026-04-12 00:30:49]         [IG] iter  7700/8000  loss=0.9937  elapsed=1724s  ETA=67s
[2026-04-12 00:31:00]         [IG] iter  7750/8000  loss=0.9925  elapsed=1735s  ETA=56s
[2026-04-12 00:31:11]         [IG] iter  7800/8000  loss=0.9947  elapsed=1746s  ETA=45s
[2026-04-12 00:31:22]         [IG] iter  7850/8000  loss=0.9917  elapsed=1757s  ETA=34s
[2026-04-12 00:31:33]         [IG] iter  7900/8000  loss=0.9916  elapsed=1768s  ETA=22s
[2026-04-12 00:31:44]         [IG] iter  7950/8000  loss=0.9950  elapsed=1779s  ETA=11s
[2026-04-12 00:31:55]         [IG] iter  8000/8000  loss=0.9900  elapsed=1790s  ETA=0s
[2026-04-12 00:31:55]         [IG] restart 1 done — final loss=0.9900
[2026-04-12 00:31:55]       [none/no-defense] img 1/10 — attack done in 1789.6s
[2026-04-12 00:31:55]       [none/no-defense] img 1/10 — PSNR=7.39  SSIM=0.0036  LPIPS=0.2722
[2026-04-12 00:31:55]       [none/no-defense] img 2/10 — computing true gradient...
[2026-04-12 00:31:55]       [none/no-defense] img 2/10 — applying defense: none ...
[2026-04-12 00:31:55]       [none/no-defense] img 2/10 — running IG attack...
[2026-04-12 00:31:55]         [IG] restart 1/1 — 8000 iterations ...
[2026-04-12 00:32:06]         [IG] iter    50/8000  loss=0.9973  elapsed=11s  ETA=1711s
[2026-04-12 00:32:16]         [IG] iter   100/8000  loss=0.9923  elapsed=22s  ETA=1701s
[2026-04-12 00:32:27]         [IG] iter   150/8000  loss=0.9926  elapsed=32s  ETA=1690s
[2026-04-12 00:32:38]         [IG] iter   200/8000  loss=0.9901  elapsed=43s  ETA=1678s
[2026-04-12 00:32:49]         [IG] iter   250/8000  loss=0.9873  elapsed=54s  ETA=1666s
[2026-04-12 00:32:59]         [IG] iter   300/8000  loss=0.9871  elapsed=65s  ETA=1657s
[2026-04-12 00:33:10]         [IG] iter   350/8000  loss=0.9903  elapsed=75s  ETA=1648s
[2026-04-12 00:33:21]         [IG] iter   400/8000  loss=0.9792  elapsed=87s  ETA=1644s
[2026-04-12 00:33:32]         [IG] iter   450/8000  loss=0.9925  elapsed=97s  ETA=1632s
[2026-04-12 00:33:43]         [IG] iter   500/8000  loss=0.9855  elapsed=108s  ETA=1627s
[2026-04-12 00:33:55]         [IG] iter   550/8000  loss=0.9959  elapsed=120s  ETA=1628s
[2026-04-12 00:34:06]         [IG] iter   600/8000  loss=0.9864  elapsed=132s  ETA=1622s
[2026-04-12 00:34:18]         [IG] iter   650/8000  loss=0.9858  elapsed=143s  ETA=1614s
[2026-04-12 00:34:29]         [IG] iter   700/8000  loss=0.9804  elapsed=154s  ETA=1609s
[2026-04-12 00:34:41]         [IG] iter   750/8000  loss=0.9783  elapsed=166s  ETA=1601s
[2026-04-12 00:34:52]         [IG] iter   800/8000  loss=0.9844  elapsed=177s  ETA=1594s
[2026-04-12 00:35:03]         [IG] iter   850/8000  loss=0.9827  elapsed=188s  ETA=1585s
[2026-04-12 00:35:14]         [IG] iter   900/8000  loss=0.9848  elapsed=199s  ETA=1571s
[2026-04-12 00:35:25]         [IG] iter   950/8000  loss=0.9902  elapsed=210s  ETA=1557s
[2026-04-12 00:35:35]         [IG] iter  1000/8000  loss=0.9812  elapsed=221s  ETA=1544s
[2026-04-12 00:35:46]         [IG] iter  1050/8000  loss=0.9729  elapsed=231s  ETA=1531s
[2026-04-12 00:35:57]         [IG] iter  1100/8000  loss=0.9979  elapsed=242s  ETA=1520s
[2026-04-12 00:36:08]         [IG] iter  1150/8000  loss=0.9791  elapsed=253s  ETA=1510s
[2026-04-12 00:36:20]         [IG] iter  1200/8000  loss=0.9818  elapsed=265s  ETA=1499s
[2026-04-12 00:36:31]         [IG] iter  1250/8000  loss=0.9851  elapsed=276s  ETA=1491s
[2026-04-12 00:36:43]         [IG] iter  1300/8000  loss=0.9854  elapsed=288s  ETA=1484s
[2026-04-12 00:36:54]         [IG] iter  1350/8000  loss=0.9837  elapsed=300s  ETA=1476s
[2026-04-12 00:37:06]         [IG] iter  1400/8000  loss=0.9868  elapsed=311s  ETA=1468s
[2026-04-12 00:37:18]         [IG] iter  1450/8000  loss=0.9893  elapsed=323s  ETA=1460s
[2026-04-12 00:37:30]         [IG] iter  1500/8000  loss=0.9892  elapsed=335s  ETA=1452s
[2026-04-12 00:37:41]         [IG] iter  1550/8000  loss=0.9910  elapsed=346s  ETA=1442s
[2026-04-12 00:37:53]         [IG] iter  1600/8000  loss=0.9871  elapsed=358s  ETA=1431s
[2026-04-12 00:38:04]         [IG] iter  1650/8000  loss=0.9881  elapsed=369s  ETA=1422s
[2026-04-12 00:38:16]         [IG] iter  1700/8000  loss=0.9808  elapsed=381s  ETA=1412s
[2026-04-12 00:38:27]         [IG] iter  1750/8000  loss=0.9951  elapsed=392s  ETA=1401s
[2026-04-12 00:38:38]         [IG] iter  1800/8000  loss=0.9879  elapsed=403s  ETA=1388s
[2026-04-12 00:38:49]         [IG] iter  1850/8000  loss=0.9911  elapsed=414s  ETA=1377s
[2026-04-12 00:39:00]         [IG] iter  1900/8000  loss=0.9945  elapsed=425s  ETA=1366s
[2026-04-12 00:39:12]         [IG] iter  1950/8000  loss=0.9908  elapsed=437s  ETA=1355s
[2026-04-12 00:39:23]         [IG] iter  2000/8000  loss=0.9803  elapsed=448s  ETA=1343s
[2026-04-12 00:39:34]         [IG] iter  2050/8000  loss=0.9797  elapsed=459s  ETA=1333s
[2026-04-12 00:39:45]         [IG] iter  2100/8000  loss=0.9862  elapsed=471s  ETA=1322s
[2026-04-12 00:39:57]         [IG] iter  2150/8000  loss=0.9821  elapsed=482s  ETA=1311s
[2026-04-12 00:40:08]         [IG] iter  2200/8000  loss=0.9859  elapsed=493s  ETA=1301s
[2026-04-12 00:40:20]         [IG] iter  2250/8000  loss=0.9831  elapsed=505s  ETA=1291s
[2026-04-12 00:40:31]         [IG] iter  2300/8000  loss=0.9889  elapsed=517s  ETA=1280s
[2026-04-12 00:40:43]         [IG] iter  2350/8000  loss=0.9860  elapsed=528s  ETA=1269s
[2026-04-12 00:40:55]         [IG] iter  2400/8000  loss=0.9878  elapsed=540s  ETA=1259s
[2026-04-12 00:41:06]         [IG] iter  2450/8000  loss=0.9819  elapsed=551s  ETA=1248s
[2026-04-12 00:41:17]         [IG] iter  2500/8000  loss=0.9840  elapsed=562s  ETA=1236s
[2026-04-12 00:41:27]         [IG] iter  2550/8000  loss=0.9835  elapsed=573s  ETA=1224s
[2026-04-12 00:41:38]         [IG] iter  2600/8000  loss=0.9799  elapsed=584s  ETA=1212s
[2026-04-12 00:41:49]         [IG] iter  2650/8000  loss=0.9793  elapsed=595s  ETA=1200s
[2026-04-12 00:42:01]         [IG] iter  2700/8000  loss=0.9805  elapsed=606s  ETA=1189s
[2026-04-12 00:42:12]         [IG] iter  2750/8000  loss=0.9787  elapsed=617s  ETA=1177s
[2026-04-12 00:42:23]         [IG] iter  2800/8000  loss=0.9806  elapsed=628s  ETA=1166s
[2026-04-12 00:42:34]         [IG] iter  2850/8000  loss=0.9800  elapsed=639s  ETA=1155s
[2026-04-12 00:42:45]         [IG] iter  2900/8000  loss=0.9827  elapsed=650s  ETA=1143s
[2026-04-12 00:42:56]         [IG] iter  2950/8000  loss=0.9736  elapsed=661s  ETA=1131s
[2026-04-12 00:43:06]         [IG] iter  3000/8000  loss=0.9758  elapsed=671s  ETA=1119s
[2026-04-12 00:43:17]         [IG] iter  3050/8000  loss=0.9822  elapsed=682s  ETA=1107s
[2026-04-12 00:43:28]         [IG] iter  3100/8000  loss=0.9771  elapsed=693s  ETA=1095s
[2026-04-12 00:43:39]         [IG] iter  3150/8000  loss=0.9785  elapsed=704s  ETA=1083s
[2026-04-12 00:43:50]         [IG] iter  3200/8000  loss=0.9752  elapsed=715s  ETA=1072s
[2026-04-12 00:44:00]         [IG] iter  3250/8000  loss=0.9764  elapsed=725s  ETA=1060s
[2026-04-12 00:44:11]         [IG] iter  3300/8000  loss=0.9773  elapsed=736s  ETA=1048s
[2026-04-12 00:44:22]         [IG] iter  3350/8000  loss=0.9808  elapsed=747s  ETA=1037s
[2026-04-12 00:44:33]         [IG] iter  3400/8000  loss=0.9822  elapsed=758s  ETA=1025s
[2026-04-12 00:44:44]         [IG] iter  3450/8000  loss=0.9794  elapsed=769s  ETA=1014s
[2026-04-12 00:44:55]         [IG] iter  3500/8000  loss=0.9761  elapsed=780s  ETA=1003s
[2026-04-12 00:45:06]         [IG] iter  3550/8000  loss=0.9745  elapsed=791s  ETA=992s
[2026-04-12 00:45:17]         [IG] iter  3600/8000  loss=0.9777  elapsed=802s  ETA=981s
[2026-04-12 00:45:29]         [IG] iter  3650/8000  loss=0.9742  elapsed=814s  ETA=970s
[2026-04-12 00:45:40]         [IG] iter  3700/8000  loss=0.9721  elapsed=825s  ETA=959s
[2026-04-12 00:45:51]         [IG] iter  3750/8000  loss=0.9813  elapsed=836s  ETA=948s
[2026-04-12 00:46:03]         [IG] iter  3800/8000  loss=0.9768  elapsed=848s  ETA=937s
[2026-04-12 00:46:14]         [IG] iter  3850/8000  loss=0.9747  elapsed=859s  ETA=926s
[2026-04-12 00:46:26]         [IG] iter  3900/8000  loss=0.9771  elapsed=871s  ETA=916s
[2026-04-12 00:46:38]         [IG] iter  3950/8000  loss=0.9757  elapsed=883s  ETA=905s
[2026-04-12 00:46:50]         [IG] iter  4000/8000  loss=0.9781  elapsed=895s  ETA=895s
[2026-04-12 00:47:02]         [IG] iter  4050/8000  loss=0.9850  elapsed=907s  ETA=885s
[2026-04-12 00:47:13]         [IG] iter  4100/8000  loss=0.9821  elapsed=918s  ETA=874s
[2026-04-12 00:47:24]         [IG] iter  4150/8000  loss=0.9824  elapsed=929s  ETA=862s
[2026-04-12 00:47:35]         [IG] iter  4200/8000  loss=0.9786  elapsed=940s  ETA=851s
[2026-04-12 00:47:46]         [IG] iter  4250/8000  loss=0.9744  elapsed=952s  ETA=840s
[2026-04-12 00:47:57]         [IG] iter  4300/8000  loss=0.9790  elapsed=963s  ETA=828s
[2026-04-12 00:48:09]         [IG] iter  4350/8000  loss=0.9756  elapsed=974s  ETA=817s
[2026-04-12 00:48:20]         [IG] iter  4400/8000  loss=0.9766  elapsed=985s  ETA=806s
[2026-04-12 00:48:31]         [IG] iter  4450/8000  loss=0.9845  elapsed=996s  ETA=795s
[2026-04-12 00:48:42]         [IG] iter  4500/8000  loss=0.9798  elapsed=1007s  ETA=783s
[2026-04-12 00:48:53]         [IG] iter  4550/8000  loss=0.9749  elapsed=1018s  ETA=772s
[2026-04-12 00:49:04]         [IG] iter  4600/8000  loss=0.9815  elapsed=1029s  ETA=761s
[2026-04-12 00:49:16]         [IG] iter  4650/8000  loss=0.9723  elapsed=1041s  ETA=750s
[2026-04-12 00:49:28]         [IG] iter  4700/8000  loss=0.9712  elapsed=1053s  ETA=739s
[2026-04-12 00:49:40]         [IG] iter  4750/8000  loss=0.9797  elapsed=1065s  ETA=728s
[2026-04-12 00:49:51]         [IG] iter  4800/8000  loss=0.9815  elapsed=1076s  ETA=717s
[2026-04-12 00:50:02]         [IG] iter  4850/8000  loss=0.9815  elapsed=1087s  ETA=706s
[2026-04-12 00:50:14]         [IG] iter  4900/8000  loss=0.9821  elapsed=1099s  ETA=695s
[2026-04-12 00:50:25]         [IG] iter  4950/8000  loss=0.9802  elapsed=1111s  ETA=684s
[2026-04-12 00:50:37]         [IG] iter  5000/8000  loss=0.9818  elapsed=1122s  ETA=673s
[2026-04-12 00:50:49]         [IG] iter  5050/8000  loss=0.9822  elapsed=1134s  ETA=662s
[2026-04-12 00:51:01]         [IG] iter  5100/8000  loss=0.9774  elapsed=1146s  ETA=651s
[2026-04-12 00:51:12]         [IG] iter  5150/8000  loss=0.9765  elapsed=1157s  ETA=641s
[2026-04-12 00:51:24]         [IG] iter  5200/8000  loss=0.9727  elapsed=1169s  ETA=630s
[2026-04-12 00:51:36]         [IG] iter  5250/8000  loss=0.9784  elapsed=1181s  ETA=619s
[2026-04-12 00:51:47]         [IG] iter  5300/8000  loss=0.9791  elapsed=1192s  ETA=607s
[2026-04-12 00:51:58]         [IG] iter  5350/8000  loss=0.9799  elapsed=1203s  ETA=596s
[2026-04-12 00:52:10]         [IG] iter  5400/8000  loss=0.9848  elapsed=1215s  ETA=585s
[2026-04-12 00:52:22]         [IG] iter  5450/8000  loss=0.9744  elapsed=1227s  ETA=574s
[2026-04-12 00:52:33]         [IG] iter  5500/8000  loss=0.9807  elapsed=1238s  ETA=563s
[2026-04-12 00:52:45]         [IG] iter  5550/8000  loss=0.9757  elapsed=1250s  ETA=552s
[2026-04-12 00:52:57]         [IG] iter  5600/8000  loss=0.9826  elapsed=1262s  ETA=541s
[2026-04-12 00:53:08]         [IG] iter  5650/8000  loss=0.9777  elapsed=1274s  ETA=530s
[2026-04-12 00:53:20]         [IG] iter  5700/8000  loss=0.9791  elapsed=1285s  ETA=518s
[2026-04-12 00:53:31]         [IG] iter  5750/8000  loss=0.9838  elapsed=1296s  ETA=507s
[2026-04-12 00:53:42]         [IG] iter  5800/8000  loss=0.9834  elapsed=1308s  ETA=496s
[2026-04-12 00:53:54]         [IG] iter  5850/8000  loss=0.9839  elapsed=1319s  ETA=485s
[2026-04-12 00:54:05]         [IG] iter  5900/8000  loss=0.9806  elapsed=1330s  ETA=473s
[2026-04-12 00:54:16]         [IG] iter  5950/8000  loss=0.9842  elapsed=1342s  ETA=462s
[2026-04-12 00:54:28]         [IG] iter  6000/8000  loss=0.9877  elapsed=1353s  ETA=451s
[2026-04-12 00:54:40]         [IG] iter  6050/8000  loss=0.9827  elapsed=1365s  ETA=440s
[2026-04-12 00:54:51]         [IG] iter  6100/8000  loss=0.9834  elapsed=1376s  ETA=429s
[2026-04-12 00:55:03]         [IG] iter  6150/8000  loss=0.9796  elapsed=1388s  ETA=418s
[2026-04-12 00:55:15]         [IG] iter  6200/8000  loss=0.9835  elapsed=1400s  ETA=406s
[2026-04-12 00:55:26]         [IG] iter  6250/8000  loss=0.9791  elapsed=1411s  ETA=395s
[2026-04-12 00:55:38]         [IG] iter  6300/8000  loss=0.9777  elapsed=1423s  ETA=384s
[2026-04-12 00:55:49]         [IG] iter  6350/8000  loss=0.9845  elapsed=1434s  ETA=373s
[2026-04-12 00:56:00]         [IG] iter  6400/8000  loss=0.9815  elapsed=1445s  ETA=361s
[2026-04-12 00:56:12]         [IG] iter  6450/8000  loss=0.9814  elapsed=1457s  ETA=350s
[2026-04-12 00:56:23]         [IG] iter  6500/8000  loss=0.9868  elapsed=1468s  ETA=339s
[2026-04-12 00:56:35]         [IG] iter  6550/8000  loss=0.9843  elapsed=1480s  ETA=328s
[2026-04-12 00:56:46]         [IG] iter  6600/8000  loss=0.9826  elapsed=1491s  ETA=316s
[2026-04-12 00:56:57]         [IG] iter  6650/8000  loss=0.9827  elapsed=1503s  ETA=305s
[2026-04-12 00:57:09]         [IG] iter  6700/8000  loss=0.9803  elapsed=1514s  ETA=294s
[2026-04-12 00:57:20]         [IG] iter  6750/8000  loss=0.9792  elapsed=1525s  ETA=282s
[2026-04-12 00:57:31]         [IG] iter  6800/8000  loss=0.9851  elapsed=1536s  ETA=271s
[2026-04-12 00:57:43]         [IG] iter  6850/8000  loss=0.9880  elapsed=1548s  ETA=260s
[2026-04-12 00:57:54]         [IG] iter  6900/8000  loss=0.9847  elapsed=1559s  ETA=249s
[2026-04-12 00:58:05]         [IG] iter  6950/8000  loss=0.9760  elapsed=1570s  ETA=237s
[2026-04-12 00:58:17]         [IG] iter  7000/8000  loss=0.9747  elapsed=1582s  ETA=226s
[2026-04-12 00:58:28]         [IG] iter  7050/8000  loss=0.9749  elapsed=1593s  ETA=215s
[2026-04-12 00:58:39]         [IG] iter  7100/8000  loss=0.9823  elapsed=1605s  ETA=203s
[2026-04-12 00:58:51]         [IG] iter  7150/8000  loss=0.9801  elapsed=1616s  ETA=192s
[2026-04-12 00:59:02]         [IG] iter  7200/8000  loss=0.9837  elapsed=1627s  ETA=181s
[2026-04-12 00:59:13]         [IG] iter  7250/8000  loss=0.9855  elapsed=1638s  ETA=169s
[2026-04-12 00:59:25]         [IG] iter  7300/8000  loss=0.9753  elapsed=1650s  ETA=158s
[2026-04-12 00:59:36]         [IG] iter  7350/8000  loss=0.9836  elapsed=1661s  ETA=147s
[2026-04-12 00:59:47]         [IG] iter  7400/8000  loss=0.9903  elapsed=1672s  ETA=136s
[2026-04-12 00:59:59]         [IG] iter  7450/8000  loss=0.9766  elapsed=1684s  ETA=124s
[2026-04-12 01:00:11]         [IG] iter  7500/8000  loss=0.9789  elapsed=1696s  ETA=113s
[2026-04-12 01:00:22]         [IG] iter  7550/8000  loss=0.9904  elapsed=1707s  ETA=102s
[2026-04-12 01:00:33]         [IG] iter  7600/8000  loss=0.9781  elapsed=1718s  ETA=90s
[2026-04-12 01:00:45]         [IG] iter  7650/8000  loss=0.9811  elapsed=1730s  ETA=79s
[2026-04-12 01:00:56]         [IG] iter  7700/8000  loss=0.9821  elapsed=1741s  ETA=68s
[2026-04-12 01:01:07]         [IG] iter  7750/8000  loss=0.9790  elapsed=1753s  ETA=57s
[2026-04-12 01:01:19]         [IG] iter  7800/8000  loss=0.9769  elapsed=1764s  ETA=45s
[2026-04-12 01:01:31]         [IG] iter  7850/8000  loss=0.9793  elapsed=1776s  ETA=34s
[2026-04-12 01:01:42]         [IG] iter  7900/8000  loss=0.9885  elapsed=1787s  ETA=23s
[2026-04-12 01:01:54]         [IG] iter  7950/8000  loss=0.9835  elapsed=1799s  ETA=11s
[2026-04-12 01:02:05]         [IG] iter  8000/8000  loss=0.9841  elapsed=1810s  ETA=0s
[2026-04-12 01:02:05]         [IG] restart 1 done — final loss=0.9841
[2026-04-12 01:02:05]       [none/no-defense] img 2/10 — attack done in 1809.9s
[2026-04-12 01:02:05]       [none/no-defense] img 2/10 — PSNR=7.55  SSIM=0.0383  LPIPS=0.3368
[2026-04-12 01:02:05]       [none/no-defense] img 3/10 — computing true gradient...
[2026-04-12 01:02:05]       [none/no-defense] img 3/10 — applying defense: none ...
[2026-04-12 01:02:05]       [none/no-defense] img 3/10 — running IG attack...
[2026-04-12 01:02:05]         [IG] restart 1/1 — 8000 iterations ...
[2026-04-12 01:02:16]         [IG] iter    50/8000  loss=0.9860  elapsed=11s  ETA=1776s
[2026-04-12 01:02:27]         [IG] iter   100/8000  loss=0.9794  elapsed=22s  ETA=1773s
[2026-04-12 01:02:39]         [IG] iter   150/8000  loss=0.9810  elapsed=34s  ETA=1768s
[2026-04-12 01:02:51]         [IG] iter   200/8000  loss=0.9822  elapsed=46s  ETA=1777s
[2026-04-12 01:03:02]         [IG] iter   250/8000  loss=0.9854  elapsed=57s  ETA=1782s
[2026-04-12 01:03:14]         [IG] iter   300/8000  loss=0.9825  elapsed=69s  ETA=1782s
[2026-04-12 01:03:26]         [IG] iter   350/8000  loss=0.9691  elapsed=81s  ETA=1776s
[2026-04-12 01:03:38]         [IG] iter   400/8000  loss=0.9881  elapsed=93s  ETA=1767s
[2026-04-12 01:03:50]         [IG] iter   450/8000  loss=0.9738  elapsed=105s  ETA=1756s
[2026-04-12 01:04:01]         [IG] iter   500/8000  loss=0.9657  elapsed=116s  ETA=1745s
[2026-04-12 01:04:13]         [IG] iter   550/8000  loss=0.9733  elapsed=128s  ETA=1735s
[2026-04-12 01:04:25]         [IG] iter   600/8000  loss=0.9761  elapsed=140s  ETA=1725s
[2026-04-12 01:04:37]         [IG] iter   650/8000  loss=0.9738  elapsed=152s  ETA=1715s
[2026-04-12 01:04:48]         [IG] iter   700/8000  loss=0.9819  elapsed=163s  ETA=1704s
[2026-04-12 01:05:00]         [IG] iter   750/8000  loss=0.9806  elapsed=175s  ETA=1692s
[2026-04-12 01:05:12]         [IG] iter   800/8000  loss=0.9794  elapsed=187s  ETA=1681s
[2026-04-12 01:05:23]         [IG] iter   850/8000  loss=0.9760  elapsed=198s  ETA=1667s
[2026-04-12 01:05:34]         [IG] iter   900/8000  loss=0.9869  elapsed=209s  ETA=1652s
[2026-04-12 01:05:46]         [IG] iter   950/8000  loss=0.9764  elapsed=221s  ETA=1638s
[2026-04-12 01:05:57]         [IG] iter  1000/8000  loss=0.9770  elapsed=232s  ETA=1624s
[2026-04-12 01:06:08]         [IG] iter  1050/8000  loss=0.9783  elapsed=243s  ETA=1607s
[2026-04-12 01:06:19]         [IG] iter  1100/8000  loss=0.9768  elapsed=254s  ETA=1591s
[2026-04-12 01:06:30]         [IG] iter  1150/8000  loss=0.9774  elapsed=265s  ETA=1577s
[2026-04-12 01:06:41]         [IG] iter  1200/8000  loss=0.9812  elapsed=276s  ETA=1564s
[2026-04-12 01:06:52]         [IG] iter  1250/8000  loss=0.9828  elapsed=287s  ETA=1550s
[2026-04-12 01:07:03]         [IG] iter  1300/8000  loss=0.9763  elapsed=298s  ETA=1538s
[2026-04-12 01:07:14]         [IG] iter  1350/8000  loss=0.9810  elapsed=309s  ETA=1524s
[2026-04-12 01:07:26]         [IG] iter  1400/8000  loss=0.9689  elapsed=321s  ETA=1513s
[2026-04-12 01:07:37]         [IG] iter  1450/8000  loss=0.9643  elapsed=332s  ETA=1502s
[2026-04-12 01:07:49]         [IG] iter  1500/8000  loss=0.9739  elapsed=344s  ETA=1490s
[2026-04-12 01:08:01]         [IG] iter  1550/8000  loss=0.9687  elapsed=356s  ETA=1480s
[2026-04-12 01:08:12]         [IG] iter  1600/8000  loss=0.9799  elapsed=367s  ETA=1469s
[2026-04-12 01:08:24]         [IG] iter  1650/8000  loss=0.9792  elapsed=379s  ETA=1458s
[2026-04-12 01:08:35]         [IG] iter  1700/8000  loss=0.9805  elapsed=390s  ETA=1447s
[2026-04-12 01:08:47]         [IG] iter  1750/8000  loss=0.9684  elapsed=402s  ETA=1436s
[2026-04-12 01:08:59]         [IG] iter  1800/8000  loss=0.9765  elapsed=414s  ETA=1425s
[2026-04-12 01:09:10]         [IG] iter  1850/8000  loss=0.9734  elapsed=425s  ETA=1414s
[2026-04-12 01:09:22]         [IG] iter  1900/8000  loss=0.9848  elapsed=437s  ETA=1402s
[2026-04-12 01:09:33]         [IG] iter  1950/8000  loss=0.9800  elapsed=448s  ETA=1391s
[2026-04-12 01:09:45]         [IG] iter  2000/8000  loss=0.9793  elapsed=460s  ETA=1380s
[2026-04-12 01:09:57]         [IG] iter  2050/8000  loss=0.9709  elapsed=472s  ETA=1370s
[2026-04-12 01:10:08]         [IG] iter  2100/8000  loss=0.9850  elapsed=483s  ETA=1358s
[2026-04-12 01:10:20]         [IG] iter  2150/8000  loss=0.9731  elapsed=495s  ETA=1347s
[2026-04-12 01:10:32]         [IG] iter  2200/8000  loss=0.9644  elapsed=507s  ETA=1336s
[2026-04-12 01:10:43]         [IG] iter  2250/8000  loss=0.9720  elapsed=518s  ETA=1324s
[2026-04-12 01:10:55]         [IG] iter  2300/8000  loss=0.9770  elapsed=530s  ETA=1312s
[2026-04-12 01:11:06]         [IG] iter  2350/8000  loss=0.9827  elapsed=541s  ETA=1301s
[2026-04-12 01:11:18]         [IG] iter  2400/8000  loss=0.9754  elapsed=553s  ETA=1291s
[2026-04-12 01:11:30]         [IG] iter  2450/8000  loss=0.9705  elapsed=565s  ETA=1280s
[2026-04-12 01:11:42]         [IG] iter  2500/8000  loss=0.9731  elapsed=577s  ETA=1269s
[2026-04-12 01:11:53]         [IG] iter  2550/8000  loss=0.9775  elapsed=588s  ETA=1257s
[2026-04-12 01:12:05]         [IG] iter  2600/8000  loss=0.9774  elapsed=600s  ETA=1246s
[2026-04-12 01:12:16]         [IG] iter  2650/8000  loss=0.9849  elapsed=612s  ETA=1235s
[2026-04-12 01:12:28]         [IG] iter  2700/8000  loss=0.9845  elapsed=623s  ETA=1222s
[2026-04-12 01:12:39]         [IG] iter  2750/8000  loss=0.9765  elapsed=634s  ETA=1210s
[2026-04-12 01:12:50]         [IG] iter  2800/8000  loss=0.9797  elapsed=645s  ETA=1198s
[2026-04-12 01:13:01]         [IG] iter  2850/8000  loss=0.9895  elapsed=656s  ETA=1186s
[2026-04-12 01:13:12]         [IG] iter  2900/8000  loss=0.9853  elapsed=667s  ETA=1174s
[2026-04-12 01:13:24]         [IG] iter  2950/8000  loss=0.9854  elapsed=679s  ETA=1162s
[2026-04-12 01:13:35]         [IG] iter  3000/8000  loss=0.9858  elapsed=690s  ETA=1150s
[2026-04-12 01:13:47]         [IG] iter  3050/8000  loss=0.9771  elapsed=702s  ETA=1139s
[2026-04-12 01:13:58]         [IG] iter  3100/8000  loss=0.9773  elapsed=713s  ETA=1128s
[2026-04-12 01:14:10]         [IG] iter  3150/8000  loss=0.9757  elapsed=725s  ETA=1116s
[2026-04-12 01:14:21]         [IG] iter  3200/8000  loss=0.9765  elapsed=736s  ETA=1104s
[2026-04-12 01:14:32]         [IG] iter  3250/8000  loss=0.9827  elapsed=747s  ETA=1092s
[2026-04-12 01:14:43]         [IG] iter  3300/8000  loss=0.9794  elapsed=758s  ETA=1079s
[2026-04-12 01:14:54]         [IG] iter  3350/8000  loss=0.9848  elapsed=769s  ETA=1067s
[2026-04-12 01:15:05]         [IG] iter  3400/8000  loss=0.9713  elapsed=780s  ETA=1055s
[2026-04-12 01:15:16]         [IG] iter  3450/8000  loss=0.9737  elapsed=791s  ETA=1043s
[2026-04-12 01:15:27]         [IG] iter  3500/8000  loss=0.9727  elapsed=802s  ETA=1031s
[2026-04-12 01:15:38]         [IG] iter  3550/8000  loss=0.9676  elapsed=813s  ETA=1019s
[2026-04-12 01:15:49]         [IG] iter  3600/8000  loss=0.9755  elapsed=824s  ETA=1007s
[2026-04-12 01:16:00]         [IG] iter  3650/8000  loss=0.9741  elapsed=836s  ETA=996s
[2026-04-12 01:16:12]         [IG] iter  3700/8000  loss=0.9778  elapsed=847s  ETA=984s
[2026-04-12 01:16:23]         [IG] iter  3750/8000  loss=0.9794  elapsed=858s  ETA=973s
[2026-04-12 01:16:34]         [IG] iter  3800/8000  loss=0.9833  elapsed=869s  ETA=961s
[2026-04-12 01:16:46]         [IG] iter  3850/8000  loss=0.9707  elapsed=881s  ETA=949s
[2026-04-12 01:16:57]         [IG] iter  3900/8000  loss=0.9813  elapsed=892s  ETA=938s
[2026-04-12 01:17:08]         [IG] iter  3950/8000  loss=0.9834  elapsed=903s  ETA=926s
[2026-04-12 01:17:19]         [IG] iter  4000/8000  loss=0.9833  elapsed=914s  ETA=914s
[2026-04-12 01:17:29]         [IG] iter  4050/8000  loss=0.9809  elapsed=924s  ETA=902s
[2026-04-12 01:17:40]         [IG] iter  4100/8000  loss=0.9844  elapsed=935s  ETA=890s
[2026-04-12 01:17:51]         [IG] iter  4150/8000  loss=0.9748  elapsed=946s  ETA=878s
[2026-04-12 01:18:03]         [IG] iter  4200/8000  loss=0.9833  elapsed=958s  ETA=867s
[2026-04-12 01:18:14]         [IG] iter  4250/8000  loss=0.9677  elapsed=969s  ETA=855s
[2026-04-12 01:18:25]         [IG] iter  4300/8000  loss=0.9809  elapsed=980s  ETA=843s
[2026-04-12 01:18:37]         [IG] iter  4350/8000  loss=0.9827  elapsed=992s  ETA=832s
[2026-04-12 01:18:48]         [IG] iter  4400/8000  loss=0.9747  elapsed=1003s  ETA=820s
[2026-04-12 01:19:00]         [IG] iter  4450/8000  loss=0.9752  elapsed=1015s  ETA=809s
[2026-04-12 01:19:11]         [IG] iter  4500/8000  loss=0.9850  elapsed=1026s  ETA=798s
[2026-04-12 01:19:22]         [IG] iter  4550/8000  loss=0.9768  elapsed=1037s  ETA=786s
[2026-04-12 01:19:33]         [IG] iter  4600/8000  loss=0.9779  elapsed=1048s  ETA=775s
[2026-04-12 01:19:44]         [IG] iter  4650/8000  loss=0.9771  elapsed=1059s  ETA=763s
[2026-04-12 01:19:56]         [IG] iter  4700/8000  loss=0.9753  elapsed=1071s  ETA=752s
[2026-04-12 01:20:07]         [IG] iter  4750/8000  loss=0.9682  elapsed=1082s  ETA=741s
[2026-04-12 01:20:19]         [IG] iter  4800/8000  loss=0.9805  elapsed=1094s  ETA=729s
[2026-04-12 01:20:31]         [IG] iter  4850/8000  loss=0.9685  elapsed=1106s  ETA=718s
[2026-04-12 01:20:42]         [IG] iter  4900/8000  loss=0.9781  elapsed=1117s  ETA=707s
[2026-04-12 01:20:54]         [IG] iter  4950/8000  loss=0.9749  elapsed=1129s  ETA=695s
[2026-04-12 01:21:05]         [IG] iter  5000/8000  loss=0.9778  elapsed=1140s  ETA=684s
[2026-04-12 01:21:16]         [IG] iter  5050/8000  loss=0.9839  elapsed=1151s  ETA=672s
[2026-04-12 01:21:28]         [IG] iter  5100/8000  loss=0.9837  elapsed=1163s  ETA=661s
[2026-04-12 01:21:39]         [IG] iter  5150/8000  loss=0.9799  elapsed=1174s  ETA=650s
[2026-04-12 01:21:50]         [IG] iter  5200/8000  loss=0.9755  elapsed=1185s  ETA=638s
[2026-04-12 01:22:01]         [IG] iter  5250/8000  loss=0.9724  elapsed=1197s  ETA=627s
[2026-04-12 01:22:13]         [IG] iter  5300/8000  loss=0.9742  elapsed=1208s  ETA=615s
[2026-04-12 01:22:24]         [IG] iter  5350/8000  loss=0.9766  elapsed=1219s  ETA=604s
[2026-04-12 01:22:35]         [IG] iter  5400/8000  loss=0.9784  elapsed=1230s  ETA=592s
[2026-04-12 01:22:47]         [IG] iter  5450/8000  loss=0.9798  elapsed=1242s  ETA=581s
[2026-04-12 01:22:58]         [IG] iter  5500/8000  loss=0.9799  elapsed=1253s  ETA=570s
[2026-04-12 01:23:09]         [IG] iter  5550/8000  loss=0.9790  elapsed=1264s  ETA=558s
[2026-04-12 01:23:21]         [IG] iter  5600/8000  loss=0.9867  elapsed=1276s  ETA=547s
[2026-04-12 01:23:32]         [IG] iter  5650/8000  loss=0.9694  elapsed=1287s  ETA=535s
[2026-04-12 01:23:43]         [IG] iter  5700/8000  loss=0.9725  elapsed=1298s  ETA=524s
[2026-04-12 01:23:55]         [IG] iter  5750/8000  loss=0.9787  elapsed=1310s  ETA=512s
[2026-04-12 01:24:06]         [IG] iter  5800/8000  loss=0.9843  elapsed=1321s  ETA=501s
[2026-04-12 01:24:17]         [IG] iter  5850/8000  loss=0.9806  elapsed=1332s  ETA=490s
[2026-04-12 01:24:29]         [IG] iter  5900/8000  loss=0.9793  elapsed=1344s  ETA=478s
[2026-04-12 01:24:41]         [IG] iter  5950/8000  loss=0.9763  elapsed=1356s  ETA=467s
[2026-04-12 01:24:52]         [IG] iter  6000/8000  loss=0.9816  elapsed=1367s  ETA=456s
[2026-04-12 01:25:04]         [IG] iter  6050/8000  loss=0.9762  elapsed=1379s  ETA=444s
[2026-04-12 01:25:15]         [IG] iter  6100/8000  loss=0.9736  elapsed=1390s  ETA=433s
[2026-04-12 01:25:26]         [IG] iter  6150/8000  loss=0.9808  elapsed=1401s  ETA=421s
[2026-04-12 01:25:37]         [IG] iter  6200/8000  loss=0.9741  elapsed=1412s  ETA=410s
[2026-04-12 01:25:49]         [IG] iter  6250/8000  loss=0.9790  elapsed=1424s  ETA=399s
[2026-04-12 01:26:00]         [IG] iter  6300/8000  loss=0.9790  elapsed=1435s  ETA=387s
[2026-04-12 01:26:11]         [IG] iter  6350/8000  loss=0.9749  elapsed=1446s  ETA=376s
[2026-04-12 01:26:22]         [IG] iter  6400/8000  loss=0.9810  elapsed=1457s  ETA=364s
[2026-04-12 01:26:34]         [IG] iter  6450/8000  loss=0.9835  elapsed=1469s  ETA=353s
[2026-04-12 01:26:45]         [IG] iter  6500/8000  loss=0.9754  elapsed=1480s  ETA=342s
[2026-04-12 01:26:56]         [IG] iter  6550/8000  loss=0.9771  elapsed=1491s  ETA=330s
[2026-04-12 01:27:08]         [IG] iter  6600/8000  loss=0.9716  elapsed=1503s  ETA=319s
[2026-04-12 01:27:19]         [IG] iter  6650/8000  loss=0.9710  elapsed=1514s  ETA=307s
[2026-04-12 01:27:31]         [IG] iter  6700/8000  loss=0.9707  elapsed=1526s  ETA=296s
[2026-04-12 01:27:42]         [IG] iter  6750/8000  loss=0.9717  elapsed=1537s  ETA=285s
[2026-04-12 01:27:54]         [IG] iter  6800/8000  loss=0.9845  elapsed=1549s  ETA=273s
[2026-04-12 01:28:05]         [IG] iter  6850/8000  loss=0.9748  elapsed=1560s  ETA=262s
[2026-04-12 01:28:16]         [IG] iter  6900/8000  loss=0.9781  elapsed=1571s  ETA=250s
[2026-04-12 01:28:27]         [IG] iter  6950/8000  loss=0.9778  elapsed=1582s  ETA=239s
[2026-04-12 01:28:38]         [IG] iter  7000/8000  loss=0.9807  elapsed=1593s  ETA=228s
[2026-04-12 01:28:49]         [IG] iter  7050/8000  loss=0.9768  elapsed=1604s  ETA=216s
[2026-04-12 01:28:59]         [IG] iter  7100/8000  loss=0.9792  elapsed=1615s  ETA=205s
[2026-04-12 01:29:10]         [IG] iter  7150/8000  loss=0.9743  elapsed=1626s  ETA=193s
[2026-04-12 01:29:21]         [IG] iter  7200/8000  loss=0.9799  elapsed=1636s  ETA=182s
[2026-04-12 01:29:32]         [IG] iter  7250/8000  loss=0.9753  elapsed=1647s  ETA=170s
[2026-04-12 01:29:43]         [IG] iter  7300/8000  loss=0.9735  elapsed=1658s  ETA=159s
[2026-04-12 01:29:54]         [IG] iter  7350/8000  loss=0.9836  elapsed=1669s  ETA=148s
[2026-04-12 01:30:04]         [IG] iter  7400/8000  loss=0.9786  elapsed=1680s  ETA=136s
[2026-04-12 01:30:16]         [IG] iter  7450/8000  loss=0.9840  elapsed=1691s  ETA=125s
[2026-04-12 01:30:26]         [IG] iter  7500/8000  loss=0.9872  elapsed=1701s  ETA=113s
[2026-04-12 01:30:37]         [IG] iter  7550/8000  loss=0.9792  elapsed=1712s  ETA=102s
[2026-04-12 01:30:48]         [IG] iter  7600/8000  loss=0.9785  elapsed=1723s  ETA=91s
[2026-04-12 01:30:59]         [IG] iter  7650/8000  loss=0.9726  elapsed=1734s  ETA=79s
[2026-04-12 01:31:10]         [IG] iter  7700/8000  loss=0.9801  elapsed=1745s  ETA=68s
[2026-04-12 01:31:22]         [IG] iter  7750/8000  loss=0.9777  elapsed=1757s  ETA=57s
[2026-04-12 01:31:33]         [IG] iter  7800/8000  loss=0.9864  elapsed=1768s  ETA=45s
[2026-04-12 01:31:45]         [IG] iter  7850/8000  loss=0.9767  elapsed=1780s  ETA=34s
[2026-04-12 01:31:56]         [IG] iter  7900/8000  loss=0.9764  elapsed=1791s  ETA=23s
[2026-04-12 01:32:08]         [IG] iter  7950/8000  loss=0.9766  elapsed=1803s  ETA=11s
[2026-04-12 01:32:20]         [IG] iter  8000/8000  loss=0.9790  elapsed=1815s  ETA=0s
[2026-04-12 01:32:20]         [IG] restart 1 done — final loss=0.9790
[2026-04-12 01:32:20]       [none/no-defense] img 3/10 — attack done in 1814.6s
[2026-04-12 01:32:20]       [none/no-defense] img 3/10 — PSNR=7.16  SSIM=0.0277  LPIPS=0.2363
[2026-04-12 01:32:20]       [none/no-defense] img 4/10 — computing true gradient...
[2026-04-12 01:32:20]       [none/no-defense] img 4/10 — applying defense: none ...
[2026-04-12 01:32:20]       [none/no-defense] img 4/10 — running IG attack...
[2026-04-12 01:32:20]         [IG] restart 1/1 — 8000 iterations ...
[2026-04-12 01:32:31]         [IG] iter    50/8000  loss=0.9951  elapsed=12s  ETA=1843s
[2026-04-12 01:32:43]         [IG] iter   100/8000  loss=0.9929  elapsed=23s  ETA=1845s
[2026-04-12 01:32:54]         [IG] iter   150/8000  loss=0.9960  elapsed=34s  ETA=1799s
[2026-04-12 01:33:05]         [IG] iter   200/8000  loss=0.9865  elapsed=45s  ETA=1767s
[2026-04-12 01:33:16]         [IG] iter   250/8000  loss=0.9866  elapsed=56s  ETA=1744s
[2026-04-12 01:33:27]         [IG] iter   300/8000  loss=0.9903  elapsed=67s  ETA=1723s
[2026-04-12 01:33:38]         [IG] iter   350/8000  loss=0.9973  elapsed=78s  ETA=1707s
[2026-04-12 01:33:49]         [IG] iter   400/8000  loss=0.9821  elapsed=89s  ETA=1693s
[2026-04-12 01:34:00]         [IG] iter   450/8000  loss=0.9934  elapsed=100s  ETA=1683s
[2026-04-12 01:34:11]         [IG] iter   500/8000  loss=0.9892  elapsed=111s  ETA=1671s
[2026-04-12 01:34:22]         [IG] iter   550/8000  loss=0.9781  elapsed=123s  ETA=1660s
[2026-04-12 01:34:34]         [IG] iter   600/8000  loss=0.9889  elapsed=134s  ETA=1653s
[2026-04-12 01:34:46]         [IG] iter   650/8000  loss=0.9940  elapsed=146s  ETA=1650s
[2026-04-12 01:34:58]         [IG] iter   700/8000  loss=0.9826  elapsed=158s  ETA=1645s
[2026-04-12 01:35:09]         [IG] iter   750/8000  loss=0.9903  elapsed=170s  ETA=1640s
[2026-04-12 01:35:21]         [IG] iter   800/8000  loss=0.9939  elapsed=181s  ETA=1628s
[2026-04-12 01:35:32]         [IG] iter   850/8000  loss=0.9846  elapsed=192s  ETA=1619s
[2026-04-12 01:35:44]         [IG] iter   900/8000  loss=0.9958  elapsed=204s  ETA=1611s
[2026-04-12 01:35:56]         [IG] iter   950/8000  loss=0.9866  elapsed=216s  ETA=1603s
[2026-04-12 01:36:08]         [IG] iter  1000/8000  loss=0.9809  elapsed=228s  ETA=1594s
[2026-04-12 01:36:19]         [IG] iter  1050/8000  loss=0.9803  elapsed=239s  ETA=1581s
[2026-04-12 01:36:30]         [IG] iter  1100/8000  loss=0.9863  elapsed=250s  ETA=1568s
[2026-04-12 01:36:41]         [IG] iter  1150/8000  loss=0.9920  elapsed=261s  ETA=1554s
[2026-04-12 01:36:52]         [IG] iter  1200/8000  loss=0.9846  elapsed=272s  ETA=1541s
[2026-04-12 01:37:03]         [IG] iter  1250/8000  loss=0.9805  elapsed=283s  ETA=1530s
[2026-04-12 01:37:14]         [IG] iter  1300/8000  loss=0.9914  elapsed=294s  ETA=1518s
[2026-04-12 01:37:25]         [IG] iter  1350/8000  loss=0.9823  elapsed=305s  ETA=1505s
[2026-04-12 01:37:36]         [IG] iter  1400/8000  loss=0.9933  elapsed=316s  ETA=1492s
[2026-04-12 01:37:48]         [IG] iter  1450/8000  loss=0.9908  elapsed=328s  ETA=1481s
[2026-04-12 01:37:59]         [IG] iter  1500/8000  loss=0.9957  elapsed=339s  ETA=1470s
[2026-04-12 01:38:10]         [IG] iter  1550/8000  loss=0.9964  elapsed=350s  ETA=1458s
[2026-04-12 01:38:21]         [IG] iter  1600/8000  loss=0.9928  elapsed=362s  ETA=1446s
[2026-04-12 01:38:33]         [IG] iter  1650/8000  loss=0.9959  elapsed=373s  ETA=1435s
[2026-04-12 01:38:44]         [IG] iter  1700/8000  loss=0.9921  elapsed=384s  ETA=1423s
[2026-04-12 01:38:55]         [IG] iter  1750/8000  loss=0.9915  elapsed=396s  ETA=1413s
[2026-04-12 01:39:07]         [IG] iter  1800/8000  loss=0.9860  elapsed=407s  ETA=1401s
[2026-04-12 01:39:18]         [IG] iter  1850/8000  loss=0.9928  elapsed=418s  ETA=1389s
[2026-04-12 01:39:29]         [IG] iter  1900/8000  loss=0.9934  elapsed=429s  ETA=1378s
[2026-04-12 01:39:40]         [IG] iter  1950/8000  loss=0.9839  elapsed=440s  ETA=1366s
[2026-04-12 01:39:51]         [IG] iter  2000/8000  loss=0.9871  elapsed=452s  ETA=1355s
[2026-04-12 01:40:03]         [IG] iter  2050/8000  loss=0.9833  elapsed=463s  ETA=1343s
[2026-04-12 01:40:14]         [IG] iter  2100/8000  loss=0.9875  elapsed=474s  ETA=1332s
[2026-04-12 01:40:25]         [IG] iter  2150/8000  loss=0.9885  elapsed=485s  ETA=1320s
[2026-04-12 01:40:36]         [IG] iter  2200/8000  loss=0.9931  elapsed=497s  ETA=1309s
[2026-04-12 01:40:48]         [IG] iter  2250/8000  loss=0.9909  elapsed=508s  ETA=1298s
[2026-04-12 01:40:59]         [IG] iter  2300/8000  loss=0.9910  elapsed=519s  ETA=1286s
[2026-04-12 01:41:10]         [IG] iter  2350/8000  loss=0.9897  elapsed=530s  ETA=1274s
[2026-04-12 01:41:21]         [IG] iter  2400/8000  loss=0.9945  elapsed=541s  ETA=1262s
[2026-04-12 01:41:32]         [IG] iter  2450/8000  loss=0.9866  elapsed=552s  ETA=1251s
[2026-04-12 01:41:43]         [IG] iter  2500/8000  loss=0.9914  elapsed=564s  ETA=1240s
[2026-04-12 01:41:54]         [IG] iter  2550/8000  loss=0.9927  elapsed=574s  ETA=1228s
[2026-04-12 01:42:05]         [IG] iter  2600/8000  loss=0.9985  elapsed=585s  ETA=1216s
[2026-04-12 01:42:16]         [IG] iter  2650/8000  loss=0.9841  elapsed=596s  ETA=1204s
[2026-04-12 01:42:28]         [IG] iter  2700/8000  loss=0.9896  elapsed=608s  ETA=1194s
[2026-04-12 01:42:40]         [IG] iter  2750/8000  loss=0.9813  elapsed=620s  ETA=1183s
[2026-04-12 01:42:51]         [IG] iter  2800/8000  loss=0.9859  elapsed=631s  ETA=1173s
[2026-04-12 01:43:03]         [IG] iter  2850/8000  loss=0.9891  elapsed=643s  ETA=1162s
[2026-04-12 01:43:14]         [IG] iter  2900/8000  loss=0.9962  elapsed=655s  ETA=1151s
[2026-04-12 01:43:26]         [IG] iter  2950/8000  loss=0.9928  elapsed=666s  ETA=1141s
[2026-04-12 01:43:38]         [IG] iter  3000/8000  loss=0.9848  elapsed=678s  ETA=1130s
[2026-04-12 01:43:49]         [IG] iter  3050/8000  loss=0.9886  elapsed=689s  ETA=1119s
[2026-04-12 01:44:01]         [IG] iter  3100/8000  loss=0.9857  elapsed=701s  ETA=1108s
[2026-04-12 01:44:12]         [IG] iter  3150/8000  loss=0.9874  elapsed=712s  ETA=1096s
[2026-04-12 01:44:23]         [IG] iter  3200/8000  loss=0.9928  elapsed=723s  ETA=1085s
[2026-04-12 01:44:34]         [IG] iter  3250/8000  loss=0.9944  elapsed=734s  ETA=1073s
[2026-04-12 01:44:45]         [IG] iter  3300/8000  loss=0.9915  elapsed=745s  ETA=1061s
[2026-04-12 01:44:56]         [IG] iter  3350/8000  loss=0.9964  elapsed=756s  ETA=1049s
[2026-04-12 01:45:07]         [IG] iter  3400/8000  loss=0.9905  elapsed=767s  ETA=1038s
[2026-04-12 01:45:18]         [IG] iter  3450/8000  loss=0.9918  elapsed=778s  ETA=1026s
[2026-04-12 01:45:28]         [IG] iter  3500/8000  loss=0.9937  elapsed=789s  ETA=1014s
[2026-04-12 01:45:39]         [IG] iter  3550/8000  loss=0.9919  elapsed=799s  ETA=1002s
[2026-04-12 01:45:50]         [IG] iter  3600/8000  loss=1.0008  elapsed=811s  ETA=991s
[2026-04-12 01:46:02]         [IG] iter  3650/8000  loss=0.9960  elapsed=822s  ETA=980s
[2026-04-12 01:46:13]         [IG] iter  3700/8000  loss=0.9916  elapsed=833s  ETA=968s
[2026-04-12 01:46:24]         [IG] iter  3750/8000  loss=0.9850  elapsed=844s  ETA=957s
[2026-04-12 01:46:35]         [IG] iter  3800/8000  loss=0.9915  elapsed=856s  ETA=946s
[2026-04-12 01:46:47]         [IG] iter  3850/8000  loss=0.9946  elapsed=867s  ETA=934s
[2026-04-12 01:46:58]         [IG] iter  3900/8000  loss=0.9871  elapsed=878s  ETA=923s
[2026-04-12 01:47:09]         [IG] iter  3950/8000  loss=0.9888  elapsed=889s  ETA=912s
[2026-04-12 01:47:20]         [IG] iter  4000/8000  loss=0.9853  elapsed=901s  ETA=901s
[2026-04-12 01:47:32]         [IG] iter  4050/8000  loss=0.9884  elapsed=912s  ETA=889s
[2026-04-12 01:47:43]         [IG] iter  4100/8000  loss=0.9880  elapsed=923s  ETA=878s
[2026-04-12 01:47:54]         [IG] iter  4150/8000  loss=0.9926  elapsed=934s  ETA=867s
[2026-04-12 01:48:05]         [IG] iter  4200/8000  loss=0.9879  elapsed=945s  ETA=855s
[2026-04-12 01:48:16]         [IG] iter  4250/8000  loss=0.9912  elapsed=956s  ETA=844s
[2026-04-12 01:48:27]         [IG] iter  4300/8000  loss=0.9898  elapsed=967s  ETA=832s
[2026-04-12 01:48:38]         [IG] iter  4350/8000  loss=0.9953  elapsed=978s  ETA=821s
[2026-04-12 01:48:49]         [IG] iter  4400/8000  loss=0.9940  elapsed=989s  ETA=809s
[2026-04-12 01:49:00]         [IG] iter  4450/8000  loss=0.9870  elapsed=1000s  ETA=798s
[2026-04-12 01:49:11]         [IG] iter  4500/8000  loss=0.9894  elapsed=1011s  ETA=786s
[2026-04-12 01:49:22]         [IG] iter  4550/8000  loss=0.9951  elapsed=1022s  ETA=775s
[2026-04-12 01:49:33]         [IG] iter  4600/8000  loss=0.9886  elapsed=1033s  ETA=764s
[2026-04-12 01:49:44]         [IG] iter  4650/8000  loss=0.9937  elapsed=1044s  ETA=752s
[2026-04-12 01:49:55]         [IG] iter  4700/8000  loss=0.9930  elapsed=1055s  ETA=741s
[2026-04-12 01:50:06]         [IG] iter  4750/8000  loss=0.9892  elapsed=1066s  ETA=729s
[2026-04-12 01:50:17]         [IG] iter  4800/8000  loss=0.9892  elapsed=1077s  ETA=718s
[2026-04-12 01:50:27]         [IG] iter  4850/8000  loss=0.9918  elapsed=1088s  ETA=706s
[2026-04-12 01:50:38]         [IG] iter  4900/8000  loss=0.9892  elapsed=1099s  ETA=695s
[2026-04-12 01:50:49]         [IG] iter  4950/8000  loss=0.9898  elapsed=1110s  ETA=684s
[2026-04-12 01:51:00]         [IG] iter  5000/8000  loss=0.9900  elapsed=1121s  ETA=672s
[2026-04-12 01:51:11]         [IG] iter  5050/8000  loss=0.9928  elapsed=1131s  ETA=661s
[2026-04-12 01:51:22]         [IG] iter  5100/8000  loss=0.9907  elapsed=1142s  ETA=650s
[2026-04-12 01:51:33]         [IG] iter  5150/8000  loss=0.9866  elapsed=1153s  ETA=638s
[2026-04-12 01:51:44]         [IG] iter  5200/8000  loss=0.9898  elapsed=1164s  ETA=627s
[2026-04-12 01:51:55]         [IG] iter  5250/8000  loss=0.9910  elapsed=1175s  ETA=616s
[2026-04-12 01:52:06]         [IG] iter  5300/8000  loss=0.9949  elapsed=1186s  ETA=604s
[2026-04-12 01:52:17]         [IG] iter  5350/8000  loss=0.9888  elapsed=1197s  ETA=593s
[2026-04-12 01:52:28]         [IG] iter  5400/8000  loss=0.9969  elapsed=1208s  ETA=582s
[2026-04-12 01:52:39]         [IG] iter  5450/8000  loss=0.9951  elapsed=1219s  ETA=570s
[2026-04-12 01:52:50]         [IG] iter  5500/8000  loss=0.9884  elapsed=1230s  ETA=559s
[2026-04-12 01:53:01]         [IG] iter  5550/8000  loss=0.9970  elapsed=1241s  ETA=548s
[2026-04-12 01:53:12]         [IG] iter  5600/8000  loss=0.9938  elapsed=1252s  ETA=537s
[2026-04-12 01:53:23]         [IG] iter  5650/8000  loss=0.9883  elapsed=1263s  ETA=525s
[2026-04-12 01:53:35]         [IG] iter  5700/8000  loss=0.9936  elapsed=1275s  ETA=514s
[2026-04-12 01:53:46]         [IG] iter  5750/8000  loss=0.9963  elapsed=1287s  ETA=503s
[2026-04-12 01:53:58]         [IG] iter  5800/8000  loss=0.9939  elapsed=1298s  ETA=492s
[2026-04-12 01:54:09]         [IG] iter  5850/8000  loss=0.9991  elapsed=1309s  ETA=481s
[2026-04-12 01:54:21]         [IG] iter  5900/8000  loss=0.9888  elapsed=1321s  ETA=470s
[2026-04-12 01:54:33]         [IG] iter  5950/8000  loss=0.9939  elapsed=1333s  ETA=459s
[2026-04-12 01:54:44]         [IG] iter  6000/8000  loss=0.9924  elapsed=1344s  ETA=448s
[2026-04-12 01:54:55]         [IG] iter  6050/8000  loss=0.9903  elapsed=1355s  ETA=437s
[2026-04-12 01:55:06]         [IG] iter  6100/8000  loss=0.9862  elapsed=1367s  ETA=426s
[2026-04-12 01:55:18]         [IG] iter  6150/8000  loss=0.9922  elapsed=1378s  ETA=414s
[2026-04-12 01:55:29]         [IG] iter  6200/8000  loss=0.9915  elapsed=1389s  ETA=403s
[2026-04-12 01:55:40]         [IG] iter  6250/8000  loss=0.9919  elapsed=1400s  ETA=392s
[2026-04-12 01:55:51]         [IG] iter  6300/8000  loss=0.9933  elapsed=1411s  ETA=381s
[2026-04-12 01:56:02]         [IG] iter  6350/8000  loss=0.9960  elapsed=1422s  ETA=370s
[2026-04-12 01:56:13]         [IG] iter  6400/8000  loss=0.9896  elapsed=1434s  ETA=358s
[2026-04-12 01:56:25]         [IG] iter  6450/8000  loss=0.9870  elapsed=1445s  ETA=347s
[2026-04-12 01:56:36]         [IG] iter  6500/8000  loss=0.9932  elapsed=1456s  ETA=336s
[2026-04-12 01:56:47]         [IG] iter  6550/8000  loss=0.9883  elapsed=1467s  ETA=325s
[2026-04-12 01:56:58]         [IG] iter  6600/8000  loss=0.9961  elapsed=1478s  ETA=314s
[2026-04-12 01:57:10]         [IG] iter  6650/8000  loss=0.9914  elapsed=1490s  ETA=302s
[2026-04-12 01:57:21]         [IG] iter  6700/8000  loss=0.9937  elapsed=1501s  ETA=291s
[2026-04-12 01:57:32]         [IG] iter  6750/8000  loss=0.9870  elapsed=1512s  ETA=280s
[2026-04-12 01:57:43]         [IG] iter  6800/8000  loss=0.9902  elapsed=1524s  ETA=269s
[2026-04-12 01:57:55]         [IG] iter  6850/8000  loss=0.9935  elapsed=1535s  ETA=258s
[2026-04-12 01:58:06]         [IG] iter  6900/8000  loss=0.9950  elapsed=1546s  ETA=246s
[2026-04-12 01:58:17]         [IG] iter  6950/8000  loss=0.9924  elapsed=1557s  ETA=235s
[2026-04-12 01:58:28]         [IG] iter  7000/8000  loss=0.9910  elapsed=1568s  ETA=224s
[2026-04-12 01:58:39]         [IG] iter  7050/8000  loss=0.9906  elapsed=1579s  ETA=213s
[2026-04-12 01:58:49]         [IG] iter  7100/8000  loss=0.9856  elapsed=1590s  ETA=202s
[2026-04-12 01:59:00]         [IG] iter  7150/8000  loss=0.9929  elapsed=1601s  ETA=190s
[2026-04-12 01:59:11]         [IG] iter  7200/8000  loss=0.9901  elapsed=1611s  ETA=179s
[2026-04-12 01:59:22]         [IG] iter  7250/8000  loss=0.9944  elapsed=1622s  ETA=168s
[2026-04-12 01:59:33]         [IG] iter  7300/8000  loss=0.9954  elapsed=1633s  ETA=157s
[2026-04-12 01:59:44]         [IG] iter  7350/8000  loss=0.9915  elapsed=1645s  ETA=145s
[2026-04-12 01:59:55]         [IG] iter  7400/8000  loss=0.9903  elapsed=1656s  ETA=134s
[2026-04-12 02:00:06]         [IG] iter  7450/8000  loss=0.9950  elapsed=1667s  ETA=123s
[2026-04-12 02:00:17]         [IG] iter  7500/8000  loss=0.9948  elapsed=1677s  ETA=112s
[2026-04-12 02:00:28]         [IG] iter  7550/8000  loss=0.9944  elapsed=1688s  ETA=101s
[2026-04-12 02:00:39]         [IG] iter  7600/8000  loss=0.9895  elapsed=1700s  ETA=89s
[2026-04-12 02:00:50]         [IG] iter  7650/8000  loss=0.9942  elapsed=1710s  ETA=78s
[2026-04-12 02:01:01]         [IG] iter  7700/8000  loss=0.9932  elapsed=1721s  ETA=67s
[2026-04-12 02:01:12]         [IG] iter  7750/8000  loss=0.9894  elapsed=1732s  ETA=56s
[2026-04-12 02:01:21]         [IG] iter  7800/8000  loss=0.9964  elapsed=1742s  ETA=45s
[2026-04-12 02:01:31]         [IG] iter  7850/8000  loss=0.9934  elapsed=1752s  ETA=33s
[2026-04-12 02:01:42]         [IG] iter  7900/8000  loss=0.9914  elapsed=1762s  ETA=22s
[2026-04-12 02:01:54]         [IG] iter  7950/8000  loss=0.9904  elapsed=1774s  ETA=11s
[2026-04-12 02:02:05]         [IG] iter  8000/8000  loss=0.9898  elapsed=1785s  ETA=0s
[2026-04-12 02:02:05]         [IG] restart 1 done — final loss=0.9898
[2026-04-12 02:02:05]       [none/no-defense] img 4/10 — attack done in 1785.0s
[2026-04-12 02:02:05]       [none/no-defense] img 4/10 — PSNR=8.49  SSIM=0.0391  LPIPS=0.2492
[2026-04-12 02:02:05]       [none/no-defense] img 5/10 — computing true gradient...
[2026-04-12 02:02:05]       [none/no-defense] img 5/10 — applying defense: none ...
[2026-04-12 02:02:05]       [none/no-defense] img 5/10 — running IG attack...
[2026-04-12 02:02:05]         [IG] restart 1/1 — 8000 iterations ...
[2026-04-12 02:02:16]         [IG] iter    50/8000  loss=0.9984  elapsed=11s  ETA=1748s
[2026-04-12 02:02:27]         [IG] iter   100/8000  loss=0.9904  elapsed=22s  ETA=1718s
[2026-04-12 02:02:38]         [IG] iter   150/8000  loss=0.9866  elapsed=33s  ETA=1715s
[2026-04-12 02:02:49]         [IG] iter   200/8000  loss=0.9866  elapsed=44s  ETA=1716s
[2026-04-12 02:03:00]         [IG] iter   250/8000  loss=0.9897  elapsed=55s  ETA=1711s
[2026-04-12 02:03:11]         [IG] iter   300/8000  loss=0.9863  elapsed=66s  ETA=1705s
[2026-04-12 02:03:23]         [IG] iter   350/8000  loss=0.9907  elapsed=78s  ETA=1698s
[2026-04-12 02:03:34]         [IG] iter   400/8000  loss=0.9839  elapsed=89s  ETA=1691s
[2026-04-12 02:03:45]         [IG] iter   450/8000  loss=0.9900  elapsed=100s  ETA=1671s
[2026-04-12 02:03:55]         [IG] iter   500/8000  loss=0.9898  elapsed=110s  ETA=1651s
[2026-04-12 02:04:06]         [IG] iter   550/8000  loss=0.9927  elapsed=121s  ETA=1643s
[2026-04-12 02:04:17]         [IG] iter   600/8000  loss=0.9899  elapsed=133s  ETA=1634s
[2026-04-12 02:04:29]         [IG] iter   650/8000  loss=0.9795  elapsed=144s  ETA=1624s
[2026-04-12 02:04:40]         [IG] iter   700/8000  loss=0.9857  elapsed=155s  ETA=1614s
[2026-04-12 02:04:51]         [IG] iter   750/8000  loss=0.9873  elapsed=166s  ETA=1600s
[2026-04-12 02:05:01]         [IG] iter   800/8000  loss=0.9880  elapsed=176s  ETA=1587s
[2026-04-12 02:05:12]         [IG] iter   850/8000  loss=0.9812  elapsed=187s  ETA=1574s
[2026-04-12 02:05:23]         [IG] iter   900/8000  loss=0.9838  elapsed=198s  ETA=1561s
[2026-04-12 02:05:34]         [IG] iter   950/8000  loss=0.9958  elapsed=209s  ETA=1549s
[2026-04-12 02:05:45]         [IG] iter  1000/8000  loss=0.9903  elapsed=220s  ETA=1537s
[2026-04-12 02:05:55]         [IG] iter  1050/8000  loss=0.9883  elapsed=230s  ETA=1524s
[2026-04-12 02:06:06]         [IG] iter  1100/8000  loss=0.9826  elapsed=241s  ETA=1512s
[2026-04-12 02:06:17]         [IG] iter  1150/8000  loss=0.9874  elapsed=252s  ETA=1500s
[2026-04-12 02:06:28]         [IG] iter  1200/8000  loss=0.9971  elapsed=263s  ETA=1488s
[2026-04-12 02:06:39]         [IG] iter  1250/8000  loss=0.9795  elapsed=274s  ETA=1478s
[2026-04-12 02:06:49]         [IG] iter  1300/8000  loss=0.9825  elapsed=284s  ETA=1466s
[2026-04-12 02:07:00]         [IG] iter  1350/8000  loss=0.9910  elapsed=295s  ETA=1454s
[2026-04-12 02:07:11]         [IG] iter  1400/8000  loss=0.9832  elapsed=306s  ETA=1442s
[2026-04-12 02:07:21]         [IG] iter  1450/8000  loss=0.9858  elapsed=317s  ETA=1430s
[2026-04-12 02:07:32]         [IG] iter  1500/8000  loss=0.9883  elapsed=327s  ETA=1418s
[2026-04-12 02:07:43]         [IG] iter  1550/8000  loss=0.9905  elapsed=338s  ETA=1406s
[2026-04-12 02:07:54]         [IG] iter  1600/8000  loss=0.9848  elapsed=349s  ETA=1396s
[2026-04-12 02:08:05]         [IG] iter  1650/8000  loss=0.9882  elapsed=360s  ETA=1385s
[2026-04-12 02:08:16]         [IG] iter  1700/8000  loss=0.9948  elapsed=371s  ETA=1375s
[2026-04-12 02:08:27]         [IG] iter  1750/8000  loss=0.9901  elapsed=382s  ETA=1365s
[2026-04-12 02:08:38]         [IG] iter  1800/8000  loss=0.9904  elapsed=393s  ETA=1355s
[2026-04-12 02:08:50]         [IG] iter  1850/8000  loss=0.9919  elapsed=405s  ETA=1345s
[2026-04-12 02:09:01]         [IG] iter  1900/8000  loss=0.9913  elapsed=416s  ETA=1335s
[2026-04-12 02:09:12]         [IG] iter  1950/8000  loss=0.9937  elapsed=427s  ETA=1324s
[2026-04-12 02:09:23]         [IG] iter  2000/8000  loss=0.9905  elapsed=438s  ETA=1314s
[2026-04-12 02:09:34]         [IG] iter  2050/8000  loss=0.9857  elapsed=449s  ETA=1303s
[2026-04-12 02:09:45]         [IG] iter  2100/8000  loss=0.9864  elapsed=460s  ETA=1292s
[2026-04-12 02:09:56]         [IG] iter  2150/8000  loss=0.9863  elapsed=471s  ETA=1282s
[2026-04-12 02:10:07]         [IG] iter  2200/8000  loss=0.9840  elapsed=482s  ETA=1272s
[2026-04-12 02:10:19]         [IG] iter  2250/8000  loss=0.9859  elapsed=494s  ETA=1261s
[2026-04-12 02:10:30]         [IG] iter  2300/8000  loss=0.9873  elapsed=505s  ETA=1251s
[2026-04-12 02:10:41]         [IG] iter  2350/8000  loss=0.9881  elapsed=516s  ETA=1240s
[2026-04-12 02:10:52]         [IG] iter  2400/8000  loss=0.9861  elapsed=527s  ETA=1229s
[2026-04-12 02:11:03]         [IG] iter  2450/8000  loss=0.9988  elapsed=538s  ETA=1218s
[2026-04-12 02:11:13]         [IG] iter  2500/8000  loss=0.9836  elapsed=548s  ETA=1206s
[2026-04-12 02:11:24]         [IG] iter  2550/8000  loss=0.9836  elapsed=559s  ETA=1194s
[2026-04-12 02:11:35]         [IG] iter  2600/8000  loss=0.9941  elapsed=570s  ETA=1183s
[2026-04-12 02:11:45]         [IG] iter  2650/8000  loss=0.9862  elapsed=580s  ETA=1172s
[2026-04-12 02:11:56]         [IG] iter  2700/8000  loss=0.9922  elapsed=591s  ETA=1161s
[2026-04-12 02:12:07]         [IG] iter  2750/8000  loss=0.9913  elapsed=602s  ETA=1149s
[2026-04-12 02:12:18]         [IG] iter  2800/8000  loss=0.9825  elapsed=613s  ETA=1138s
[2026-04-12 02:12:29]         [IG] iter  2850/8000  loss=0.9903  elapsed=624s  ETA=1128s
[2026-04-12 02:12:40]         [IG] iter  2900/8000  loss=0.9824  elapsed=635s  ETA=1117s
[2026-04-12 02:12:51]         [IG] iter  2950/8000  loss=0.9874  elapsed=647s  ETA=1107s
[2026-04-12 02:13:03]         [IG] iter  3000/8000  loss=0.9883  elapsed=658s  ETA=1096s
[2026-04-12 02:13:14]         [IG] iter  3050/8000  loss=0.9846  elapsed=669s  ETA=1085s
[2026-04-12 02:13:25]         [IG] iter  3100/8000  loss=0.9888  elapsed=680s  ETA=1074s
[2026-04-12 02:13:35]         [IG] iter  3150/8000  loss=0.9904  elapsed=690s  ETA=1063s
[2026-04-12 02:13:46]         [IG] iter  3200/8000  loss=0.9903  elapsed=701s  ETA=1052s
[2026-04-12 02:13:58]         [IG] iter  3250/8000  loss=0.9939  elapsed=713s  ETA=1041s
[2026-04-12 02:14:09]         [IG] iter  3300/8000  loss=0.9909  elapsed=724s  ETA=1031s
[2026-04-12 02:14:19]         [IG] iter  3350/8000  loss=0.9854  elapsed=734s  ETA=1019s
[2026-04-12 02:14:30]         [IG] iter  3400/8000  loss=0.9887  elapsed=745s  ETA=1008s
[2026-04-12 02:14:41]         [IG] iter  3450/8000  loss=0.9907  elapsed=756s  ETA=997s
[2026-04-12 02:14:52]         [IG] iter  3500/8000  loss=0.9913  elapsed=767s  ETA=986s
[2026-04-12 02:15:03]         [IG] iter  3550/8000  loss=0.9841  elapsed=778s  ETA=975s
[2026-04-12 02:15:14]         [IG] iter  3600/8000  loss=0.9864  elapsed=789s  ETA=965s
[2026-04-12 02:15:26]         [IG] iter  3650/8000  loss=0.9828  elapsed=801s  ETA=954s
[2026-04-12 02:15:37]         [IG] iter  3700/8000  loss=0.9880  elapsed=812s  ETA=944s
[2026-04-12 02:15:48]         [IG] iter  3750/8000  loss=0.9837  elapsed=823s  ETA=933s
[2026-04-12 02:15:59]         [IG] iter  3800/8000  loss=0.9842  elapsed=834s  ETA=922s
[2026-04-12 02:16:10]         [IG] iter  3850/8000  loss=0.9847  elapsed=845s  ETA=911s
[2026-04-12 02:16:21]         [IG] iter  3900/8000  loss=0.9845  elapsed=856s  ETA=900s
[2026-04-12 02:16:32]         [IG] iter  3950/8000  loss=0.9845  elapsed=867s  ETA=889s
[2026-04-12 02:16:43]         [IG] iter  4000/8000  loss=0.9881  elapsed=878s  ETA=878s
[2026-04-12 02:16:55]         [IG] iter  4050/8000  loss=0.9869  elapsed=890s  ETA=868s
[2026-04-12 02:17:06]         [IG] iter  4100/8000  loss=0.9843  elapsed=901s  ETA=857s
[2026-04-12 02:17:17]         [IG] iter  4150/8000  loss=0.9821  elapsed=912s  ETA=846s
[2026-04-12 02:17:28]         [IG] iter  4200/8000  loss=0.9818  elapsed=923s  ETA=835s
[2026-04-12 02:17:38]         [IG] iter  4250/8000  loss=0.9825  elapsed=934s  ETA=824s
[2026-04-12 02:17:50]         [IG] iter  4300/8000  loss=0.9802  elapsed=945s  ETA=813s
[2026-04-12 02:18:01]         [IG] iter  4350/8000  loss=0.9872  elapsed=956s  ETA=802s
[2026-04-12 02:18:12]         [IG] iter  4400/8000  loss=0.9836  elapsed=967s  ETA=791s
[2026-04-12 02:18:23]         [IG] iter  4450/8000  loss=0.9863  elapsed=978s  ETA=780s
[2026-04-12 02:18:34]         [IG] iter  4500/8000  loss=0.9796  elapsed=989s  ETA=769s
[2026-04-12 02:18:45]         [IG] iter  4550/8000  loss=0.9814  elapsed=1000s  ETA=758s
[2026-04-12 02:18:55]         [IG] iter  4600/8000  loss=0.9854  elapsed=1011s  ETA=747s
[2026-04-12 02:19:06]         [IG] iter  4650/8000  loss=0.9862  elapsed=1021s  ETA=736s
[2026-04-12 02:19:17]         [IG] iter  4700/8000  loss=0.9790  elapsed=1032s  ETA=725s
[2026-04-12 02:19:28]         [IG] iter  4750/8000  loss=0.9850  elapsed=1043s  ETA=714s
[2026-04-12 02:19:39]         [IG] iter  4800/8000  loss=0.9874  elapsed=1054s  ETA=703s
[2026-04-12 02:19:50]         [IG] iter  4850/8000  loss=0.9823  elapsed=1065s  ETA=692s
[2026-04-12 02:20:01]         [IG] iter  4900/8000  loss=0.9847  elapsed=1076s  ETA=681s
[2026-04-12 02:20:12]         [IG] iter  4950/8000  loss=0.9900  elapsed=1087s  ETA=670s
[2026-04-12 02:20:24]         [IG] iter  5000/8000  loss=0.9895  elapsed=1099s  ETA=659s
[2026-04-12 02:20:35]         [IG] iter  5050/8000  loss=0.9852  elapsed=1110s  ETA=648s
[2026-04-12 02:20:46]         [IG] iter  5100/8000  loss=0.9820  elapsed=1121s  ETA=637s
[2026-04-12 02:20:57]         [IG] iter  5150/8000  loss=0.9844  elapsed=1132s  ETA=626s
[2026-04-12 02:21:08]         [IG] iter  5200/8000  loss=0.9837  elapsed=1143s  ETA=616s
[2026-04-12 02:21:19]         [IG] iter  5250/8000  loss=0.9883  elapsed=1154s  ETA=605s
[2026-04-12 02:21:31]         [IG] iter  5300/8000  loss=0.9885  elapsed=1166s  ETA=594s
[2026-04-12 02:21:42]         [IG] iter  5350/8000  loss=0.9825  elapsed=1177s  ETA=583s
[2026-04-12 02:21:54]         [IG] iter  5400/8000  loss=0.9808  elapsed=1189s  ETA=572s
[2026-04-12 02:22:05]         [IG] iter  5450/8000  loss=0.9811  elapsed=1200s  ETA=561s
[2026-04-12 02:22:16]         [IG] iter  5500/8000  loss=0.9862  elapsed=1211s  ETA=551s
[2026-04-12 02:22:27]         [IG] iter  5550/8000  loss=0.9830  elapsed=1222s  ETA=539s
[2026-04-12 02:22:38]         [IG] iter  5600/8000  loss=0.9813  elapsed=1233s  ETA=528s
[2026-04-12 02:22:49]         [IG] iter  5650/8000  loss=0.9869  elapsed=1244s  ETA=517s
[2026-04-12 02:23:01]         [IG] iter  5700/8000  loss=0.9877  elapsed=1256s  ETA=507s
[2026-04-12 02:23:12]         [IG] iter  5750/8000  loss=0.9829  elapsed=1267s  ETA=496s
[2026-04-12 02:23:23]         [IG] iter  5800/8000  loss=0.9869  elapsed=1278s  ETA=485s
[2026-04-12 02:23:34]         [IG] iter  5850/8000  loss=0.9842  elapsed=1289s  ETA=474s
[2026-04-12 02:23:45]         [IG] iter  5900/8000  loss=0.9844  elapsed=1300s  ETA=463s
[2026-04-12 02:23:56]         [IG] iter  5950/8000  loss=0.9848  elapsed=1311s  ETA=452s
[2026-04-12 02:24:07]         [IG] iter  6000/8000  loss=0.9830  elapsed=1322s  ETA=441s
[2026-04-12 02:24:18]         [IG] iter  6050/8000  loss=0.9842  elapsed=1333s  ETA=430s
[2026-04-12 02:24:29]         [IG] iter  6100/8000  loss=0.9876  elapsed=1344s  ETA=419s
[2026-04-12 02:24:40]         [IG] iter  6150/8000  loss=0.9825  elapsed=1355s  ETA=408s
[2026-04-12 02:24:51]         [IG] iter  6200/8000  loss=0.9860  elapsed=1366s  ETA=397s
[2026-04-12 02:25:02]         [IG] iter  6250/8000  loss=0.9877  elapsed=1377s  ETA=385s
[2026-04-12 02:25:13]         [IG] iter  6300/8000  loss=0.9919  elapsed=1388s  ETA=374s
[2026-04-12 02:25:23]         [IG] iter  6350/8000  loss=0.9839  elapsed=1398s  ETA=363s
[2026-04-12 02:25:34]         [IG] iter  6400/8000  loss=0.9841  elapsed=1409s  ETA=352s
[2026-04-12 02:25:45]         [IG] iter  6450/8000  loss=0.9889  elapsed=1420s  ETA=341s
[2026-04-12 02:25:56]         [IG] iter  6500/8000  loss=0.9854  elapsed=1431s  ETA=330s
[2026-04-12 02:26:07]         [IG] iter  6550/8000  loss=0.9842  elapsed=1442s  ETA=319s
[2026-04-12 02:26:18]         [IG] iter  6600/8000  loss=0.9862  elapsed=1453s  ETA=308s
[2026-04-12 02:26:29]         [IG] iter  6650/8000  loss=0.9841  elapsed=1465s  ETA=297s
[2026-04-12 02:26:40]         [IG] iter  6700/8000  loss=0.9873  elapsed=1475s  ETA=286s
[2026-04-12 02:26:51]         [IG] iter  6750/8000  loss=0.9877  elapsed=1486s  ETA=275s
[2026-04-12 02:27:02]         [IG] iter  6800/8000  loss=0.9859  elapsed=1497s  ETA=264s
[2026-04-12 02:27:13]         [IG] iter  6850/8000  loss=0.9875  elapsed=1508s  ETA=253s
[2026-04-12 02:27:23]         [IG] iter  6900/8000  loss=0.9835  elapsed=1518s  ETA=242s
[2026-04-12 02:27:34]         [IG] iter  6950/8000  loss=0.9890  elapsed=1529s  ETA=231s
[2026-04-12 02:27:46]         [IG] iter  7000/8000  loss=0.9811  elapsed=1541s  ETA=220s
[2026-04-12 02:27:57]         [IG] iter  7050/8000  loss=0.9865  elapsed=1552s  ETA=209s
[2026-04-12 02:28:09]         [IG] iter  7100/8000  loss=0.9856  elapsed=1564s  ETA=198s
[2026-04-12 02:28:20]         [IG] iter  7150/8000  loss=0.9903  elapsed=1575s  ETA=187s
[2026-04-12 02:28:31]         [IG] iter  7200/8000  loss=0.9888  elapsed=1586s  ETA=176s
[2026-04-12 02:28:42]         [IG] iter  7250/8000  loss=0.9881  elapsed=1597s  ETA=165s
[2026-04-12 02:28:54]         [IG] iter  7300/8000  loss=0.9898  elapsed=1609s  ETA=154s
[2026-04-12 02:29:05]         [IG] iter  7350/8000  loss=0.9899  elapsed=1620s  ETA=143s
[2026-04-12 02:29:16]         [IG] iter  7400/8000  loss=0.9850  elapsed=1631s  ETA=132s
[2026-04-12 02:29:27]         [IG] iter  7450/8000  loss=0.9903  elapsed=1643s  ETA=121s
[2026-04-12 02:29:39]         [IG] iter  7500/8000  loss=0.9880  elapsed=1654s  ETA=110s
[2026-04-12 02:29:50]         [IG] iter  7550/8000  loss=0.9841  elapsed=1665s  ETA=99s
[2026-04-12 02:30:02]         [IG] iter  7600/8000  loss=0.9855  elapsed=1677s  ETA=88s
[2026-04-12 02:30:13]         [IG] iter  7650/8000  loss=0.9854  elapsed=1688s  ETA=77s
[2026-04-12 02:30:24]         [IG] iter  7700/8000  loss=0.9820  elapsed=1699s  ETA=66s
[2026-04-12 02:30:35]         [IG] iter  7750/8000  loss=0.9848  elapsed=1710s  ETA=55s
[2026-04-12 02:30:46]         [IG] iter  7800/8000  loss=0.9865  elapsed=1721s  ETA=44s
[2026-04-12 02:30:57]         [IG] iter  7850/8000  loss=0.9882  elapsed=1732s  ETA=33s
[2026-04-12 02:31:08]         [IG] iter  7900/8000  loss=0.9855  elapsed=1744s  ETA=22s
[2026-04-12 02:31:19]         [IG] iter  7950/8000  loss=0.9833  elapsed=1755s  ETA=11s
[2026-04-12 02:31:31]         [IG] iter  8000/8000  loss=0.9875  elapsed=1766s  ETA=0s
[2026-04-12 02:31:31]         [IG] restart 1 done — final loss=0.9875
[2026-04-12 02:31:31]       [none/no-defense] img 5/10 — attack done in 1765.8s
[2026-04-12 02:31:31]       [none/no-defense] img 5/10 — PSNR=8.07  SSIM=-0.0006  LPIPS=0.2576
[2026-04-12 02:31:31]       [none/no-defense] img 6/10 — computing true gradient...
[2026-04-12 02:31:31]       [none/no-defense] img 6/10 — applying defense: none ...
[2026-04-12 02:31:31]       [none/no-defense] img 6/10 — running IG attack...
[2026-04-12 02:31:31]         [IG] restart 1/1 — 8000 iterations ...
[2026-04-12 02:31:42]         [IG] iter    50/8000  loss=0.9838  elapsed=11s  ETA=1804s
[2026-04-12 02:31:53]         [IG] iter   100/8000  loss=0.9900  elapsed=22s  ETA=1762s
[2026-04-12 02:32:04]         [IG] iter   150/8000  loss=0.9818  elapsed=33s  ETA=1739s
[2026-04-12 02:32:15]         [IG] iter   200/8000  loss=0.9805  elapsed=44s  ETA=1717s
[2026-04-12 02:32:26]         [IG] iter   250/8000  loss=0.9875  elapsed=55s  ETA=1700s
[2026-04-12 02:32:37]         [IG] iter   300/8000  loss=0.9835  elapsed=66s  ETA=1692s
[2026-04-12 02:32:48]         [IG] iter   350/8000  loss=0.9888  elapsed=77s  ETA=1688s
[2026-04-12 02:32:59]         [IG] iter   400/8000  loss=0.9794  elapsed=88s  ETA=1679s
[2026-04-12 02:33:11]         [IG] iter   450/8000  loss=0.9951  elapsed=100s  ETA=1674s
[2026-04-12 02:33:22]         [IG] iter   500/8000  loss=0.9817  elapsed=111s  ETA=1666s
[2026-04-12 02:33:33]         [IG] iter   550/8000  loss=0.9855  elapsed=122s  ETA=1659s
[2026-04-12 02:33:45]         [IG] iter   600/8000  loss=0.9863  elapsed=134s  ETA=1651s
[2026-04-12 02:33:56]         [IG] iter   650/8000  loss=0.9947  elapsed=145s  ETA=1640s
[2026-04-12 02:34:07]         [IG] iter   700/8000  loss=0.9866  elapsed=156s  ETA=1629s
[2026-04-12 02:34:18]         [IG] iter   750/8000  loss=0.9907  elapsed=167s  ETA=1616s
[2026-04-12 02:34:29]         [IG] iter   800/8000  loss=0.9872  elapsed=178s  ETA=1603s
[2026-04-12 02:34:40]         [IG] iter   850/8000  loss=0.9887  elapsed=189s  ETA=1590s
[2026-04-12 02:34:51]         [IG] iter   900/8000  loss=0.9909  elapsed=200s  ETA=1580s
[2026-04-12 02:35:03]         [IG] iter   950/8000  loss=0.9771  elapsed=212s  ETA=1570s
[2026-04-12 02:35:14]         [IG] iter  1000/8000  loss=0.9851  elapsed=223s  ETA=1559s
[2026-04-12 02:35:25]         [IG] iter  1050/8000  loss=0.9872  elapsed=234s  ETA=1546s
[2026-04-12 02:35:35]         [IG] iter  1100/8000  loss=0.9883  elapsed=245s  ETA=1534s
[2026-04-12 02:35:46]         [IG] iter  1150/8000  loss=0.9877  elapsed=255s  ETA=1521s
[2026-04-12 02:35:57]         [IG] iter  1200/8000  loss=0.9890  elapsed=266s  ETA=1509s
[2026-04-12 02:36:08]         [IG] iter  1250/8000  loss=0.9844  elapsed=277s  ETA=1497s
[2026-04-12 02:36:19]         [IG] iter  1300/8000  loss=0.9893  elapsed=288s  ETA=1486s
[2026-04-12 02:36:30]         [IG] iter  1350/8000  loss=0.9932  elapsed=299s  ETA=1474s
[2026-04-12 02:36:41]         [IG] iter  1400/8000  loss=0.9825  elapsed=310s  ETA=1462s
[2026-04-12 02:36:52]         [IG] iter  1450/8000  loss=0.9941  elapsed=321s  ETA=1450s
[2026-04-12 02:37:03]         [IG] iter  1500/8000  loss=0.9835  elapsed=332s  ETA=1437s
[2026-04-12 02:37:13]         [IG] iter  1550/8000  loss=0.9878  elapsed=343s  ETA=1425s
[2026-04-12 02:37:24]         [IG] iter  1600/8000  loss=0.9865  elapsed=353s  ETA=1413s
[2026-04-12 02:37:35]         [IG] iter  1650/8000  loss=0.9831  elapsed=364s  ETA=1402s
[2026-04-12 02:37:46]         [IG] iter  1700/8000  loss=0.9925  elapsed=375s  ETA=1391s
[2026-04-12 02:37:58]         [IG] iter  1750/8000  loss=0.9844  elapsed=387s  ETA=1381s
[2026-04-12 02:38:09]         [IG] iter  1800/8000  loss=0.9803  elapsed=398s  ETA=1371s
[2026-04-12 02:38:20]         [IG] iter  1850/8000  loss=0.9844  elapsed=409s  ETA=1361s
[2026-04-12 02:38:31]         [IG] iter  1900/8000  loss=0.9882  elapsed=420s  ETA=1349s
[2026-04-12 02:38:42]         [IG] iter  1950/8000  loss=0.9883  elapsed=431s  ETA=1338s
[2026-04-12 02:38:53]         [IG] iter  2000/8000  loss=0.9790  elapsed=442s  ETA=1327s
[2026-04-12 02:39:04]         [IG] iter  2050/8000  loss=0.9864  elapsed=454s  ETA=1316s
[2026-04-12 02:39:15]         [IG] iter  2100/8000  loss=0.9853  elapsed=465s  ETA=1305s
[2026-04-12 02:39:26]         [IG] iter  2150/8000  loss=0.9874  elapsed=475s  ETA=1294s
[2026-04-12 02:39:37]         [IG] iter  2200/8000  loss=0.9979  elapsed=486s  ETA=1282s
[2026-04-12 02:39:48]         [IG] iter  2250/8000  loss=0.9926  elapsed=497s  ETA=1271s
[2026-04-12 02:39:59]         [IG] iter  2300/8000  loss=0.9837  elapsed=508s  ETA=1259s
[2026-04-12 02:40:10]         [IG] iter  2350/8000  loss=0.9879  elapsed=519s  ETA=1248s
[2026-04-12 02:40:21]         [IG] iter  2400/8000  loss=0.9857  elapsed=531s  ETA=1238s
[2026-04-12 02:40:32]         [IG] iter  2450/8000  loss=0.9861  elapsed=541s  ETA=1227s
[2026-04-12 02:40:43]         [IG] iter  2500/8000  loss=0.9834  elapsed=552s  ETA=1215s
[2026-04-12 02:40:54]         [IG] iter  2550/8000  loss=0.9904  elapsed=563s  ETA=1203s
[2026-04-12 02:41:05]         [IG] iter  2600/8000  loss=0.9858  elapsed=574s  ETA=1192s
[2026-04-12 02:41:16]         [IG] iter  2650/8000  loss=0.9889  elapsed=585s  ETA=1181s
[2026-04-12 02:41:27]         [IG] iter  2700/8000  loss=0.9846  elapsed=596s  ETA=1171s
[2026-04-12 02:41:38]         [IG] iter  2750/8000  loss=0.9879  elapsed=608s  ETA=1160s
[2026-04-12 02:41:50]         [IG] iter  2800/8000  loss=0.9873  elapsed=619s  ETA=1149s
[2026-04-12 02:42:01]         [IG] iter  2850/8000  loss=0.9883  elapsed=630s  ETA=1139s
[2026-04-12 02:42:13]         [IG] iter  2900/8000  loss=0.9840  elapsed=642s  ETA=1129s
[2026-04-12 02:42:24]         [IG] iter  2950/8000  loss=0.9882  elapsed=653s  ETA=1118s
[2026-04-12 02:42:35]         [IG] iter  3000/8000  loss=0.9901  elapsed=664s  ETA=1107s
[2026-04-12 02:42:46]         [IG] iter  3050/8000  loss=0.9839  elapsed=675s  ETA=1095s
[2026-04-12 02:42:57]         [IG] iter  3100/8000  loss=0.9907  elapsed=686s  ETA=1084s
[2026-04-12 02:43:07]         [IG] iter  3150/8000  loss=0.9891  elapsed=696s  ETA=1072s
[2026-04-12 02:43:18]         [IG] iter  3200/8000  loss=0.9872  elapsed=707s  ETA=1061s
[2026-04-12 02:43:29]         [IG] iter  3250/8000  loss=0.9891  elapsed=718s  ETA=1049s
[2026-04-12 02:43:40]         [IG] iter  3300/8000  loss=0.9921  elapsed=729s  ETA=1038s
[2026-04-12 02:43:51]         [IG] iter  3350/8000  loss=0.9863  elapsed=740s  ETA=1027s
[2026-04-12 02:44:03]         [IG] iter  3400/8000  loss=0.9867  elapsed=752s  ETA=1017s
[2026-04-12 02:44:14]         [IG] iter  3450/8000  loss=0.9903  elapsed=763s  ETA=1007s
[2026-04-12 02:44:26]         [IG] iter  3500/8000  loss=0.9850  elapsed=775s  ETA=996s
[2026-04-12 02:44:36]         [IG] iter  3550/8000  loss=0.9863  elapsed=786s  ETA=985s
[2026-04-12 02:44:47]         [IG] iter  3600/8000  loss=0.9869  elapsed=796s  ETA=973s
[2026-04-12 02:44:58]         [IG] iter  3650/8000  loss=0.9882  elapsed=807s  ETA=962s
[2026-04-12 02:45:09]         [IG] iter  3700/8000  loss=0.9865  elapsed=818s  ETA=950s
[2026-04-12 02:45:20]         [IG] iter  3750/8000  loss=0.9847  elapsed=829s  ETA=939s
[2026-04-12 02:45:31]         [IG] iter  3800/8000  loss=0.9879  elapsed=840s  ETA=928s
[2026-04-12 02:45:42]         [IG] iter  3850/8000  loss=0.9896  elapsed=851s  ETA=917s
[2026-04-12 02:45:53]         [IG] iter  3900/8000  loss=0.9890  elapsed=862s  ETA=906s
[2026-04-12 02:46:04]         [IG] iter  3950/8000  loss=0.9865  elapsed=873s  ETA=895s
[2026-04-12 02:46:16]         [IG] iter  4000/8000  loss=0.9894  elapsed=885s  ETA=885s
[2026-04-12 02:46:27]         [IG] iter  4050/8000  loss=0.9941  elapsed=896s  ETA=874s
[2026-04-12 02:46:39]         [IG] iter  4100/8000  loss=0.9913  elapsed=908s  ETA=863s
[2026-04-12 02:46:50]         [IG] iter  4150/8000  loss=0.9852  elapsed=919s  ETA=853s
[2026-04-12 02:47:02]         [IG] iter  4200/8000  loss=0.9870  elapsed=931s  ETA=842s
[2026-04-12 02:47:13]         [IG] iter  4250/8000  loss=0.9824  elapsed=943s  ETA=832s
[2026-04-12 02:47:25]         [IG] iter  4300/8000  loss=0.9887  elapsed=954s  ETA=821s
[2026-04-12 02:47:36]         [IG] iter  4350/8000  loss=0.9781  elapsed=966s  ETA=810s
[2026-04-12 02:47:48]         [IG] iter  4400/8000  loss=0.9879  elapsed=977s  ETA=799s
[2026-04-12 02:47:59]         [IG] iter  4450/8000  loss=0.9879  elapsed=988s  ETA=789s
[2026-04-12 02:48:11]         [IG] iter  4500/8000  loss=0.9817  elapsed=1000s  ETA=778s
[2026-04-12 02:48:22]         [IG] iter  4550/8000  loss=0.9889  elapsed=1011s  ETA=767s
[2026-04-12 02:48:33]         [IG] iter  4600/8000  loss=0.9893  elapsed=1022s  ETA=756s
[2026-04-12 02:48:45]         [IG] iter  4650/8000  loss=0.9839  elapsed=1034s  ETA=745s
[2026-04-12 02:48:56]         [IG] iter  4700/8000  loss=0.9876  elapsed=1045s  ETA=734s
[2026-04-12 02:49:07]         [IG] iter  4750/8000  loss=0.9852  elapsed=1056s  ETA=723s
[2026-04-12 02:49:18]         [IG] iter  4800/8000  loss=0.9875  elapsed=1067s  ETA=712s
[2026-04-12 02:49:29]         [IG] iter  4850/8000  loss=0.9891  elapsed=1079s  ETA=701s
[2026-04-12 02:49:40]         [IG] iter  4900/8000  loss=0.9844  elapsed=1089s  ETA=689s
[2026-04-12 02:49:51]         [IG] iter  4950/8000  loss=0.9854  elapsed=1100s  ETA=678s
[2026-04-12 02:50:02]         [IG] iter  5000/8000  loss=0.9906  elapsed=1111s  ETA=667s
[2026-04-12 02:50:14]         [IG] iter  5050/8000  loss=0.9874  elapsed=1123s  ETA=656s
[2026-04-12 02:50:25]         [IG] iter  5100/8000  loss=0.9814  elapsed=1134s  ETA=645s
[2026-04-12 02:50:36]         [IG] iter  5150/8000  loss=0.9816  elapsed=1145s  ETA=634s
[2026-04-12 02:50:48]         [IG] iter  5200/8000  loss=0.9880  elapsed=1157s  ETA=623s
[2026-04-12 02:50:59]         [IG] iter  5250/8000  loss=0.9862  elapsed=1168s  ETA=612s
[2026-04-12 02:51:11]         [IG] iter  5300/8000  loss=0.9885  elapsed=1180s  ETA=601s
[2026-04-12 02:51:22]         [IG] iter  5350/8000  loss=0.9904  elapsed=1191s  ETA=590s
[2026-04-12 02:51:33]         [IG] iter  5400/8000  loss=0.9867  elapsed=1202s  ETA=579s
[2026-04-12 02:51:45]         [IG] iter  5450/8000  loss=0.9857  elapsed=1214s  ETA=568s
[2026-04-12 02:51:56]         [IG] iter  5500/8000  loss=0.9894  elapsed=1225s  ETA=557s
[2026-04-12 02:52:06]         [IG] iter  5550/8000  loss=0.9814  elapsed=1236s  ETA=545s
[2026-04-12 02:52:18]         [IG] iter  5600/8000  loss=0.9885  elapsed=1247s  ETA=534s
[2026-04-12 02:52:29]         [IG] iter  5650/8000  loss=0.9886  elapsed=1258s  ETA=523s
[2026-04-12 02:52:40]         [IG] iter  5700/8000  loss=0.9898  elapsed=1269s  ETA=512s
[2026-04-12 02:52:51]         [IG] iter  5750/8000  loss=0.9856  elapsed=1281s  ETA=501s
[2026-04-12 02:53:02]         [IG] iter  5800/8000  loss=0.9843  elapsed=1292s  ETA=490s
[2026-04-12 02:53:13]         [IG] iter  5850/8000  loss=0.9872  elapsed=1303s  ETA=479s
[2026-04-12 02:53:24]         [IG] iter  5900/8000  loss=0.9928  elapsed=1313s  ETA=467s
[2026-04-12 02:53:35]         [IG] iter  5950/8000  loss=0.9859  elapsed=1324s  ETA=456s
[2026-04-12 02:53:46]         [IG] iter  6000/8000  loss=0.9909  elapsed=1335s  ETA=445s
[2026-04-12 02:53:57]         [IG] iter  6050/8000  loss=0.9848  elapsed=1346s  ETA=434s
[2026-04-12 02:54:08]         [IG] iter  6100/8000  loss=0.9825  elapsed=1357s  ETA=423s
[2026-04-12 02:54:19]         [IG] iter  6150/8000  loss=0.9852  elapsed=1368s  ETA=412s
[2026-04-12 02:54:30]         [IG] iter  6200/8000  loss=0.9867  elapsed=1379s  ETA=400s
[2026-04-12 02:54:41]         [IG] iter  6250/8000  loss=0.9860  elapsed=1390s  ETA=389s
[2026-04-12 02:54:52]         [IG] iter  6300/8000  loss=0.9868  elapsed=1401s  ETA=378s
[2026-04-12 02:55:03]         [IG] iter  6350/8000  loss=0.9872  elapsed=1412s  ETA=367s
[2026-04-12 02:55:14]         [IG] iter  6400/8000  loss=0.9903  elapsed=1423s  ETA=356s
[2026-04-12 02:55:26]         [IG] iter  6450/8000  loss=0.9901  elapsed=1435s  ETA=345s
[2026-04-12 02:55:37]         [IG] iter  6500/8000  loss=0.9885  elapsed=1446s  ETA=334s
[2026-04-12 02:55:48]         [IG] iter  6550/8000  loss=0.9854  elapsed=1458s  ETA=323s
[2026-04-12 02:56:00]         [IG] iter  6600/8000  loss=0.9908  elapsed=1469s  ETA=312s
[2026-04-12 02:56:12]         [IG] iter  6650/8000  loss=0.9842  elapsed=1481s  ETA=301s
[2026-04-12 02:56:23]         [IG] iter  6700/8000  loss=0.9817  elapsed=1492s  ETA=290s
[2026-04-12 02:56:35]         [IG] iter  6750/8000  loss=0.9857  elapsed=1504s  ETA=278s
[2026-04-12 02:56:45]         [IG] iter  6800/8000  loss=0.9840  elapsed=1514s  ETA=267s
[2026-04-12 02:56:56]         [IG] iter  6850/8000  loss=0.9850  elapsed=1525s  ETA=256s
[2026-04-12 02:57:07]         [IG] iter  6900/8000  loss=0.9873  elapsed=1537s  ETA=245s
[2026-04-12 02:57:19]         [IG] iter  6950/8000  loss=0.9843  elapsed=1548s  ETA=234s
[2026-04-12 02:57:30]         [IG] iter  7000/8000  loss=0.9861  elapsed=1559s  ETA=223s
[2026-04-12 02:57:41]         [IG] iter  7050/8000  loss=0.9860  elapsed=1570s  ETA=212s
[2026-04-12 02:57:53]         [IG] iter  7100/8000  loss=0.9817  elapsed=1582s  ETA=200s
[2026-04-12 02:58:04]         [IG] iter  7150/8000  loss=0.9883  elapsed=1593s  ETA=189s
[2026-04-12 02:58:15]         [IG] iter  7200/8000  loss=0.9898  elapsed=1604s  ETA=178s
[2026-04-12 02:58:26]         [IG] iter  7250/8000  loss=0.9839  elapsed=1615s  ETA=167s
[2026-04-12 02:58:37]         [IG] iter  7300/8000  loss=0.9881  elapsed=1626s  ETA=156s
[2026-04-12 02:58:48]         [IG] iter  7350/8000  loss=0.9898  elapsed=1638s  ETA=145s
[2026-04-12 02:59:00]         [IG] iter  7400/8000  loss=0.9865  elapsed=1649s  ETA=134s
[2026-04-12 02:59:11]         [IG] iter  7450/8000  loss=0.9901  elapsed=1660s  ETA=123s
[2026-04-12 02:59:23]         [IG] iter  7500/8000  loss=0.9862  elapsed=1672s  ETA=111s
[2026-04-12 02:59:34]         [IG] iter  7550/8000  loss=0.9890  elapsed=1683s  ETA=100s
[2026-04-12 02:59:45]         [IG] iter  7600/8000  loss=0.9874  elapsed=1694s  ETA=89s
[2026-04-12 02:59:57]         [IG] iter  7650/8000  loss=0.9810  elapsed=1706s  ETA=78s
[2026-04-12 03:00:08]         [IG] iter  7700/8000  loss=0.9850  elapsed=1717s  ETA=67s
[2026-04-12 03:00:19]         [IG] iter  7750/8000  loss=0.9834  elapsed=1728s  ETA=56s
[2026-04-12 03:00:30]         [IG] iter  7800/8000  loss=0.9930  elapsed=1739s  ETA=45s
[2026-04-12 03:00:41]         [IG] iter  7850/8000  loss=0.9910  elapsed=1750s  ETA=33s
[2026-04-12 03:00:53]         [IG] iter  7900/8000  loss=0.9859  elapsed=1762s  ETA=22s
[2026-04-12 03:01:04]         [IG] iter  7950/8000  loss=0.9882  elapsed=1773s  ETA=11s
[2026-04-12 03:01:15]         [IG] iter  8000/8000  loss=0.9891  elapsed=1784s  ETA=0s
[2026-04-12 03:01:15]         [IG] restart 1 done — final loss=0.9891
[2026-04-12 03:01:15]       [none/no-defense] img 6/10 — attack done in 1783.9s
[2026-04-12 03:01:15]       [none/no-defense] img 6/10 — PSNR=7.20  SSIM=0.0124  LPIPS=0.2902
[2026-04-12 03:01:15]       [none/no-defense] img 7/10 — computing true gradient...
[2026-04-12 03:01:15]       [none/no-defense] img 7/10 — applying defense: none ...
[2026-04-12 03:01:15]       [none/no-defense] img 7/10 — running IG attack...
[2026-04-12 03:01:15]         [IG] restart 1/1 — 8000 iterations ...
[2026-04-12 03:01:26]         [IG] iter    50/8000  loss=0.9819  elapsed=11s  ETA=1783s
[2026-04-12 03:01:37]         [IG] iter   100/8000  loss=0.9888  elapsed=22s  ETA=1776s
[2026-04-12 03:01:48]         [IG] iter   150/8000  loss=0.9893  elapsed=34s  ETA=1755s
[2026-04-12 03:01:59]         [IG] iter   200/8000  loss=0.9869  elapsed=44s  ETA=1730s
[2026-04-12 03:02:10]         [IG] iter   250/8000  loss=0.9926  elapsed=55s  ETA=1713s
[2026-04-12 03:02:21]         [IG] iter   300/8000  loss=0.9946  elapsed=66s  ETA=1703s
[2026-04-12 03:02:32]         [IG] iter   350/8000  loss=0.9927  elapsed=77s  ETA=1688s
[2026-04-12 03:02:43]         [IG] iter   400/8000  loss=0.9907  elapsed=88s  ETA=1674s
[2026-04-12 03:02:54]         [IG] iter   450/8000  loss=0.9884  elapsed=99s  ETA=1660s
[2026-04-12 03:03:05]         [IG] iter   500/8000  loss=0.9929  elapsed=110s  ETA=1651s
[2026-04-12 03:03:16]         [IG] iter   550/8000  loss=0.9875  elapsed=121s  ETA=1641s
[2026-04-12 03:03:27]         [IG] iter   600/8000  loss=1.0015  elapsed=132s  ETA=1631s
[2026-04-12 03:03:38]         [IG] iter   650/8000  loss=0.9993  elapsed=143s  ETA=1621s
[2026-04-12 03:03:50]         [IG] iter   700/8000  loss=0.9940  elapsed=155s  ETA=1612s
[2026-04-12 03:04:00]         [IG] iter   750/8000  loss=0.9908  elapsed=166s  ETA=1601s
[2026-04-12 03:04:11]         [IG] iter   800/8000  loss=0.9833  elapsed=176s  ETA=1586s
[2026-04-12 03:04:22]         [IG] iter   850/8000  loss=0.9966  elapsed=187s  ETA=1573s
[2026-04-12 03:04:33]         [IG] iter   900/8000  loss=0.9952  elapsed=198s  ETA=1559s
[2026-04-12 03:04:43]         [IG] iter   950/8000  loss=0.9966  elapsed=208s  ETA=1546s
[2026-04-12 03:04:54]         [IG] iter  1000/8000  loss=0.9914  elapsed=219s  ETA=1534s
[2026-04-12 03:05:05]         [IG] iter  1050/8000  loss=0.9996  elapsed=230s  ETA=1522s
[2026-04-12 03:05:16]         [IG] iter  1100/8000  loss=0.9873  elapsed=241s  ETA=1510s
[2026-04-12 03:05:27]         [IG] iter  1150/8000  loss=0.9974  elapsed=252s  ETA=1499s
[2026-04-12 03:05:37]         [IG] iter  1200/8000  loss=0.9985  elapsed=263s  ETA=1488s
[2026-04-12 03:05:48]         [IG] iter  1250/8000  loss=0.9872  elapsed=274s  ETA=1477s
[2026-04-12 03:05:59]         [IG] iter  1300/8000  loss=0.9935  elapsed=285s  ETA=1467s
[2026-04-12 03:06:10]         [IG] iter  1350/8000  loss=0.9753  elapsed=296s  ETA=1456s
[2026-04-12 03:06:21]         [IG] iter  1400/8000  loss=0.9873  elapsed=306s  ETA=1444s
[2026-04-12 03:06:33]         [IG] iter  1450/8000  loss=0.9846  elapsed=318s  ETA=1435s
[2026-04-12 03:06:43]         [IG] iter  1500/8000  loss=0.9865  elapsed=329s  ETA=1424s
[2026-04-12 03:06:54]         [IG] iter  1550/8000  loss=0.9935  elapsed=340s  ETA=1413s
[2026-04-12 03:07:06]         [IG] iter  1600/8000  loss=0.9831  elapsed=351s  ETA=1404s
[2026-04-12 03:07:17]         [IG] iter  1650/8000  loss=0.9914  elapsed=362s  ETA=1394s
[2026-04-12 03:07:29]         [IG] iter  1700/8000  loss=0.9910  elapsed=374s  ETA=1385s
[2026-04-12 03:07:40]         [IG] iter  1750/8000  loss=0.9946  elapsed=385s  ETA=1377s
[2026-04-12 03:07:52]         [IG] iter  1800/8000  loss=0.9867  elapsed=397s  ETA=1367s
[2026-04-12 03:08:03]         [IG] iter  1850/8000  loss=0.9879  elapsed=408s  ETA=1358s
[2026-04-12 03:08:15]         [IG] iter  1900/8000  loss=0.9883  elapsed=420s  ETA=1348s
[2026-04-12 03:08:26]         [IG] iter  1950/8000  loss=0.9890  elapsed=431s  ETA=1338s
[2026-04-12 03:08:37]         [IG] iter  2000/8000  loss=0.9913  elapsed=442s  ETA=1326s
[2026-04-12 03:08:48]         [IG] iter  2050/8000  loss=0.9872  elapsed=453s  ETA=1314s
[2026-04-12 03:08:59]         [IG] iter  2100/8000  loss=0.9939  elapsed=464s  ETA=1304s
[2026-04-12 03:09:10]         [IG] iter  2150/8000  loss=0.9905  elapsed=475s  ETA=1293s
[2026-04-12 03:09:21]         [IG] iter  2200/8000  loss=0.9841  elapsed=487s  ETA=1283s
[2026-04-12 03:09:33]         [IG] iter  2250/8000  loss=0.9862  elapsed=498s  ETA=1272s
[2026-04-12 03:09:44]         [IG] iter  2300/8000  loss=0.9830  elapsed=509s  ETA=1262s
[2026-04-12 03:09:55]         [IG] iter  2350/8000  loss=0.9861  elapsed=520s  ETA=1251s
[2026-04-12 03:10:06]         [IG] iter  2400/8000  loss=0.9831  elapsed=531s  ETA=1239s
[2026-04-12 03:10:17]         [IG] iter  2450/8000  loss=0.9837  elapsed=542s  ETA=1228s
[2026-04-12 03:10:28]         [IG] iter  2500/8000  loss=0.9867  elapsed=553s  ETA=1217s
[2026-04-12 03:10:39]         [IG] iter  2550/8000  loss=0.9899  elapsed=564s  ETA=1206s
[2026-04-12 03:10:50]         [IG] iter  2600/8000  loss=0.9903  elapsed=575s  ETA=1194s
[2026-04-12 03:11:01]         [IG] iter  2650/8000  loss=0.9906  elapsed=586s  ETA=1184s
[2026-04-12 03:11:12]         [IG] iter  2700/8000  loss=0.9800  elapsed=597s  ETA=1172s
[2026-04-12 03:11:23]         [IG] iter  2750/8000  loss=0.9874  elapsed=608s  ETA=1161s
[2026-04-12 03:11:34]         [IG] iter  2800/8000  loss=0.9740  elapsed=619s  ETA=1149s
[2026-04-12 03:11:44]         [IG] iter  2850/8000  loss=0.9796  elapsed=629s  ETA=1137s
[2026-04-12 03:11:55]         [IG] iter  2900/8000  loss=0.9748  elapsed=640s  ETA=1126s
[2026-04-12 03:12:06]         [IG] iter  2950/8000  loss=0.9820  elapsed=651s  ETA=1115s
[2026-04-12 03:12:17]         [IG] iter  3000/8000  loss=0.9783  elapsed=662s  ETA=1103s
[2026-04-12 03:12:28]         [IG] iter  3050/8000  loss=0.9751  elapsed=673s  ETA=1093s
[2026-04-12 03:12:39]         [IG] iter  3100/8000  loss=0.9792  elapsed=684s  ETA=1082s
[2026-04-12 03:12:51]         [IG] iter  3150/8000  loss=0.9840  elapsed=696s  ETA=1071s
[2026-04-12 03:13:02]         [IG] iter  3200/8000  loss=0.9844  elapsed=707s  ETA=1060s
[2026-04-12 03:13:13]         [IG] iter  3250/8000  loss=0.9849  elapsed=718s  ETA=1049s
[2026-04-12 03:13:24]         [IG] iter  3300/8000  loss=0.9783  elapsed=729s  ETA=1039s
[2026-04-12 03:13:35]         [IG] iter  3350/8000  loss=0.9776  elapsed=740s  ETA=1028s
[2026-04-12 03:13:46]         [IG] iter  3400/8000  loss=0.9853  elapsed=751s  ETA=1016s
[2026-04-12 03:13:57]         [IG] iter  3450/8000  loss=0.9806  elapsed=762s  ETA=1005s
[2026-04-12 03:14:08]         [IG] iter  3500/8000  loss=0.9861  elapsed=773s  ETA=993s
[2026-04-12 03:14:19]         [IG] iter  3550/8000  loss=0.9858  elapsed=784s  ETA=982s
[2026-04-12 03:14:29]         [IG] iter  3600/8000  loss=0.9823  elapsed=795s  ETA=971s
[2026-04-12 03:14:40]         [IG] iter  3650/8000  loss=0.9873  elapsed=805s  ETA=960s
[2026-04-12 03:14:51]         [IG] iter  3700/8000  loss=0.9785  elapsed=816s  ETA=949s
[2026-04-12 03:15:02]         [IG] iter  3750/8000  loss=0.9819  elapsed=827s  ETA=937s
[2026-04-12 03:15:13]         [IG] iter  3800/8000  loss=0.9867  elapsed=838s  ETA=926s
[2026-04-12 03:15:23]         [IG] iter  3850/8000  loss=0.9980  elapsed=849s  ETA=915s
[2026-04-12 03:15:34]         [IG] iter  3900/8000  loss=0.9920  elapsed=859s  ETA=903s
[2026-04-12 03:15:45]         [IG] iter  3950/8000  loss=0.9776  elapsed=871s  ETA=893s
[2026-04-12 03:15:57]         [IG] iter  4000/8000  loss=0.9886  elapsed=882s  ETA=882s
[2026-04-12 03:16:08]         [IG] iter  4050/8000  loss=0.9804  elapsed=893s  ETA=871s
[2026-04-12 03:16:18]         [IG] iter  4100/8000  loss=0.9785  elapsed=903s  ETA=859s
[2026-04-12 03:16:29]         [IG] iter  4150/8000  loss=0.9810  elapsed=914s  ETA=848s
[2026-04-12 03:16:40]         [IG] iter  4200/8000  loss=0.9837  elapsed=925s  ETA=837s
[2026-04-12 03:16:51]         [IG] iter  4250/8000  loss=0.9867  elapsed=936s  ETA=826s
[2026-04-12 03:17:02]         [IG] iter  4300/8000  loss=0.9847  elapsed=947s  ETA=815s
[2026-04-12 03:17:13]         [IG] iter  4350/8000  loss=0.9870  elapsed=959s  ETA=804s
[2026-04-12 03:17:25]         [IG] iter  4400/8000  loss=0.9854  elapsed=970s  ETA=793s
[2026-04-12 03:17:36]         [IG] iter  4450/8000  loss=0.9901  elapsed=981s  ETA=783s
[2026-04-12 03:17:47]         [IG] iter  4500/8000  loss=0.9899  elapsed=992s  ETA=772s
[2026-04-12 03:17:58]         [IG] iter  4550/8000  loss=0.9887  elapsed=1003s  ETA=761s
[2026-04-12 03:18:09]         [IG] iter  4600/8000  loss=0.9823  elapsed=1014s  ETA=750s
[2026-04-12 03:18:20]         [IG] iter  4650/8000  loss=0.9886  elapsed=1025s  ETA=739s
[2026-04-12 03:18:31]         [IG] iter  4700/8000  loss=0.9820  elapsed=1036s  ETA=728s
[2026-04-12 03:18:43]         [IG] iter  4750/8000  loss=0.9842  elapsed=1048s  ETA=717s
[2026-04-12 03:18:54]         [IG] iter  4800/8000  loss=0.9851  elapsed=1059s  ETA=706s
[2026-04-12 03:19:05]         [IG] iter  4850/8000  loss=0.9868  elapsed=1070s  ETA=695s
[2026-04-12 03:19:17]         [IG] iter  4900/8000  loss=0.9936  elapsed=1082s  ETA=684s
[2026-04-12 03:19:27]         [IG] iter  4950/8000  loss=0.9882  elapsed=1093s  ETA=673s
[2026-04-12 03:19:38]         [IG] iter  5000/8000  loss=0.9820  elapsed=1103s  ETA=662s
[2026-04-12 03:19:49]         [IG] iter  5050/8000  loss=0.9867  elapsed=1114s  ETA=651s
[2026-04-12 03:20:00]         [IG] iter  5100/8000  loss=0.9780  elapsed=1125s  ETA=640s
[2026-04-12 03:20:11]         [IG] iter  5150/8000  loss=0.9788  elapsed=1136s  ETA=629s
[2026-04-12 03:20:22]         [IG] iter  5200/8000  loss=0.9929  elapsed=1147s  ETA=618s
[2026-04-12 03:20:33]         [IG] iter  5250/8000  loss=0.9888  elapsed=1158s  ETA=607s
[2026-04-12 03:20:44]         [IG] iter  5300/8000  loss=0.9922  elapsed=1169s  ETA=596s
[2026-04-12 03:20:55]         [IG] iter  5350/8000  loss=0.9958  elapsed=1180s  ETA=585s
[2026-04-12 03:21:06]         [IG] iter  5400/8000  loss=0.9936  elapsed=1191s  ETA=574s
[2026-04-12 03:21:17]         [IG] iter  5450/8000  loss=0.9917  elapsed=1202s  ETA=563s
[2026-04-12 03:21:28]         [IG] iter  5500/8000  loss=0.9878  elapsed=1213s  ETA=551s
[2026-04-12 03:21:39]         [IG] iter  5550/8000  loss=0.9960  elapsed=1224s  ETA=540s
[2026-04-12 03:21:50]         [IG] iter  5600/8000  loss=0.9925  elapsed=1235s  ETA=529s
[2026-04-12 03:22:01]         [IG] iter  5650/8000  loss=0.9904  elapsed=1246s  ETA=518s
[2026-04-12 03:22:12]         [IG] iter  5700/8000  loss=0.9858  elapsed=1258s  ETA=507s
[2026-04-12 03:22:23]         [IG] iter  5750/8000  loss=0.9853  elapsed=1268s  ETA=496s
[2026-04-12 03:22:34]         [IG] iter  5800/8000  loss=0.9901  elapsed=1279s  ETA=485s
[2026-04-12 03:22:45]         [IG] iter  5850/8000  loss=0.9841  elapsed=1290s  ETA=474s
[2026-04-12 03:22:56]         [IG] iter  5900/8000  loss=0.9936  elapsed=1301s  ETA=463s
[2026-04-12 03:23:07]         [IG] iter  5950/8000  loss=0.9894  elapsed=1312s  ETA=452s
[2026-04-12 03:23:18]         [IG] iter  6000/8000  loss=0.9874  elapsed=1323s  ETA=441s
[2026-04-12 03:23:29]         [IG] iter  6050/8000  loss=0.9875  elapsed=1334s  ETA=430s
[2026-04-12 03:23:40]         [IG] iter  6100/8000  loss=0.9847  elapsed=1345s  ETA=419s
[2026-04-12 03:23:51]         [IG] iter  6150/8000  loss=0.9853  elapsed=1356s  ETA=408s
[2026-04-12 03:24:01]         [IG] iter  6200/8000  loss=0.9819  elapsed=1366s  ETA=397s
[2026-04-12 03:24:12]         [IG] iter  6250/8000  loss=0.9898  elapsed=1377s  ETA=386s
[2026-04-12 03:24:23]         [IG] iter  6300/8000  loss=0.9907  elapsed=1388s  ETA=375s
[2026-04-12 03:24:34]         [IG] iter  6350/8000  loss=0.9944  elapsed=1399s  ETA=363s
[2026-04-12 03:24:44]         [IG] iter  6400/8000  loss=0.9919  elapsed=1409s  ETA=352s
[2026-04-12 03:24:55]         [IG] iter  6450/8000  loss=0.9877  elapsed=1420s  ETA=341s
[2026-04-12 03:25:06]         [IG] iter  6500/8000  loss=0.9909  elapsed=1431s  ETA=330s
[2026-04-12 03:25:17]         [IG] iter  6550/8000  loss=0.9945  elapsed=1442s  ETA=319s
[2026-04-12 03:25:28]         [IG] iter  6600/8000  loss=0.9910  elapsed=1453s  ETA=308s
[2026-04-12 03:25:39]         [IG] iter  6650/8000  loss=0.9917  elapsed=1464s  ETA=297s
[2026-04-12 03:25:50]         [IG] iter  6700/8000  loss=0.9857  elapsed=1475s  ETA=286s
[2026-04-12 03:26:02]         [IG] iter  6750/8000  loss=0.9856  elapsed=1487s  ETA=275s
[2026-04-12 03:26:13]         [IG] iter  6800/8000  loss=0.9934  elapsed=1498s  ETA=264s
[2026-04-12 03:26:24]         [IG] iter  6850/8000  loss=0.9928  elapsed=1509s  ETA=253s
[2026-04-12 03:26:35]         [IG] iter  6900/8000  loss=0.9912  elapsed=1520s  ETA=242s
[2026-04-12 03:26:46]         [IG] iter  6950/8000  loss=0.9894  elapsed=1531s  ETA=231s
[2026-04-12 03:26:57]         [IG] iter  7000/8000  loss=0.9922  elapsed=1542s  ETA=220s
[2026-04-12 03:27:08]         [IG] iter  7050/8000  loss=0.9918  elapsed=1553s  ETA=209s
[2026-04-12 03:27:19]         [IG] iter  7100/8000  loss=0.9950  elapsed=1564s  ETA=198s
[2026-04-12 03:27:29]         [IG] iter  7150/8000  loss=0.9909  elapsed=1574s  ETA=187s
[2026-04-12 03:27:40]         [IG] iter  7200/8000  loss=0.9953  elapsed=1585s  ETA=176s
[2026-04-12 03:27:51]         [IG] iter  7250/8000  loss=0.9955  elapsed=1596s  ETA=165s
[2026-04-12 03:28:02]         [IG] iter  7300/8000  loss=0.9902  elapsed=1607s  ETA=154s
[2026-04-12 03:28:13]         [IG] iter  7350/8000  loss=0.9891  elapsed=1618s  ETA=143s
[2026-04-12 03:28:24]         [IG] iter  7400/8000  loss=0.9935  elapsed=1629s  ETA=132s
[2026-04-12 03:28:35]         [IG] iter  7450/8000  loss=0.9824  elapsed=1640s  ETA=121s
[2026-04-12 03:28:46]         [IG] iter  7500/8000  loss=0.9893  elapsed=1651s  ETA=110s
[2026-04-12 03:28:58]         [IG] iter  7550/8000  loss=0.9971  elapsed=1663s  ETA=99s
[2026-04-12 03:29:09]         [IG] iter  7600/8000  loss=0.9852  elapsed=1674s  ETA=88s
[2026-04-12 03:29:20]         [IG] iter  7650/8000  loss=0.9888  elapsed=1685s  ETA=77s
[2026-04-12 03:29:30]         [IG] iter  7700/8000  loss=0.9954  elapsed=1695s  ETA=66s
[2026-04-12 03:29:41]         [IG] iter  7750/8000  loss=0.9869  elapsed=1706s  ETA=55s
[2026-04-12 03:29:53]         [IG] iter  7800/8000  loss=0.9833  elapsed=1718s  ETA=44s
[2026-04-12 03:30:04]         [IG] iter  7850/8000  loss=0.9906  elapsed=1729s  ETA=33s
[2026-04-12 03:30:15]         [IG] iter  7900/8000  loss=0.9812  elapsed=1740s  ETA=22s
[2026-04-12 03:30:26]         [IG] iter  7950/8000  loss=0.9882  elapsed=1751s  ETA=11s
[2026-04-12 03:30:37]         [IG] iter  8000/8000  loss=0.9890  elapsed=1762s  ETA=0s
[2026-04-12 03:30:37]         [IG] restart 1 done — final loss=0.9890
[2026-04-12 03:30:37]       [none/no-defense] img 7/10 — attack done in 1762.5s
[2026-04-12 03:30:37]       [none/no-defense] img 7/10 — PSNR=7.43  SSIM=0.0145  LPIPS=0.3566
[2026-04-12 03:30:37]       [none/no-defense] img 8/10 — computing true gradient...
[2026-04-12 03:30:38]       [none/no-defense] img 8/10 — applying defense: none ...
[2026-04-12 03:30:38]       [none/no-defense] img 8/10 — running IG attack...
[2026-04-12 03:30:38]         [IG] restart 1/1 — 8000 iterations ...
[2026-04-12 03:30:49]         [IG] iter    50/8000  loss=0.9922  elapsed=11s  ETA=1804s
[2026-04-12 03:31:00]         [IG] iter   100/8000  loss=0.9746  elapsed=22s  ETA=1759s
[2026-04-12 03:31:11]         [IG] iter   150/8000  loss=0.9891  elapsed=33s  ETA=1733s
[2026-04-12 03:31:22]         [IG] iter   200/8000  loss=0.9901  elapsed=44s  ETA=1729s
[2026-04-12 03:31:33]         [IG] iter   250/8000  loss=0.9926  elapsed=56s  ETA=1721s
[2026-04-12 03:31:44]         [IG] iter   300/8000  loss=0.9894  elapsed=67s  ETA=1711s
[2026-04-12 03:31:55]         [IG] iter   350/8000  loss=0.9910  elapsed=78s  ETA=1703s
[2026-04-12 03:32:07]         [IG] iter   400/8000  loss=0.9908  elapsed=89s  ETA=1690s
[2026-04-12 03:32:18]         [IG] iter   450/8000  loss=0.9797  elapsed=100s  ETA=1679s
[2026-04-12 03:32:29]         [IG] iter   500/8000  loss=0.9832  elapsed=111s  ETA=1672s
[2026-04-12 03:32:40]         [IG] iter   550/8000  loss=0.9903  elapsed=122s  ETA=1657s
[2026-04-12 03:32:51]         [IG] iter   600/8000  loss=0.9780  elapsed=133s  ETA=1641s
[2026-04-12 03:33:01]         [IG] iter   650/8000  loss=0.9989  elapsed=144s  ETA=1627s
[2026-04-12 03:33:12]         [IG] iter   700/8000  loss=0.9835  elapsed=155s  ETA=1612s
[2026-04-12 03:33:23]         [IG] iter   750/8000  loss=0.9914  elapsed=165s  ETA=1599s
[2026-04-12 03:33:34]         [IG] iter   800/8000  loss=0.9856  elapsed=176s  ETA=1586s
[2026-04-12 03:33:45]         [IG] iter   850/8000  loss=0.9888  elapsed=187s  ETA=1577s
[2026-04-12 03:33:56]         [IG] iter   900/8000  loss=0.9878  elapsed=198s  ETA=1566s
[2026-04-12 03:34:07]         [IG] iter   950/8000  loss=0.9834  elapsed=210s  ETA=1555s
[2026-04-12 03:34:18]         [IG] iter  1000/8000  loss=0.9823  elapsed=220s  ETA=1542s
[2026-04-12 03:34:29]         [IG] iter  1050/8000  loss=0.9893  elapsed=231s  ETA=1530s
[2026-04-12 03:34:40]         [IG] iter  1100/8000  loss=0.9876  elapsed=242s  ETA=1518s
[2026-04-12 03:34:50]         [IG] iter  1150/8000  loss=0.9717  elapsed=253s  ETA=1505s
[2026-04-12 03:35:01]         [IG] iter  1200/8000  loss=0.9778  elapsed=264s  ETA=1495s
[2026-04-12 03:35:12]         [IG] iter  1250/8000  loss=0.9777  elapsed=275s  ETA=1482s
[2026-04-12 03:35:23]         [IG] iter  1300/8000  loss=0.9851  elapsed=285s  ETA=1471s
[2026-04-12 03:35:34]         [IG] iter  1350/8000  loss=0.9863  elapsed=296s  ETA=1458s
[2026-04-12 03:35:44]         [IG] iter  1400/8000  loss=0.9790  elapsed=307s  ETA=1447s
[2026-04-12 03:35:55]         [IG] iter  1450/8000  loss=0.9956  elapsed=318s  ETA=1435s
[2026-04-12 03:36:06]         [IG] iter  1500/8000  loss=0.9778  elapsed=329s  ETA=1424s
[2026-04-12 03:36:17]         [IG] iter  1550/8000  loss=0.9888  elapsed=339s  ETA=1412s
[2026-04-12 03:36:28]         [IG] iter  1600/8000  loss=0.9902  elapsed=350s  ETA=1400s
[2026-04-12 03:36:39]         [IG] iter  1650/8000  loss=0.9829  elapsed=361s  ETA=1390s
[2026-04-12 03:36:50]         [IG] iter  1700/8000  loss=0.9821  elapsed=372s  ETA=1379s
[2026-04-12 03:37:01]         [IG] iter  1750/8000  loss=0.9862  elapsed=383s  ETA=1369s
[2026-04-12 03:37:12]         [IG] iter  1800/8000  loss=0.9896  elapsed=394s  ETA=1359s
[2026-04-12 03:37:23]         [IG] iter  1850/8000  loss=0.9876  elapsed=406s  ETA=1349s
[2026-04-12 03:37:34]         [IG] iter  1900/8000  loss=0.9871  elapsed=417s  ETA=1338s
[2026-04-12 03:37:46]         [IG] iter  1950/8000  loss=0.9861  elapsed=428s  ETA=1328s
[2026-04-12 03:37:57]         [IG] iter  2000/8000  loss=0.9915  elapsed=439s  ETA=1317s
[2026-04-12 03:38:08]         [IG] iter  2050/8000  loss=0.9857  elapsed=450s  ETA=1307s
[2026-04-12 03:38:19]         [IG] iter  2100/8000  loss=0.9875  elapsed=461s  ETA=1296s
[2026-04-12 03:38:30]         [IG] iter  2150/8000  loss=0.9842  elapsed=473s  ETA=1286s
[2026-04-12 03:38:42]         [IG] iter  2200/8000  loss=0.9851  elapsed=484s  ETA=1276s
[2026-04-12 03:38:53]         [IG] iter  2250/8000  loss=0.9788  elapsed=495s  ETA=1265s
[2026-04-12 03:39:04]         [IG] iter  2300/8000  loss=0.9834  elapsed=506s  ETA=1254s
[2026-04-12 03:39:15]         [IG] iter  2350/8000  loss=0.9829  elapsed=517s  ETA=1243s
[2026-04-12 03:39:26]         [IG] iter  2400/8000  loss=0.9870  elapsed=528s  ETA=1233s
[2026-04-12 03:39:38]         [IG] iter  2450/8000  loss=0.9834  elapsed=540s  ETA=1224s
[2026-04-12 03:39:49]         [IG] iter  2500/8000  loss=0.9787  elapsed=552s  ETA=1214s
[2026-04-12 03:40:01]         [IG] iter  2550/8000  loss=0.9864  elapsed=563s  ETA=1204s
[2026-04-12 03:40:12]         [IG] iter  2600/8000  loss=0.9864  elapsed=574s  ETA=1192s
[2026-04-12 03:40:23]         [IG] iter  2650/8000  loss=0.9870  elapsed=585s  ETA=1181s
[2026-04-12 03:40:33]         [IG] iter  2700/8000  loss=0.9834  elapsed=596s  ETA=1170s
[2026-04-12 03:40:44]         [IG] iter  2750/8000  loss=0.9836  elapsed=607s  ETA=1158s
[2026-04-12 03:40:55]         [IG] iter  2800/8000  loss=0.9803  elapsed=617s  ETA=1146s
[2026-04-12 03:41:06]         [IG] iter  2850/8000  loss=0.9885  elapsed=628s  ETA=1135s
[2026-04-12 03:41:17]         [IG] iter  2900/8000  loss=0.9857  elapsed=639s  ETA=1124s
[2026-04-12 03:41:28]         [IG] iter  2950/8000  loss=0.9924  elapsed=650s  ETA=1113s
[2026-04-12 03:41:39]         [IG] iter  3000/8000  loss=0.9905  elapsed=661s  ETA=1102s
[2026-04-12 03:41:50]         [IG] iter  3050/8000  loss=0.9872  elapsed=672s  ETA=1091s
[2026-04-12 03:42:01]         [IG] iter  3100/8000  loss=0.9920  elapsed=684s  ETA=1081s
[2026-04-12 03:42:12]         [IG] iter  3150/8000  loss=0.9948  elapsed=695s  ETA=1070s
[2026-04-12 03:42:23]         [IG] iter  3200/8000  loss=0.9980  elapsed=705s  ETA=1058s
[2026-04-12 03:42:34]         [IG] iter  3250/8000  loss=0.9956  elapsed=716s  ETA=1047s
[2026-04-12 03:42:45]         [IG] iter  3300/8000  loss=0.9922  elapsed=727s  ETA=1035s
[2026-04-12 03:42:55]         [IG] iter  3350/8000  loss=0.9853  elapsed=738s  ETA=1024s
[2026-04-12 03:43:06]         [IG] iter  3400/8000  loss=0.9929  elapsed=748s  ETA=1013s
[2026-04-12 03:43:17]         [IG] iter  3450/8000  loss=0.9915  elapsed=759s  ETA=1001s
[2026-04-12 03:43:27]         [IG] iter  3500/8000  loss=0.9914  elapsed=770s  ETA=990s
[2026-04-12 03:43:38]         [IG] iter  3550/8000  loss=0.9876  elapsed=781s  ETA=979s
[2026-04-12 03:43:49]         [IG] iter  3600/8000  loss=0.9839  elapsed=791s  ETA=967s
[2026-04-12 03:44:00]         [IG] iter  3650/8000  loss=0.9861  elapsed=802s  ETA=956s
[2026-04-12 03:44:11]         [IG] iter  3700/8000  loss=0.9829  elapsed=813s  ETA=945s
[2026-04-12 03:44:22]         [IG] iter  3750/8000  loss=0.9836  elapsed=824s  ETA=934s
[2026-04-12 03:44:32]         [IG] iter  3800/8000  loss=0.9808  elapsed=835s  ETA=923s
[2026-04-12 03:44:43]         [IG] iter  3850/8000  loss=0.9801  elapsed=846s  ETA=912s
[2026-04-12 03:44:54]         [IG] iter  3900/8000  loss=0.9870  elapsed=857s  ETA=901s
[2026-04-12 03:45:05]         [IG] iter  3950/8000  loss=0.9864  elapsed=868s  ETA=890s
[2026-04-12 03:45:16]         [IG] iter  4000/8000  loss=0.9867  elapsed=879s  ETA=879s
[2026-04-12 03:45:28]         [IG] iter  4050/8000  loss=0.9822  elapsed=890s  ETA=868s
[2026-04-12 03:45:39]         [IG] iter  4100/8000  loss=0.9799  elapsed=902s  ETA=858s
[2026-04-12 03:45:50]         [IG] iter  4150/8000  loss=0.9845  elapsed=913s  ETA=847s
[2026-04-12 03:46:02]         [IG] iter  4200/8000  loss=0.9897  elapsed=924s  ETA=836s
[2026-04-12 03:46:13]         [IG] iter  4250/8000  loss=0.9897  elapsed=935s  ETA=825s
[2026-04-12 03:46:24]         [IG] iter  4300/8000  loss=0.9830  elapsed=946s  ETA=814s
[2026-04-12 03:46:35]         [IG] iter  4350/8000  loss=0.9911  elapsed=957s  ETA=803s
[2026-04-12 03:46:46]         [IG] iter  4400/8000  loss=0.9840  elapsed=969s  ETA=792s
[2026-04-12 03:46:57]         [IG] iter  4450/8000  loss=0.9864  elapsed=980s  ETA=782s
[2026-04-12 03:47:08]         [IG] iter  4500/8000  loss=0.9855  elapsed=991s  ETA=771s
[2026-04-12 03:47:20]         [IG] iter  4550/8000  loss=0.9871  elapsed=1002s  ETA=760s
[2026-04-12 03:47:31]         [IG] iter  4600/8000  loss=0.9904  elapsed=1013s  ETA=749s
[2026-04-12 03:47:42]         [IG] iter  4650/8000  loss=0.9893  elapsed=1024s  ETA=738s
[2026-04-12 03:47:53]         [IG] iter  4700/8000  loss=0.9945  elapsed=1035s  ETA=727s
[2026-04-12 03:48:04]         [IG] iter  4750/8000  loss=0.9877  elapsed=1047s  ETA=716s
[2026-04-12 03:48:15]         [IG] iter  4800/8000  loss=0.9938  elapsed=1058s  ETA=705s
[2026-04-12 03:48:26]         [IG] iter  4850/8000  loss=0.9941  elapsed=1069s  ETA=694s
[2026-04-12 03:48:37]         [IG] iter  4900/8000  loss=0.9873  elapsed=1080s  ETA=683s
[2026-04-12 03:48:48]         [IG] iter  4950/8000  loss=0.9879  elapsed=1090s  ETA=672s
[2026-04-12 03:48:59]         [IG] iter  5000/8000  loss=0.9859  elapsed=1101s  ETA=661s
[2026-04-12 03:49:10]         [IG] iter  5050/8000  loss=0.9934  elapsed=1112s  ETA=650s
[2026-04-12 03:49:20]         [IG] iter  5100/8000  loss=0.9872  elapsed=1123s  ETA=638s
[2026-04-12 03:49:31]         [IG] iter  5150/8000  loss=0.9837  elapsed=1133s  ETA=627s
[2026-04-12 03:49:42]         [IG] iter  5200/8000  loss=0.9855  elapsed=1144s  ETA=616s
[2026-04-12 03:49:52]         [IG] iter  5250/8000  loss=0.9880  elapsed=1155s  ETA=605s
[2026-04-12 03:50:03]         [IG] iter  5300/8000  loss=0.9871  elapsed=1166s  ETA=594s
[2026-04-12 03:50:14]         [IG] iter  5350/8000  loss=0.9867  elapsed=1177s  ETA=583s
[2026-04-12 03:50:25]         [IG] iter  5400/8000  loss=0.9887  elapsed=1188s  ETA=572s
[2026-04-12 03:50:36]         [IG] iter  5450/8000  loss=0.9828  elapsed=1198s  ETA=561s
[2026-04-12 03:50:47]         [IG] iter  5500/8000  loss=0.9878  elapsed=1210s  ETA=550s
[2026-04-12 03:50:58]         [IG] iter  5550/8000  loss=0.9865  elapsed=1221s  ETA=539s
[2026-04-12 03:51:09]         [IG] iter  5600/8000  loss=0.9853  elapsed=1232s  ETA=528s
[2026-04-12 03:51:21]         [IG] iter  5650/8000  loss=0.9901  elapsed=1243s  ETA=517s
[2026-04-12 03:51:32]         [IG] iter  5700/8000  loss=0.9840  elapsed=1254s  ETA=506s
[2026-04-12 03:51:43]         [IG] iter  5750/8000  loss=0.9871  elapsed=1265s  ETA=495s
[2026-04-12 03:51:54]         [IG] iter  5800/8000  loss=0.9905  elapsed=1277s  ETA=484s
[2026-04-12 03:52:06]         [IG] iter  5850/8000  loss=0.9906  elapsed=1288s  ETA=473s
[2026-04-12 03:52:17]         [IG] iter  5900/8000  loss=0.9874  elapsed=1299s  ETA=462s
[2026-04-12 03:52:28]         [IG] iter  5950/8000  loss=0.9880  elapsed=1310s  ETA=451s
[2026-04-12 03:52:39]         [IG] iter  6000/8000  loss=0.9894  elapsed=1322s  ETA=441s
[2026-04-12 03:52:50]         [IG] iter  6050/8000  loss=0.9904  elapsed=1333s  ETA=430s
[2026-04-12 03:53:02]         [IG] iter  6100/8000  loss=0.9935  elapsed=1344s  ETA=419s
[2026-04-12 03:53:14]         [IG] iter  6150/8000  loss=0.9891  elapsed=1356s  ETA=408s
[2026-04-12 03:53:25]         [IG] iter  6200/8000  loss=0.9867  elapsed=1367s  ETA=397s
[2026-04-12 03:53:36]         [IG] iter  6250/8000  loss=0.9900  elapsed=1379s  ETA=386s
[2026-04-12 03:53:47]         [IG] iter  6300/8000  loss=0.9828  elapsed=1389s  ETA=375s
[2026-04-12 03:53:58]         [IG] iter  6350/8000  loss=0.9919  elapsed=1400s  ETA=364s
[2026-04-12 03:54:09]         [IG] iter  6400/8000  loss=0.9896  elapsed=1411s  ETA=353s
[2026-04-12 03:54:20]         [IG] iter  6450/8000  loss=0.9871  elapsed=1423s  ETA=342s
[2026-04-12 03:54:32]         [IG] iter  6500/8000  loss=0.9901  elapsed=1434s  ETA=331s
[2026-04-12 03:54:43]         [IG] iter  6550/8000  loss=0.9866  elapsed=1446s  ETA=320s
[2026-04-12 03:54:55]         [IG] iter  6600/8000  loss=0.9854  elapsed=1457s  ETA=309s
[2026-04-12 03:55:06]         [IG] iter  6650/8000  loss=0.9865  elapsed=1468s  ETA=298s
[2026-04-12 03:55:17]         [IG] iter  6700/8000  loss=0.9906  elapsed=1479s  ETA=287s
[2026-04-12 03:55:28]         [IG] iter  6750/8000  loss=0.9823  elapsed=1491s  ETA=276s
[2026-04-12 03:55:39]         [IG] iter  6800/8000  loss=0.9869  elapsed=1502s  ETA=265s
[2026-04-12 03:55:50]         [IG] iter  6850/8000  loss=0.9856  elapsed=1513s  ETA=254s
[2026-04-12 03:56:01]         [IG] iter  6900/8000  loss=0.9800  elapsed=1523s  ETA=243s
[2026-04-12 03:56:12]         [IG] iter  6950/8000  loss=0.9864  elapsed=1534s  ETA=232s
[2026-04-12 03:56:23]         [IG] iter  7000/8000  loss=0.9895  elapsed=1545s  ETA=221s
[2026-04-12 03:56:33]         [IG] iter  7050/8000  loss=0.9832  elapsed=1556s  ETA=210s
[2026-04-12 03:56:44]         [IG] iter  7100/8000  loss=0.9859  elapsed=1567s  ETA=199s
[2026-04-12 03:56:55]         [IG] iter  7150/8000  loss=0.9903  elapsed=1578s  ETA=188s
[2026-04-12 03:57:06]         [IG] iter  7200/8000  loss=0.9895  elapsed=1589s  ETA=177s
[2026-04-12 03:57:17]         [IG] iter  7250/8000  loss=0.9892  elapsed=1599s  ETA=165s
[2026-04-12 03:57:28]         [IG] iter  7300/8000  loss=0.9883  elapsed=1611s  ETA=154s
[2026-04-12 03:57:39]         [IG] iter  7350/8000  loss=0.9847  elapsed=1622s  ETA=143s
[2026-04-12 03:57:50]         [IG] iter  7400/8000  loss=0.9864  elapsed=1633s  ETA=132s
[2026-04-12 03:58:01]         [IG] iter  7450/8000  loss=0.9885  elapsed=1643s  ETA=121s
[2026-04-12 03:58:12]         [IG] iter  7500/8000  loss=0.9922  elapsed=1654s  ETA=110s
[2026-04-12 03:58:23]         [IG] iter  7550/8000  loss=0.9886  elapsed=1665s  ETA=99s
[2026-04-12 03:58:34]         [IG] iter  7600/8000  loss=0.9837  elapsed=1676s  ETA=88s
[2026-04-12 03:58:45]         [IG] iter  7650/8000  loss=0.9875  elapsed=1687s  ETA=77s
[2026-04-12 03:58:56]         [IG] iter  7700/8000  loss=0.9866  elapsed=1699s  ETA=66s
[2026-04-12 03:59:07]         [IG] iter  7750/8000  loss=0.9920  elapsed=1709s  ETA=55s
[2026-04-12 03:59:18]         [IG] iter  7800/8000  loss=0.9819  elapsed=1720s  ETA=44s
[2026-04-12 03:59:29]         [IG] iter  7850/8000  loss=0.9840  elapsed=1731s  ETA=33s
[2026-04-12 03:59:39]         [IG] iter  7900/8000  loss=0.9879  elapsed=1742s  ETA=22s
[2026-04-12 03:59:50]         [IG] iter  7950/8000  loss=0.9816  elapsed=1753s  ETA=11s
[2026-04-12 04:00:01]         [IG] iter  8000/8000  loss=0.9834  elapsed=1763s  ETA=0s
[2026-04-12 04:00:01]         [IG] restart 1 done — final loss=0.9834
[2026-04-12 04:00:01]       [none/no-defense] img 8/10 — attack done in 1763.5s
[2026-04-12 04:00:01]       [none/no-defense] img 8/10 — PSNR=7.93  SSIM=0.0197  LPIPS=0.3193
[2026-04-12 04:00:01]       [none/no-defense] img 9/10 — computing true gradient...
[2026-04-12 04:00:01]       [none/no-defense] img 9/10 — applying defense: none ...
[2026-04-12 04:00:01]       [none/no-defense] img 9/10 — running IG attack...
[2026-04-12 04:00:01]         [IG] restart 1/1 — 8000 iterations ...
[2026-04-12 04:00:12]         [IG] iter    50/8000  loss=0.9933  elapsed=11s  ETA=1722s
[2026-04-12 04:00:23]         [IG] iter   100/8000  loss=0.9947  elapsed=22s  ETA=1707s
[2026-04-12 04:00:34]         [IG] iter   150/8000  loss=0.9875  elapsed=32s  ETA=1695s
[2026-04-12 04:00:45]         [IG] iter   200/8000  loss=0.9828  elapsed=43s  ETA=1691s
[2026-04-12 04:00:55]         [IG] iter   250/8000  loss=0.9930  elapsed=54s  ETA=1683s
[2026-04-12 04:01:06]         [IG] iter   300/8000  loss=0.9926  elapsed=65s  ETA=1674s
[2026-04-12 04:01:17]         [IG] iter   350/8000  loss=0.9925  elapsed=76s  ETA=1668s
[2026-04-12 04:01:29]         [IG] iter   400/8000  loss=0.9873  elapsed=87s  ETA=1660s
[2026-04-12 04:01:39]         [IG] iter   450/8000  loss=0.9884  elapsed=98s  ETA=1648s
[2026-04-12 04:01:50]         [IG] iter   500/8000  loss=0.9839  elapsed=109s  ETA=1637s
[2026-04-12 04:02:01]         [IG] iter   550/8000  loss=0.9878  elapsed=120s  ETA=1626s
[2026-04-12 04:02:12]         [IG] iter   600/8000  loss=0.9838  elapsed=131s  ETA=1615s
[2026-04-12 04:02:23]         [IG] iter   650/8000  loss=0.9876  elapsed=142s  ETA=1603s
[2026-04-12 04:02:34]         [IG] iter   700/8000  loss=0.9863  elapsed=153s  ETA=1591s
[2026-04-12 04:02:45]         [IG] iter   750/8000  loss=0.9830  elapsed=163s  ETA=1579s
[2026-04-12 04:02:55]         [IG] iter   800/8000  loss=0.9878  elapsed=174s  ETA=1568s
[2026-04-12 04:03:06]         [IG] iter   850/8000  loss=0.9836  elapsed=185s  ETA=1558s
[2026-04-12 04:03:17]         [IG] iter   900/8000  loss=0.9838  elapsed=196s  ETA=1547s
[2026-04-12 04:03:28]         [IG] iter   950/8000  loss=0.9824  elapsed=207s  ETA=1537s
[2026-04-12 04:03:39]         [IG] iter  1000/8000  loss=0.9898  elapsed=218s  ETA=1526s
[2026-04-12 04:03:50]         [IG] iter  1050/8000  loss=0.9850  elapsed=229s  ETA=1515s
[2026-04-12 04:04:01]         [IG] iter  1100/8000  loss=0.9874  elapsed=240s  ETA=1504s
[2026-04-12 04:04:12]         [IG] iter  1150/8000  loss=0.9854  elapsed=250s  ETA=1492s
[2026-04-12 04:04:23]         [IG] iter  1200/8000  loss=0.9870  elapsed=261s  ETA=1481s
[2026-04-12 04:04:34]         [IG] iter  1250/8000  loss=0.9834  elapsed=272s  ETA=1471s
[2026-04-12 04:04:44]         [IG] iter  1300/8000  loss=0.9844  elapsed=283s  ETA=1459s
[2026-04-12 04:04:55]         [IG] iter  1350/8000  loss=0.9888  elapsed=294s  ETA=1448s
[2026-04-12 04:05:06]         [IG] iter  1400/8000  loss=0.9906  elapsed=305s  ETA=1437s
[2026-04-12 04:05:17]         [IG] iter  1450/8000  loss=0.9929  elapsed=316s  ETA=1426s
[2026-04-12 04:05:28]         [IG] iter  1500/8000  loss=0.9927  elapsed=327s  ETA=1416s
[2026-04-12 04:05:39]         [IG] iter  1550/8000  loss=0.9938  elapsed=338s  ETA=1407s
[2026-04-12 04:05:51]         [IG] iter  1600/8000  loss=0.9900  elapsed=349s  ETA=1398s
[2026-04-12 04:06:02]         [IG] iter  1650/8000  loss=0.9909  elapsed=361s  ETA=1388s
[2026-04-12 04:06:13]         [IG] iter  1700/8000  loss=0.9914  elapsed=372s  ETA=1379s
[2026-04-12 04:06:24]         [IG] iter  1750/8000  loss=0.9903  elapsed=383s  ETA=1368s
[2026-04-12 04:06:35]         [IG] iter  1800/8000  loss=0.9974  elapsed=394s  ETA=1356s
[2026-04-12 04:06:46]         [IG] iter  1850/8000  loss=0.9908  elapsed=405s  ETA=1345s
[2026-04-12 04:06:57]         [IG] iter  1900/8000  loss=0.9876  elapsed=415s  ETA=1334s
[2026-04-12 04:07:08]         [IG] iter  1950/8000  loss=0.9901  elapsed=426s  ETA=1323s
[2026-04-12 04:07:19]         [IG] iter  2000/8000  loss=0.9878  elapsed=437s  ETA=1312s
[2026-04-12 04:07:30]         [IG] iter  2050/8000  loss=0.9947  elapsed=448s  ETA=1301s
[2026-04-12 04:07:41]         [IG] iter  2100/8000  loss=0.9898  elapsed=459s  ETA=1291s
[2026-04-12 04:07:52]         [IG] iter  2150/8000  loss=0.9932  elapsed=470s  ETA=1280s
[2026-04-12 04:08:02]         [IG] iter  2200/8000  loss=0.9914  elapsed=481s  ETA=1269s
[2026-04-12 04:08:13]         [IG] iter  2250/8000  loss=0.9985  elapsed=492s  ETA=1258s
[2026-04-12 04:08:25]         [IG] iter  2300/8000  loss=0.9921  elapsed=503s  ETA=1247s
[2026-04-12 04:08:36]         [IG] iter  2350/8000  loss=0.9871  elapsed=515s  ETA=1237s
[2026-04-12 04:08:47]         [IG] iter  2400/8000  loss=0.9828  elapsed=526s  ETA=1227s
[2026-04-12 04:08:58]         [IG] iter  2450/8000  loss=0.9874  elapsed=537s  ETA=1216s
[2026-04-12 04:09:09]         [IG] iter  2500/8000  loss=0.9908  elapsed=548s  ETA=1206s
[2026-04-12 04:09:21]         [IG] iter  2550/8000  loss=0.9930  elapsed=559s  ETA=1195s
[2026-04-12 04:09:32]         [IG] iter  2600/8000  loss=0.9835  elapsed=571s  ETA=1185s
[2026-04-12 04:09:43]         [IG] iter  2650/8000  loss=0.9833  elapsed=582s  ETA=1175s
[2026-04-12 04:09:54]         [IG] iter  2700/8000  loss=0.9861  elapsed=593s  ETA=1164s
[2026-04-12 04:10:05]         [IG] iter  2750/8000  loss=0.9855  elapsed=604s  ETA=1153s
[2026-04-12 04:10:16]         [IG] iter  2800/8000  loss=0.9869  elapsed=615s  ETA=1142s
[2026-04-12 04:10:27]         [IG] iter  2850/8000  loss=0.9833  elapsed=625s  ETA=1130s
[2026-04-12 04:10:37]         [IG] iter  2900/8000  loss=0.9808  elapsed=636s  ETA=1119s
[2026-04-12 04:10:48]         [IG] iter  2950/8000  loss=0.9873  elapsed=647s  ETA=1107s
[2026-04-12 04:10:59]         [IG] iter  3000/8000  loss=0.9869  elapsed=658s  ETA=1096s
[2026-04-12 04:11:10]         [IG] iter  3050/8000  loss=0.9883  elapsed=668s  ETA=1085s
[2026-04-12 04:11:20]         [IG] iter  3100/8000  loss=0.9856  elapsed=679s  ETA=1074s
[2026-04-12 04:11:31]         [IG] iter  3150/8000  loss=0.9818  elapsed=690s  ETA=1062s
[2026-04-12 04:11:42]         [IG] iter  3200/8000  loss=0.9861  elapsed=701s  ETA=1051s
[2026-04-12 04:11:53]         [IG] iter  3250/8000  loss=0.9898  elapsed=712s  ETA=1041s
[2026-04-12 04:12:05]         [IG] iter  3300/8000  loss=0.9842  elapsed=723s  ETA=1030s
[2026-04-12 04:12:16]         [IG] iter  3350/8000  loss=0.9827  elapsed=735s  ETA=1020s
[2026-04-12 04:12:27]         [IG] iter  3400/8000  loss=0.9844  elapsed=746s  ETA=1009s
[2026-04-12 04:12:38]         [IG] iter  3450/8000  loss=0.9862  elapsed=757s  ETA=999s
[2026-04-12 04:12:50]         [IG] iter  3500/8000  loss=0.9813  elapsed=768s  ETA=988s
[2026-04-12 04:13:01]         [IG] iter  3550/8000  loss=0.9831  elapsed=780s  ETA=977s
[2026-04-12 04:13:12]         [IG] iter  3600/8000  loss=0.9860  elapsed=791s  ETA=966s
[2026-04-12 04:13:23]         [IG] iter  3650/8000  loss=0.9897  elapsed=801s  ETA=955s
[2026-04-12 04:13:34]         [IG] iter  3700/8000  loss=0.9848  elapsed=812s  ETA=944s
[2026-04-12 04:13:45]         [IG] iter  3750/8000  loss=0.9868  elapsed=824s  ETA=933s
[2026-04-12 04:13:56]         [IG] iter  3800/8000  loss=0.9837  elapsed=835s  ETA=923s
[2026-04-12 04:14:07]         [IG] iter  3850/8000  loss=0.9895  elapsed=846s  ETA=912s
[2026-04-12 04:14:18]         [IG] iter  3900/8000  loss=0.9825  elapsed=857s  ETA=901s
[2026-04-12 04:14:29]         [IG] iter  3950/8000  loss=0.9847  elapsed=868s  ETA=890s
[2026-04-12 04:14:40]         [IG] iter  4000/8000  loss=0.9879  elapsed=879s  ETA=879s
[2026-04-12 04:14:51]         [IG] iter  4050/8000  loss=0.9849  elapsed=889s  ETA=868s
[2026-04-12 04:15:01]         [IG] iter  4100/8000  loss=0.9891  elapsed=900s  ETA=856s
[2026-04-12 04:15:12]         [IG] iter  4150/8000  loss=0.9879  elapsed=911s  ETA=845s
[2026-04-12 04:15:23]         [IG] iter  4200/8000  loss=0.9857  elapsed=922s  ETA=834s
[2026-04-12 04:15:34]         [IG] iter  4250/8000  loss=0.9830  elapsed=933s  ETA=823s
[2026-04-12 04:15:45]         [IG] iter  4300/8000  loss=0.9853  elapsed=944s  ETA=812s
[2026-04-12 04:15:56]         [IG] iter  4350/8000  loss=0.9818  elapsed=955s  ETA=801s
[2026-04-12 04:16:08]         [IG] iter  4400/8000  loss=0.9853  elapsed=966s  ETA=791s
[2026-04-12 04:16:19]         [IG] iter  4450/8000  loss=0.9816  elapsed=977s  ETA=780s
[2026-04-12 04:16:30]         [IG] iter  4500/8000  loss=0.9856  elapsed=989s  ETA=769s
[2026-04-12 04:16:41]         [IG] iter  4550/8000  loss=0.9870  elapsed=1000s  ETA=758s
[2026-04-12 04:16:52]         [IG] iter  4600/8000  loss=0.9874  elapsed=1011s  ETA=747s
[2026-04-12 04:17:03]         [IG] iter  4650/8000  loss=0.9872  elapsed=1022s  ETA=736s
[2026-04-12 04:17:14]         [IG] iter  4700/8000  loss=0.9868  elapsed=1032s  ETA=725s
[2026-04-12 04:17:24]         [IG] iter  4750/8000  loss=0.9849  elapsed=1043s  ETA=714s
[2026-04-12 04:17:35]         [IG] iter  4800/8000  loss=0.9860  elapsed=1054s  ETA=703s
[2026-04-12 04:17:46]         [IG] iter  4850/8000  loss=0.9834  elapsed=1065s  ETA=692s
[2026-04-12 04:17:57]         [IG] iter  4900/8000  loss=0.9839  elapsed=1076s  ETA=681s
[2026-04-12 04:18:08]         [IG] iter  4950/8000  loss=0.9817  elapsed=1087s  ETA=670s
[2026-04-12 04:18:20]         [IG] iter  5000/8000  loss=0.9869  elapsed=1098s  ETA=659s
[2026-04-12 04:18:31]         [IG] iter  5050/8000  loss=0.9822  elapsed=1110s  ETA=648s
[2026-04-12 04:18:42]         [IG] iter  5100/8000  loss=0.9827  elapsed=1121s  ETA=637s
[2026-04-12 04:18:53]         [IG] iter  5150/8000  loss=0.9849  elapsed=1132s  ETA=626s
[2026-04-12 04:19:04]         [IG] iter  5200/8000  loss=0.9845  elapsed=1143s  ETA=615s
[2026-04-12 04:19:15]         [IG] iter  5250/8000  loss=0.9829  elapsed=1153s  ETA=604s
[2026-04-12 04:19:25]         [IG] iter  5300/8000  loss=0.9870  elapsed=1164s  ETA=593s
[2026-04-12 04:19:36]         [IG] iter  5350/8000  loss=0.9829  elapsed=1175s  ETA=582s
[2026-04-12 04:19:47]         [IG] iter  5400/8000  loss=0.9848  elapsed=1186s  ETA=571s
[2026-04-12 04:19:58]         [IG] iter  5450/8000  loss=0.9880  elapsed=1197s  ETA=560s
[2026-04-12 04:20:09]         [IG] iter  5500/8000  loss=0.9876  elapsed=1208s  ETA=549s
[2026-04-12 04:20:20]         [IG] iter  5550/8000  loss=0.9883  elapsed=1218s  ETA=538s
[2026-04-12 04:20:30]         [IG] iter  5600/8000  loss=0.9859  elapsed=1229s  ETA=527s
[2026-04-12 04:20:41]         [IG] iter  5650/8000  loss=0.9877  elapsed=1240s  ETA=516s
[2026-04-12 04:20:52]         [IG] iter  5700/8000  loss=0.9884  elapsed=1251s  ETA=505s
[2026-04-12 04:21:03]         [IG] iter  5750/8000  loss=0.9843  elapsed=1261s  ETA=494s
[2026-04-12 04:21:13]         [IG] iter  5800/8000  loss=0.9878  elapsed=1272s  ETA=483s
[2026-04-12 04:21:24]         [IG] iter  5850/8000  loss=0.9877  elapsed=1283s  ETA=471s
[2026-04-12 04:21:35]         [IG] iter  5900/8000  loss=0.9907  elapsed=1294s  ETA=460s
[2026-04-12 04:21:46]         [IG] iter  5950/8000  loss=0.9831  elapsed=1305s  ETA=450s
[2026-04-12 04:21:57]         [IG] iter  6000/8000  loss=0.9909  elapsed=1315s  ETA=438s
[2026-04-12 04:22:08]         [IG] iter  6050/8000  loss=0.9845  elapsed=1326s  ETA=428s
[2026-04-12 04:22:18]         [IG] iter  6100/8000  loss=0.9896  elapsed=1337s  ETA=417s
[2026-04-12 04:22:29]         [IG] iter  6150/8000  loss=0.9837  elapsed=1348s  ETA=406s
[2026-04-12 04:22:41]         [IG] iter  6200/8000  loss=0.9880  elapsed=1359s  ETA=395s
[2026-04-12 04:22:51]         [IG] iter  6250/8000  loss=0.9871  elapsed=1370s  ETA=384s
[2026-04-12 04:23:02]         [IG] iter  6300/8000  loss=0.9847  elapsed=1381s  ETA=373s
[2026-04-12 04:23:13]         [IG] iter  6350/8000  loss=0.9863  elapsed=1392s  ETA=362s
[2026-04-12 04:23:24]         [IG] iter  6400/8000  loss=0.9881  elapsed=1403s  ETA=351s
[2026-04-12 04:23:35]         [IG] iter  6450/8000  loss=0.9836  elapsed=1413s  ETA=340s
[2026-04-12 04:23:46]         [IG] iter  6500/8000  loss=0.9938  elapsed=1424s  ETA=329s
[2026-04-12 04:23:57]         [IG] iter  6550/8000  loss=0.9874  elapsed=1436s  ETA=318s
[2026-04-12 04:24:08]         [IG] iter  6600/8000  loss=0.9879  elapsed=1447s  ETA=307s
[2026-04-12 04:24:19]         [IG] iter  6650/8000  loss=0.9892  elapsed=1458s  ETA=296s
[2026-04-12 04:24:30]         [IG] iter  6700/8000  loss=0.9889  elapsed=1469s  ETA=285s
[2026-04-12 04:24:41]         [IG] iter  6750/8000  loss=0.9872  elapsed=1479s  ETA=274s
[2026-04-12 04:24:51]         [IG] iter  6800/8000  loss=0.9889  elapsed=1490s  ETA=263s
[2026-04-12 04:25:02]         [IG] iter  6850/8000  loss=0.9890  elapsed=1501s  ETA=252s
[2026-04-12 04:25:13]         [IG] iter  6900/8000  loss=0.9896  elapsed=1512s  ETA=241s
[2026-04-12 04:25:24]         [IG] iter  6950/8000  loss=0.9887  elapsed=1522s  ETA=230s
[2026-04-12 04:25:34]         [IG] iter  7000/8000  loss=0.9843  elapsed=1533s  ETA=219s
[2026-04-12 04:25:45]         [IG] iter  7050/8000  loss=0.9929  elapsed=1544s  ETA=208s
[2026-04-12 04:25:56]         [IG] iter  7100/8000  loss=0.9868  elapsed=1555s  ETA=197s
[2026-04-12 04:26:07]         [IG] iter  7150/8000  loss=0.9902  elapsed=1565s  ETA=186s
[2026-04-12 04:26:17]         [IG] iter  7200/8000  loss=0.9871  elapsed=1576s  ETA=175s
[2026-04-12 04:26:28]         [IG] iter  7250/8000  loss=0.9901  elapsed=1587s  ETA=164s
[2026-04-12 04:26:40]         [IG] iter  7300/8000  loss=0.9892  elapsed=1598s  ETA=153s
[2026-04-12 04:26:51]         [IG] iter  7350/8000  loss=0.9871  elapsed=1609s  ETA=142s
[2026-04-12 04:27:02]         [IG] iter  7400/8000  loss=0.9862  elapsed=1621s  ETA=131s
[2026-04-12 04:27:13]         [IG] iter  7450/8000  loss=0.9864  elapsed=1632s  ETA=120s
[2026-04-12 04:27:24]         [IG] iter  7500/8000  loss=0.9897  elapsed=1643s  ETA=110s
[2026-04-12 04:27:36]         [IG] iter  7550/8000  loss=0.9891  elapsed=1655s  ETA=99s
[2026-04-12 04:27:47]         [IG] iter  7600/8000  loss=0.9857  elapsed=1666s  ETA=88s
[2026-04-12 04:27:58]         [IG] iter  7650/8000  loss=0.9863  elapsed=1677s  ETA=77s
[2026-04-12 04:28:09]         [IG] iter  7700/8000  loss=0.9847  elapsed=1688s  ETA=66s
[2026-04-12 04:28:20]         [IG] iter  7750/8000  loss=0.9899  elapsed=1699s  ETA=55s
[2026-04-12 04:28:31]         [IG] iter  7800/8000  loss=0.9879  elapsed=1710s  ETA=44s
[2026-04-12 04:28:42]         [IG] iter  7850/8000  loss=0.9866  elapsed=1720s  ETA=33s
[2026-04-12 04:28:52]         [IG] iter  7900/8000  loss=0.9856  elapsed=1731s  ETA=22s
[2026-04-12 04:29:03]         [IG] iter  7950/8000  loss=0.9869  elapsed=1742s  ETA=11s
[2026-04-12 04:29:14]         [IG] iter  8000/8000  loss=0.9872  elapsed=1753s  ETA=0s
[2026-04-12 04:29:14]         [IG] restart 1 done — final loss=0.9872
[2026-04-12 04:29:14]       [none/no-defense] img 9/10 — attack done in 1752.6s
[2026-04-12 04:29:14]       [none/no-defense] img 9/10 — PSNR=7.25  SSIM=0.0249  LPIPS=0.2460
[2026-04-12 04:29:14]       [none/no-defense] img 10/10 — computing true gradient...
[2026-04-12 04:29:14]       [none/no-defense] img 10/10 — applying defense: none ...
[2026-04-12 04:29:14]       [none/no-defense] img 10/10 — running IG attack...
[2026-04-12 04:29:14]         [IG] restart 1/1 — 8000 iterations ...
[2026-04-12 04:29:25]         [IG] iter    50/8000  loss=0.9956  elapsed=11s  ETA=1718s
[2026-04-12 04:29:36]         [IG] iter   100/8000  loss=0.9888  elapsed=22s  ETA=1710s
[2026-04-12 04:29:46]         [IG] iter   150/8000  loss=0.9950  elapsed=32s  ETA=1700s
[2026-04-12 04:29:57]         [IG] iter   200/8000  loss=0.9946  elapsed=43s  ETA=1689s
[2026-04-12 04:30:08]         [IG] iter   250/8000  loss=0.9790  elapsed=54s  ETA=1675s
[2026-04-12 04:30:19]         [IG] iter   300/8000  loss=0.9944  elapsed=65s  ETA=1663s
[2026-04-12 04:30:30]         [IG] iter   350/8000  loss=0.9927  elapsed=76s  ETA=1655s
[2026-04-12 04:30:41]         [IG] iter   400/8000  loss=0.9938  elapsed=87s  ETA=1645s
[2026-04-12 04:30:52]         [IG] iter   450/8000  loss=0.9836  elapsed=98s  ETA=1644s
[2026-04-12 04:31:03]         [IG] iter   500/8000  loss=0.9824  elapsed=109s  ETA=1639s
[2026-04-12 04:31:15]         [IG] iter   550/8000  loss=0.9941  elapsed=121s  ETA=1633s
[2026-04-12 04:31:26]         [IG] iter   600/8000  loss=0.9901  elapsed=132s  ETA=1623s
[2026-04-12 04:31:36]         [IG] iter   650/8000  loss=0.9903  elapsed=142s  ETA=1611s
[2026-04-12 04:31:47]         [IG] iter   700/8000  loss=0.9904  elapsed=153s  ETA=1600s
[2026-04-12 04:31:59]         [IG] iter   750/8000  loss=0.9889  elapsed=165s  ETA=1590s
[2026-04-12 04:32:10]         [IG] iter   800/8000  loss=0.9718  elapsed=176s  ETA=1581s
[2026-04-12 04:32:20]         [IG] iter   850/8000  loss=0.9878  elapsed=186s  ETA=1568s
[2026-04-12 04:32:31]         [IG] iter   900/8000  loss=0.9840  elapsed=197s  ETA=1555s
[2026-04-12 04:32:42]         [IG] iter   950/8000  loss=0.9848  elapsed=208s  ETA=1543s
[2026-04-12 04:32:53]         [IG] iter  1000/8000  loss=0.9903  elapsed=219s  ETA=1530s
[2026-04-12 04:33:03]         [IG] iter  1050/8000  loss=0.9828  elapsed=229s  ETA=1517s
[2026-04-12 04:33:14]         [IG] iter  1100/8000  loss=0.9922  elapsed=240s  ETA=1505s
[2026-04-12 04:33:25]         [IG] iter  1150/8000  loss=0.9738  elapsed=251s  ETA=1493s
[2026-04-12 04:33:35]         [IG] iter  1200/8000  loss=0.9762  elapsed=261s  ETA=1482s
[2026-04-12 04:33:46]         [IG] iter  1250/8000  loss=0.9862  elapsed=272s  ETA=1471s
[2026-04-12 04:33:57]         [IG] iter  1300/8000  loss=0.9761  elapsed=283s  ETA=1460s
[2026-04-12 04:34:08]         [IG] iter  1350/8000  loss=0.9858  elapsed=295s  ETA=1451s
[2026-04-12 04:34:20]         [IG] iter  1400/8000  loss=0.9780  elapsed=306s  ETA=1441s
[2026-04-12 04:34:31]         [IG] iter  1450/8000  loss=0.9885  elapsed=317s  ETA=1431s
[2026-04-12 04:34:42]         [IG] iter  1500/8000  loss=0.9760  elapsed=328s  ETA=1421s
[2026-04-12 04:34:53]         [IG] iter  1550/8000  loss=0.9782  elapsed=339s  ETA=1412s
[2026-04-12 04:35:05]         [IG] iter  1600/8000  loss=0.9793  elapsed=351s  ETA=1403s
[2026-04-12 04:35:16]         [IG] iter  1650/8000  loss=0.9949  elapsed=362s  ETA=1393s
[2026-04-12 04:35:27]         [IG] iter  1700/8000  loss=0.9810  elapsed=373s  ETA=1383s
[2026-04-12 04:35:39]         [IG] iter  1750/8000  loss=0.9888  elapsed=385s  ETA=1373s
[2026-04-12 04:35:50]         [IG] iter  1800/8000  loss=0.9890  elapsed=396s  ETA=1363s
[2026-04-12 04:36:01]         [IG] iter  1850/8000  loss=0.9879  elapsed=407s  ETA=1354s
[2026-04-12 04:36:12]         [IG] iter  1900/8000  loss=0.9953  elapsed=418s  ETA=1343s
[2026-04-12 04:36:23]         [IG] iter  1950/8000  loss=0.9815  elapsed=429s  ETA=1331s
[2026-04-12 04:36:34]         [IG] iter  2000/8000  loss=0.9912  elapsed=440s  ETA=1319s
[2026-04-12 04:36:45]         [IG] iter  2050/8000  loss=0.9871  elapsed=451s  ETA=1308s
[2026-04-12 04:36:56]         [IG] iter  2100/8000  loss=0.9901  elapsed=462s  ETA=1297s
[2026-04-12 04:37:07]         [IG] iter  2150/8000  loss=0.9866  elapsed=473s  ETA=1286s
[2026-04-12 04:37:17]         [IG] iter  2200/8000  loss=0.9856  elapsed=484s  ETA=1275s
[2026-04-12 04:37:28]         [IG] iter  2250/8000  loss=0.9894  elapsed=494s  ETA=1263s
[2026-04-12 04:37:39]         [IG] iter  2300/8000  loss=0.9893  elapsed=505s  ETA=1252s
[2026-04-12 04:37:50]         [IG] iter  2350/8000  loss=0.9826  elapsed=516s  ETA=1241s
[2026-04-12 04:38:01]         [IG] iter  2400/8000  loss=0.9903  elapsed=527s  ETA=1229s
[2026-04-12 04:38:12]         [IG] iter  2450/8000  loss=0.9931  elapsed=538s  ETA=1218s
[2026-04-12 04:38:23]         [IG] iter  2500/8000  loss=0.9905  elapsed=549s  ETA=1207s
[2026-04-12 04:38:33]         [IG] iter  2550/8000  loss=0.9861  elapsed=559s  ETA=1196s
[2026-04-12 04:38:45]         [IG] iter  2600/8000  loss=0.9940  elapsed=571s  ETA=1185s
[2026-04-12 04:38:56]         [IG] iter  2650/8000  loss=0.9849  elapsed=582s  ETA=1175s
[2026-04-12 04:39:07]         [IG] iter  2700/8000  loss=0.9848  elapsed=593s  ETA=1164s
[2026-04-12 04:39:18]         [IG] iter  2750/8000  loss=0.9834  elapsed=604s  ETA=1153s
[2026-04-12 04:39:29]         [IG] iter  2800/8000  loss=0.9888  elapsed=615s  ETA=1143s
[2026-04-12 04:39:41]         [IG] iter  2850/8000  loss=0.9827  elapsed=627s  ETA=1133s
[2026-04-12 04:39:52]         [IG] iter  2900/8000  loss=0.9918  elapsed=639s  ETA=1123s
[2026-04-12 04:40:04]         [IG] iter  2950/8000  loss=0.9876  elapsed=650s  ETA=1112s
[2026-04-12 04:40:15]         [IG] iter  3000/8000  loss=0.9897  elapsed=661s  ETA=1102s
[2026-04-12 04:40:26]         [IG] iter  3050/8000  loss=0.9767  elapsed=672s  ETA=1091s
[2026-04-12 04:40:37]         [IG] iter  3100/8000  loss=0.9821  elapsed=684s  ETA=1080s
[2026-04-12 04:40:49]         [IG] iter  3150/8000  loss=0.9766  elapsed=695s  ETA=1070s
[2026-04-12 04:41:00]         [IG] iter  3200/8000  loss=0.9814  elapsed=706s  ETA=1059s
[2026-04-12 04:41:11]         [IG] iter  3250/8000  loss=0.9746  elapsed=717s  ETA=1048s
[2026-04-12 04:41:22]         [IG] iter  3300/8000  loss=0.9867  elapsed=728s  ETA=1037s
[2026-04-12 04:41:33]         [IG] iter  3350/8000  loss=0.9798  elapsed=739s  ETA=1026s
[2026-04-12 04:41:44]         [IG] iter  3400/8000  loss=0.9849  elapsed=750s  ETA=1015s
[2026-04-12 04:41:55]         [IG] iter  3450/8000  loss=0.9844  elapsed=761s  ETA=1004s
[2026-04-12 04:42:07]         [IG] iter  3500/8000  loss=0.9836  elapsed=773s  ETA=993s
[2026-04-12 04:42:17]         [IG] iter  3550/8000  loss=0.9766  elapsed=783s  ETA=982s
[2026-04-12 04:42:28]         [IG] iter  3600/8000  loss=0.9809  elapsed=794s  ETA=971s
[2026-04-12 04:42:39]         [IG] iter  3650/8000  loss=0.9771  elapsed=805s  ETA=960s
[2026-04-12 04:42:50]         [IG] iter  3700/8000  loss=0.9770  elapsed=816s  ETA=949s
[2026-04-12 04:43:01]         [IG] iter  3750/8000  loss=0.9791  elapsed=827s  ETA=938s
[2026-04-12 04:43:12]         [IG] iter  3800/8000  loss=0.9760  elapsed=838s  ETA=926s
[2026-04-12 04:43:23]         [IG] iter  3850/8000  loss=0.9747  elapsed=849s  ETA=915s
[2026-04-12 04:43:34]         [IG] iter  3900/8000  loss=0.9830  elapsed=860s  ETA=904s
[2026-04-12 04:43:45]         [IG] iter  3950/8000  loss=0.9853  elapsed=871s  ETA=893s
[2026-04-12 04:43:56]         [IG] iter  4000/8000  loss=0.9860  elapsed=882s  ETA=882s
[2026-04-12 04:44:08]         [IG] iter  4050/8000  loss=0.9894  elapsed=894s  ETA=872s
[2026-04-12 04:44:19]         [IG] iter  4100/8000  loss=0.9815  elapsed=905s  ETA=861s
[2026-04-12 04:44:30]         [IG] iter  4150/8000  loss=0.9837  elapsed=916s  ETA=850s
[2026-04-12 04:44:42]         [IG] iter  4200/8000  loss=0.9815  elapsed=928s  ETA=839s
[2026-04-12 04:44:53]         [IG] iter  4250/8000  loss=0.9848  elapsed=939s  ETA=828s
[2026-04-12 04:45:04]         [IG] iter  4300/8000  loss=0.9824  elapsed=950s  ETA=817s
[2026-04-12 04:45:15]         [IG] iter  4350/8000  loss=0.9854  elapsed=961s  ETA=806s
[2026-04-12 04:45:26]         [IG] iter  4400/8000  loss=0.9814  elapsed=972s  ETA=795s
[2026-04-12 04:45:37]         [IG] iter  4450/8000  loss=0.9828  elapsed=983s  ETA=784s
[2026-04-12 04:45:48]         [IG] iter  4500/8000  loss=0.9861  elapsed=994s  ETA=773s
[2026-04-12 04:45:59]         [IG] iter  4550/8000  loss=0.9886  elapsed=1005s  ETA=762s
[2026-04-12 04:46:10]         [IG] iter  4600/8000  loss=0.9883  elapsed=1016s  ETA=751s
[2026-04-12 04:46:21]         [IG] iter  4650/8000  loss=0.9917  elapsed=1027s  ETA=740s
[2026-04-12 04:46:33]         [IG] iter  4700/8000  loss=0.9837  elapsed=1039s  ETA=729s
[2026-04-12 04:46:44]         [IG] iter  4750/8000  loss=0.9870  elapsed=1050s  ETA=718s
[2026-04-12 04:46:55]         [IG] iter  4800/8000  loss=0.9906  elapsed=1061s  ETA=707s
[2026-04-12 04:47:06]         [IG] iter  4850/8000  loss=0.9849  elapsed=1072s  ETA=696s
[2026-04-12 04:47:17]         [IG] iter  4900/8000  loss=0.9859  elapsed=1083s  ETA=685s
[2026-04-12 04:47:28]         [IG] iter  4950/8000  loss=0.9830  elapsed=1094s  ETA=674s
[2026-04-12 04:47:39]         [IG] iter  5000/8000  loss=0.9871  elapsed=1105s  ETA=663s
[2026-04-12 04:47:50]         [IG] iter  5050/8000  loss=0.9790  elapsed=1116s  ETA=652s
[2026-04-12 04:48:01]         [IG] iter  5100/8000  loss=0.9843  elapsed=1127s  ETA=641s
[2026-04-12 04:48:12]         [IG] iter  5150/8000  loss=0.9810  elapsed=1138s  ETA=630s
[2026-04-12 04:48:23]         [IG] iter  5200/8000  loss=0.9862  elapsed=1149s  ETA=619s
[2026-04-12 04:48:35]         [IG] iter  5250/8000  loss=0.9877  elapsed=1161s  ETA=608s
[2026-04-12 04:48:46]         [IG] iter  5300/8000  loss=0.9809  elapsed=1172s  ETA=597s
[2026-04-12 04:48:57]         [IG] iter  5350/8000  loss=0.9847  elapsed=1183s  ETA=586s
[2026-04-12 04:49:07]         [IG] iter  5400/8000  loss=0.9836  elapsed=1194s  ETA=575s
[2026-04-12 04:49:18]         [IG] iter  5450/8000  loss=0.9872  elapsed=1204s  ETA=564s
[2026-04-12 04:49:29]         [IG] iter  5500/8000  loss=0.9805  elapsed=1215s  ETA=552s
[2026-04-12 04:49:40]         [IG] iter  5550/8000  loss=0.9851  elapsed=1226s  ETA=541s
[2026-04-12 04:49:51]         [IG] iter  5600/8000  loss=0.9788  elapsed=1237s  ETA=530s
[2026-04-12 04:50:01]         [IG] iter  5650/8000  loss=0.9855  elapsed=1247s  ETA=519s
[2026-04-12 04:50:12]         [IG] iter  5700/8000  loss=0.9844  elapsed=1258s  ETA=508s
[2026-04-12 04:50:23]         [IG] iter  5750/8000  loss=0.9835  elapsed=1269s  ETA=497s
[2026-04-12 04:50:34]         [IG] iter  5800/8000  loss=0.9838  elapsed=1280s  ETA=486s
[2026-04-12 04:50:45]         [IG] iter  5850/8000  loss=0.9802  elapsed=1291s  ETA=475s
[2026-04-12 04:50:57]         [IG] iter  5900/8000  loss=0.9773  elapsed=1303s  ETA=464s
[2026-04-12 04:51:08]         [IG] iter  5950/8000  loss=0.9897  elapsed=1314s  ETA=453s
[2026-04-12 04:51:19]         [IG] iter  6000/8000  loss=0.9835  elapsed=1325s  ETA=442s
[2026-04-12 04:51:29]         [IG] iter  6050/8000  loss=0.9815  elapsed=1335s  ETA=430s
[2026-04-12 04:51:40]         [IG] iter  6100/8000  loss=0.9825  elapsed=1346s  ETA=419s
[2026-04-12 04:51:51]         [IG] iter  6150/8000  loss=0.9787  elapsed=1357s  ETA=408s
[2026-04-12 04:52:02]         [IG] iter  6200/8000  loss=0.9824  elapsed=1368s  ETA=397s
[2026-04-12 04:52:13]         [IG] iter  6250/8000  loss=0.9830  elapsed=1379s  ETA=386s
[2026-04-12 04:52:24]         [IG] iter  6300/8000  loss=0.9842  elapsed=1390s  ETA=375s
[2026-04-12 04:52:35]         [IG] iter  6350/8000  loss=0.9788  elapsed=1401s  ETA=364s
[2026-04-12 04:52:46]         [IG] iter  6400/8000  loss=0.9758  elapsed=1412s  ETA=353s
[2026-04-12 04:52:57]         [IG] iter  6450/8000  loss=0.9807  elapsed=1423s  ETA=342s
[2026-04-12 04:53:08]         [IG] iter  6500/8000  loss=0.9771  elapsed=1434s  ETA=331s
[2026-04-12 04:53:19]         [IG] iter  6550/8000  loss=0.9774  elapsed=1445s  ETA=320s
[2026-04-12 04:53:30]         [IG] iter  6600/8000  loss=0.9817  elapsed=1456s  ETA=309s
[2026-04-12 04:53:42]         [IG] iter  6650/8000  loss=0.9833  elapsed=1468s  ETA=298s
[2026-04-12 04:53:54]         [IG] iter  6700/8000  loss=0.9800  elapsed=1480s  ETA=287s
[2026-04-12 04:54:05]         [IG] iter  6750/8000  loss=0.9811  elapsed=1491s  ETA=276s
[2026-04-12 04:54:16]         [IG] iter  6800/8000  loss=0.9794  elapsed=1502s  ETA=265s
[2026-04-12 04:54:27]         [IG] iter  6850/8000  loss=0.9766  elapsed=1513s  ETA=254s
[2026-04-12 04:54:38]         [IG] iter  6900/8000  loss=0.9819  elapsed=1524s  ETA=243s
[2026-04-12 04:54:49]         [IG] iter  6950/8000  loss=0.9830  elapsed=1536s  ETA=232s
[2026-04-12 04:55:01]         [IG] iter  7000/8000  loss=0.9860  elapsed=1547s  ETA=221s
[2026-04-12 04:55:12]         [IG] iter  7050/8000  loss=0.9796  elapsed=1558s  ETA=210s
[2026-04-12 04:55:23]         [IG] iter  7100/8000  loss=0.9796  elapsed=1569s  ETA=199s
[2026-04-12 04:55:35]         [IG] iter  7150/8000  loss=0.9825  elapsed=1581s  ETA=188s
[2026-04-12 04:55:46]         [IG] iter  7200/8000  loss=0.9816  elapsed=1592s  ETA=177s
[2026-04-12 04:55:57]         [IG] iter  7250/8000  loss=0.9816  elapsed=1603s  ETA=166s
[2026-04-12 04:56:08]         [IG] iter  7300/8000  loss=0.9804  elapsed=1614s  ETA=155s
[2026-04-12 04:56:19]         [IG] iter  7350/8000  loss=0.9779  elapsed=1625s  ETA=144s
[2026-04-12 04:56:31]         [IG] iter  7400/8000  loss=0.9787  elapsed=1637s  ETA=133s
[2026-04-12 04:56:42]         [IG] iter  7450/8000  loss=0.9843  elapsed=1648s  ETA=122s
[2026-04-12 04:56:52]         [IG] iter  7500/8000  loss=0.9789  elapsed=1658s  ETA=111s
[2026-04-12 04:57:03]         [IG] iter  7550/8000  loss=0.9811  elapsed=1669s  ETA=99s
[2026-04-12 04:57:14]         [IG] iter  7600/8000  loss=0.9812  elapsed=1680s  ETA=88s
[2026-04-12 04:57:25]         [IG] iter  7650/8000  loss=0.9853  elapsed=1691s  ETA=77s
[2026-04-12 04:57:36]         [IG] iter  7700/8000  loss=0.9788  elapsed=1702s  ETA=66s
[2026-04-12 04:57:47]         [IG] iter  7750/8000  loss=0.9863  elapsed=1713s  ETA=55s
[2026-04-12 04:57:58]         [IG] iter  7800/8000  loss=0.9799  elapsed=1724s  ETA=44s
[2026-04-12 04:58:09]         [IG] iter  7850/8000  loss=0.9795  elapsed=1735s  ETA=33s
[2026-04-12 04:58:20]         [IG] iter  7900/8000  loss=0.9788  elapsed=1746s  ETA=22s
[2026-04-12 04:58:30]         [IG] iter  7950/8000  loss=0.9793  elapsed=1756s  ETA=11s
[2026-04-12 04:58:41]         [IG] iter  8000/8000  loss=0.9785  elapsed=1767s  ETA=0s
[2026-04-12 04:58:41]         [IG] restart 1 done — final loss=0.9785
[2026-04-12 04:58:41]       [none/no-defense] img 10/10 — attack done in 1767.2s
[2026-04-12 04:58:41]       [none/no-defense] img 10/10 — PSNR=7.85  SSIM=0.0368  LPIPS=0.2119
[2026-04-12 04:58:41]   Condition 1/7 COMPLETE (17796.7s)  |  mean PSNR=7.63  mean SSIM=0.0216  mean LPIPS=0.2776
[2026-04-12 04:58:41] 
  ── Condition 2/7: dp/sigma=0.001 ──
[2026-04-12 04:58:41]       [dp/sigma=0.001] img 1/10 — computing true gradient...
[2026-04-12 04:58:41]       [dp/sigma=0.001] img 1/10 — applying defense: dp ...
[2026-04-12 04:58:41]       [dp/sigma=0.001] img 1/10 — running IG attack...
[2026-04-12 04:58:41]         [IG] restart 1/1 — 8000 iterations ...
[2026-04-12 04:58:52]         [IG] iter    50/8000  loss=0.9873  elapsed=11s  ETA=1742s
[2026-04-12 04:59:03]         [IG] iter   100/8000  loss=0.9928  elapsed=22s  ETA=1721s
[2026-04-12 04:59:14]         [IG] iter   150/8000  loss=0.9915  elapsed=33s  ETA=1711s
[2026-04-12 04:59:25]         [IG] iter   200/8000  loss=0.9886  elapsed=43s  ETA=1696s
[2026-04-12 04:59:36]         [IG] iter   250/8000  loss=0.9979  elapsed=54s  ETA=1680s
[2026-04-12 04:59:46]         [IG] iter   300/8000  loss=0.9880  elapsed=65s  ETA=1668s
[2026-04-12 04:59:57]         [IG] iter   350/8000  loss=0.9864  elapsed=76s  ETA=1657s
[2026-04-12 05:00:08]         [IG] iter   400/8000  loss=0.9842  elapsed=87s  ETA=1650s
[2026-04-12 05:00:19]         [IG] iter   450/8000  loss=0.9856  elapsed=98s  ETA=1640s
[2026-04-12 05:00:30]         [IG] iter   500/8000  loss=0.9839  elapsed=109s  ETA=1628s
[2026-04-12 05:00:41]         [IG] iter   550/8000  loss=0.9824  elapsed=119s  ETA=1616s
[2026-04-12 05:00:51]         [IG] iter   600/8000  loss=0.9844  elapsed=130s  ETA=1604s
[2026-04-12 05:01:02]         [IG] iter   650/8000  loss=0.9771  elapsed=141s  ETA=1595s
[2026-04-12 05:01:14]         [IG] iter   700/8000  loss=0.9787  elapsed=152s  ETA=1589s
[2026-04-12 05:01:25]         [IG] iter   750/8000  loss=0.9839  elapsed=164s  ETA=1583s
[2026-04-12 05:01:36]         [IG] iter   800/8000  loss=0.9856  elapsed=175s  ETA=1576s
[2026-04-12 05:01:47]         [IG] iter   850/8000  loss=0.9847  elapsed=186s  ETA=1565s
[2026-04-12 05:01:59]         [IG] iter   900/8000  loss=0.9877  elapsed=197s  ETA=1557s
[2026-04-12 05:02:10]         [IG] iter   950/8000  loss=0.9881  elapsed=208s  ETA=1545s
[2026-04-12 05:02:21]         [IG] iter  1000/8000  loss=0.9941  elapsed=219s  ETA=1534s
[2026-04-12 05:02:31]         [IG] iter  1050/8000  loss=0.9868  elapsed=230s  ETA=1522s
[2026-04-12 05:02:42]         [IG] iter  1100/8000  loss=0.9879  elapsed=241s  ETA=1510s
[2026-04-12 05:02:53]         [IG] iter  1150/8000  loss=0.9836  elapsed=252s  ETA=1499s
[2026-04-12 05:03:04]         [IG] iter  1200/8000  loss=0.9783  elapsed=262s  ETA=1487s
[2026-04-12 05:03:15]         [IG] iter  1250/8000  loss=0.9811  elapsed=273s  ETA=1476s
[2026-04-12 05:03:26]         [IG] iter  1300/8000  loss=0.9870  elapsed=285s  ETA=1467s
[2026-04-12 05:03:37]         [IG] iter  1350/8000  loss=0.9835  elapsed=296s  ETA=1458s
[2026-04-12 05:03:49]         [IG] iter  1400/8000  loss=0.9940  elapsed=308s  ETA=1451s
[2026-04-12 05:04:01]         [IG] iter  1450/8000  loss=0.9926  elapsed=319s  ETA=1442s
[2026-04-12 05:04:12]         [IG] iter  1500/8000  loss=0.9797  elapsed=330s  ETA=1431s
[2026-04-12 05:04:22]         [IG] iter  1550/8000  loss=0.9839  elapsed=341s  ETA=1420s
[2026-04-12 05:04:33]         [IG] iter  1600/8000  loss=0.9937  elapsed=352s  ETA=1408s
[2026-04-12 05:04:44]         [IG] iter  1650/8000  loss=0.9933  elapsed=363s  ETA=1395s
[2026-04-12 05:04:55]         [IG] iter  1700/8000  loss=0.9905  elapsed=374s  ETA=1385s
[2026-04-12 05:05:06]         [IG] iter  1750/8000  loss=0.9788  elapsed=384s  ETA=1373s
[2026-04-12 05:05:17]         [IG] iter  1800/8000  loss=0.9863  elapsed=395s  ETA=1362s
[2026-04-12 05:05:28]         [IG] iter  1850/8000  loss=0.9850  elapsed=406s  ETA=1351s
[2026-04-12 05:05:38]         [IG] iter  1900/8000  loss=0.9750  elapsed=417s  ETA=1339s
[2026-04-12 05:05:49]         [IG] iter  1950/8000  loss=0.9822  elapsed=428s  ETA=1328s
[2026-04-12 05:06:01]         [IG] iter  2000/8000  loss=0.9974  elapsed=439s  ETA=1318s
[2026-04-12 05:06:12]         [IG] iter  2050/8000  loss=0.9932  elapsed=450s  ETA=1307s
[2026-04-12 05:06:22]         [IG] iter  2100/8000  loss=0.9877  elapsed=461s  ETA=1295s
[2026-04-12 05:06:33]         [IG] iter  2150/8000  loss=0.9899  elapsed=472s  ETA=1284s
[2026-04-12 05:06:44]         [IG] iter  2200/8000  loss=0.9933  elapsed=483s  ETA=1274s
[2026-04-12 05:06:55]         [IG] iter  2250/8000  loss=0.9899  elapsed=494s  ETA=1262s
[2026-04-12 05:07:06]         [IG] iter  2300/8000  loss=0.9863  elapsed=505s  ETA=1251s
[2026-04-12 05:07:17]         [IG] iter  2350/8000  loss=0.9819  elapsed=515s  ETA=1239s
[2026-04-12 05:07:27]         [IG] iter  2400/8000  loss=0.9880  elapsed=526s  ETA=1227s
[2026-04-12 05:07:38]         [IG] iter  2450/8000  loss=0.9911  elapsed=537s  ETA=1216s
[2026-04-12 05:07:49]         [IG] iter  2500/8000  loss=0.9853  elapsed=547s  ETA=1204s
[2026-04-12 05:07:59]         [IG] iter  2550/8000  loss=0.9896  elapsed=558s  ETA=1193s
[2026-04-12 05:08:10]         [IG] iter  2600/8000  loss=0.9881  elapsed=569s  ETA=1181s
[2026-04-12 05:08:21]         [IG] iter  2650/8000  loss=0.9843  elapsed=580s  ETA=1170s
[2026-04-12 05:08:32]         [IG] iter  2700/8000  loss=0.9851  elapsed=590s  ETA=1159s
[2026-04-12 05:08:42]         [IG] iter  2750/8000  loss=0.9872  elapsed=601s  ETA=1147s
[2026-04-12 05:08:53]         [IG] iter  2800/8000  loss=0.9885  elapsed=612s  ETA=1136s
[2026-04-12 05:09:04]         [IG] iter  2850/8000  loss=0.9878  elapsed=622s  ETA=1125s
[2026-04-12 05:09:14]         [IG] iter  2900/8000  loss=0.9937  elapsed=633s  ETA=1113s
[2026-04-12 05:09:25]         [IG] iter  2950/8000  loss=0.9898  elapsed=644s  ETA=1102s
[2026-04-12 05:09:36]         [IG] iter  3000/8000  loss=0.9933  elapsed=655s  ETA=1091s
[2026-04-12 05:09:47]         [IG] iter  3050/8000  loss=0.9893  elapsed=665s  ETA=1080s
[2026-04-12 05:09:58]         [IG] iter  3100/8000  loss=0.9874  elapsed=676s  ETA=1069s
[2026-04-12 05:10:09]         [IG] iter  3150/8000  loss=0.9843  elapsed=687s  ETA=1058s
[2026-04-12 05:10:19]         [IG] iter  3200/8000  loss=0.9881  elapsed=698s  ETA=1047s
[2026-04-12 05:10:30]         [IG] iter  3250/8000  loss=0.9931  elapsed=709s  ETA=1036s
[2026-04-12 05:10:41]         [IG] iter  3300/8000  loss=0.9928  elapsed=720s  ETA=1025s
[2026-04-12 05:10:52]         [IG] iter  3350/8000  loss=0.9862  elapsed=731s  ETA=1014s
[2026-04-12 05:11:03]         [IG] iter  3400/8000  loss=0.9960  elapsed=741s  ETA=1003s
[2026-04-12 05:11:13]         [IG] iter  3450/8000  loss=0.9860  elapsed=752s  ETA=992s
[2026-04-12 05:11:24]         [IG] iter  3500/8000  loss=0.9956  elapsed=763s  ETA=981s
[2026-04-12 05:11:35]         [IG] iter  3550/8000  loss=0.9801  elapsed=774s  ETA=970s
[2026-04-12 05:11:46]         [IG] iter  3600/8000  loss=0.9883  elapsed=785s  ETA=960s
[2026-04-12 05:11:58]         [IG] iter  3650/8000  loss=0.9891  elapsed=796s  ETA=949s
[2026-04-12 05:12:09]         [IG] iter  3700/8000  loss=0.9953  elapsed=807s  ETA=938s
[2026-04-12 05:12:20]         [IG] iter  3750/8000  loss=0.9922  elapsed=819s  ETA=928s
[2026-04-12 05:12:31]         [IG] iter  3800/8000  loss=0.9854  elapsed=830s  ETA=917s
[2026-04-12 05:12:42]         [IG] iter  3850/8000  loss=0.9903  elapsed=841s  ETA=906s
[2026-04-12 05:12:53]         [IG] iter  3900/8000  loss=0.9902  elapsed=852s  ETA=896s
[2026-04-12 05:13:05]         [IG] iter  3950/8000  loss=0.9908  elapsed=863s  ETA=885s
[2026-04-12 05:13:16]         [IG] iter  4000/8000  loss=0.9885  elapsed=875s  ETA=875s
[2026-04-12 05:13:27]         [IG] iter  4050/8000  loss=0.9907  elapsed=886s  ETA=864s
[2026-04-12 05:13:38]         [IG] iter  4100/8000  loss=0.9880  elapsed=897s  ETA=853s
[2026-04-12 05:13:50]         [IG] iter  4150/8000  loss=0.9928  elapsed=908s  ETA=843s
[2026-04-12 05:14:01]         [IG] iter  4200/8000  loss=0.9880  elapsed=920s  ETA=832s
[2026-04-12 05:14:12]         [IG] iter  4250/8000  loss=0.9887  elapsed=931s  ETA=821s
[2026-04-12 05:14:23]         [IG] iter  4300/8000  loss=0.9954  elapsed=942s  ETA=811s
[2026-04-12 05:14:34]         [IG] iter  4350/8000  loss=0.9904  elapsed=953s  ETA=800s
[2026-04-12 05:14:45]         [IG] iter  4400/8000  loss=0.9887  elapsed=964s  ETA=788s
[2026-04-12 05:14:56]         [IG] iter  4450/8000  loss=0.9849  elapsed=974s  ETA=777s
[2026-04-12 05:15:07]         [IG] iter  4500/8000  loss=0.9891  elapsed=985s  ETA=766s
[2026-04-12 05:15:18]         [IG] iter  4550/8000  loss=0.9924  elapsed=996s  ETA=756s
[2026-04-12 05:15:29]         [IG] iter  4600/8000  loss=0.9894  elapsed=1007s  ETA=745s
[2026-04-12 05:15:40]         [IG] iter  4650/8000  loss=0.9847  elapsed=1018s  ETA=734s
[2026-04-12 05:15:51]         [IG] iter  4700/8000  loss=0.9871  elapsed=1030s  ETA=723s
[2026-04-12 05:16:02]         [IG] iter  4750/8000  loss=0.9877  elapsed=1041s  ETA=712s
[2026-04-12 05:16:13]         [IG] iter  4800/8000  loss=0.9888  elapsed=1052s  ETA=701s
[2026-04-12 05:16:24]         [IG] iter  4850/8000  loss=0.9855  elapsed=1063s  ETA=690s
[2026-04-12 05:16:35]         [IG] iter  4900/8000  loss=0.9816  elapsed=1074s  ETA=679s
[2026-04-12 05:16:46]         [IG] iter  4950/8000  loss=0.9817  elapsed=1085s  ETA=668s
[2026-04-12 05:16:57]         [IG] iter  5000/8000  loss=0.9821  elapsed=1095s  ETA=657s
[2026-04-12 05:17:08]         [IG] iter  5050/8000  loss=0.9853  elapsed=1106s  ETA=646s
[2026-04-12 05:17:19]         [IG] iter  5100/8000  loss=0.9851  elapsed=1118s  ETA=635s
[2026-04-12 05:17:30]         [IG] iter  5150/8000  loss=0.9888  elapsed=1129s  ETA=625s
[2026-04-12 05:17:41]         [IG] iter  5200/8000  loss=0.9878  elapsed=1139s  ETA=613s
[2026-04-12 05:17:51]         [IG] iter  5250/8000  loss=0.9920  elapsed=1150s  ETA=602s
[2026-04-12 05:18:02]         [IG] iter  5300/8000  loss=0.9864  elapsed=1161s  ETA=591s
[2026-04-12 05:18:13]         [IG] iter  5350/8000  loss=0.9866  elapsed=1172s  ETA=581s
[2026-04-12 05:18:24]         [IG] iter  5400/8000  loss=0.9877  elapsed=1183s  ETA=570s
[2026-04-12 05:18:35]         [IG] iter  5450/8000  loss=0.9866  elapsed=1194s  ETA=559s
[2026-04-12 05:18:46]         [IG] iter  5500/8000  loss=0.9904  elapsed=1205s  ETA=548s
[2026-04-12 05:18:57]         [IG] iter  5550/8000  loss=0.9881  elapsed=1215s  ETA=537s
[2026-04-12 05:19:08]         [IG] iter  5600/8000  loss=0.9898  elapsed=1227s  ETA=526s
[2026-04-12 05:19:19]         [IG] iter  5650/8000  loss=0.9866  elapsed=1238s  ETA=515s
[2026-04-12 05:19:30]         [IG] iter  5700/8000  loss=0.9885  elapsed=1248s  ETA=504s
[2026-04-12 05:19:40]         [IG] iter  5750/8000  loss=0.9894  elapsed=1259s  ETA=493s
[2026-04-12 05:19:51]         [IG] iter  5800/8000  loss=0.9899  elapsed=1270s  ETA=482s
[2026-04-12 05:20:03]         [IG] iter  5850/8000  loss=0.9873  elapsed=1282s  ETA=471s
[2026-04-12 05:20:14]         [IG] iter  5900/8000  loss=0.9842  elapsed=1293s  ETA=460s
[2026-04-12 05:20:26]         [IG] iter  5950/8000  loss=0.9898  elapsed=1304s  ETA=449s
[2026-04-12 05:20:37]         [IG] iter  6000/8000  loss=0.9891  elapsed=1316s  ETA=439s
[2026-04-12 05:20:48]         [IG] iter  6050/8000  loss=0.9915  elapsed=1327s  ETA=428s
[2026-04-12 05:20:59]         [IG] iter  6100/8000  loss=0.9904  elapsed=1338s  ETA=417s
[2026-04-12 05:21:10]         [IG] iter  6150/8000  loss=0.9882  elapsed=1349s  ETA=406s
[2026-04-12 05:21:22]         [IG] iter  6200/8000  loss=0.9876  elapsed=1360s  ETA=395s
[2026-04-12 05:21:33]         [IG] iter  6250/8000  loss=0.9911  elapsed=1372s  ETA=384s
[2026-04-12 05:21:44]         [IG] iter  6300/8000  loss=0.9901  elapsed=1383s  ETA=373s
[2026-04-12 05:21:55]         [IG] iter  6350/8000  loss=0.9915  elapsed=1394s  ETA=362s
[2026-04-12 05:22:06]         [IG] iter  6400/8000  loss=0.9870  elapsed=1405s  ETA=351s
[2026-04-12 05:22:17]         [IG] iter  6450/8000  loss=0.9831  elapsed=1416s  ETA=340s
[2026-04-12 05:22:28]         [IG] iter  6500/8000  loss=0.9827  elapsed=1426s  ETA=329s
[2026-04-12 05:22:39]         [IG] iter  6550/8000  loss=0.9913  elapsed=1437s  ETA=318s
[2026-04-12 05:22:49]         [IG] iter  6600/8000  loss=0.9893  elapsed=1448s  ETA=307s
[2026-04-12 05:23:00]         [IG] iter  6650/8000  loss=0.9892  elapsed=1459s  ETA=296s
[2026-04-12 05:23:11]         [IG] iter  6700/8000  loss=0.9889  elapsed=1470s  ETA=285s
[2026-04-12 05:23:22]         [IG] iter  6750/8000  loss=0.9873  elapsed=1480s  ETA=274s
[2026-04-12 05:23:33]         [IG] iter  6800/8000  loss=0.9856  elapsed=1491s  ETA=263s
[2026-04-12 05:23:43]         [IG] iter  6850/8000  loss=0.9845  elapsed=1502s  ETA=252s
[2026-04-12 05:23:54]         [IG] iter  6900/8000  loss=0.9874  elapsed=1513s  ETA=241s
[2026-04-12 05:24:05]         [IG] iter  6950/8000  loss=0.9855  elapsed=1524s  ETA=230s
[2026-04-12 05:24:16]         [IG] iter  7000/8000  loss=0.9867  elapsed=1535s  ETA=219s
[2026-04-12 05:24:27]         [IG] iter  7050/8000  loss=0.9859  elapsed=1546s  ETA=208s
[2026-04-12 05:24:38]         [IG] iter  7100/8000  loss=0.9873  elapsed=1556s  ETA=197s
[2026-04-12 05:24:48]         [IG] iter  7150/8000  loss=0.9893  elapsed=1567s  ETA=186s
[2026-04-12 05:24:59]         [IG] iter  7200/8000  loss=0.9891  elapsed=1578s  ETA=175s
[2026-04-12 05:25:10]         [IG] iter  7250/8000  loss=0.9921  elapsed=1589s  ETA=164s
[2026-04-12 05:25:21]         [IG] iter  7300/8000  loss=0.9920  elapsed=1600s  ETA=153s
[2026-04-12 05:25:32]         [IG] iter  7350/8000  loss=0.9908  elapsed=1611s  ETA=142s
[2026-04-12 05:25:43]         [IG] iter  7400/8000  loss=0.9908  elapsed=1621s  ETA=131s
[2026-04-12 05:25:53]         [IG] iter  7450/8000  loss=0.9921  elapsed=1632s  ETA=120s
[2026-04-12 05:26:04]         [IG] iter  7500/8000  loss=0.9874  elapsed=1643s  ETA=110s
[2026-04-12 05:26:15]         [IG] iter  7550/8000  loss=0.9955  elapsed=1654s  ETA=99s
[2026-04-12 05:26:26]         [IG] iter  7600/8000  loss=0.9958  elapsed=1665s  ETA=88s
[2026-04-12 05:26:37]         [IG] iter  7650/8000  loss=0.9956  elapsed=1675s  ETA=77s
[2026-04-12 05:26:48]         [IG] iter  7700/8000  loss=0.9975  elapsed=1686s  ETA=66s
[2026-04-12 05:26:58]         [IG] iter  7750/8000  loss=0.9906  elapsed=1697s  ETA=55s
[2026-04-12 05:27:09]         [IG] iter  7800/8000  loss=0.9926  elapsed=1708s  ETA=44s
[2026-04-12 05:27:20]         [IG] iter  7850/8000  loss=0.9936  elapsed=1718s  ETA=33s
[2026-04-12 05:27:31]         [IG] iter  7900/8000  loss=0.9918  elapsed=1729s  ETA=22s
[2026-04-12 05:27:42]         [IG] iter  7950/8000  loss=0.9915  elapsed=1740s  ETA=11s
[2026-04-12 05:27:53]         [IG] iter  8000/8000  loss=0.9891  elapsed=1751s  ETA=0s
[2026-04-12 05:27:53]         [IG] restart 1 done — final loss=0.9891
[2026-04-12 05:27:53]       [dp/sigma=0.001] img 1/10 — attack done in 1751.4s
[2026-04-12 05:27:53]       [dp/sigma=0.001] img 1/10 — PSNR=7.42  SSIM=-0.0037  LPIPS=0.2994
[2026-04-12 05:27:53]       [dp/sigma=0.001] img 2/10 — computing true gradient...
[2026-04-12 05:27:53]       [dp/sigma=0.001] img 2/10 — applying defense: dp ...
[2026-04-12 05:27:53]       [dp/sigma=0.001] img 2/10 — running IG attack...
[2026-04-12 05:27:53]         [IG] restart 1/1 — 8000 iterations ...
[2026-04-12 05:28:04]         [IG] iter    50/8000  loss=0.9949  elapsed=11s  ETA=1713s
[2026-04-12 05:28:15]         [IG] iter   100/8000  loss=0.9976  elapsed=22s  ETA=1710s
[2026-04-12 05:28:25]         [IG] iter   150/8000  loss=0.9956  elapsed=33s  ETA=1707s
[2026-04-12 05:28:37]         [IG] iter   200/8000  loss=0.9971  elapsed=44s  ETA=1708s
[2026-04-12 05:28:48]         [IG] iter   250/8000  loss=1.0033  elapsed=55s  ETA=1700s
[2026-04-12 05:28:59]         [IG] iter   300/8000  loss=0.9994  elapsed=66s  ETA=1696s
[2026-04-12 05:29:10]         [IG] iter   350/8000  loss=0.9986  elapsed=77s  ETA=1686s
[2026-04-12 05:29:21]         [IG] iter   400/8000  loss=0.9948  elapsed=88s  ETA=1676s
[2026-04-12 05:29:32]         [IG] iter   450/8000  loss=0.9885  elapsed=99s  ETA=1665s
[2026-04-12 05:29:43]         [IG] iter   500/8000  loss=0.9947  elapsed=110s  ETA=1657s
[2026-04-12 05:29:55]         [IG] iter   550/8000  loss=0.9986  elapsed=122s  ETA=1648s
[2026-04-12 05:30:06]         [IG] iter   600/8000  loss=1.0001  elapsed=133s  ETA=1640s
[2026-04-12 05:30:17]         [IG] iter   650/8000  loss=0.9976  elapsed=144s  ETA=1629s
[2026-04-12 05:30:28]         [IG] iter   700/8000  loss=0.9940  elapsed=156s  ETA=1622s
[2026-04-12 05:30:39]         [IG] iter   750/8000  loss=0.9994  elapsed=167s  ETA=1611s
[2026-04-12 05:30:51]         [IG] iter   800/8000  loss=0.9935  elapsed=178s  ETA=1599s
[2026-04-12 05:31:01]         [IG] iter   850/8000  loss=0.9960  elapsed=189s  ETA=1586s
[2026-04-12 05:31:12]         [IG] iter   900/8000  loss=0.9978  elapsed=199s  ETA=1572s
[2026-04-12 05:31:23]         [IG] iter   950/8000  loss=0.9965  elapsed=210s  ETA=1559s
[2026-04-12 05:31:34]         [IG] iter  1000/8000  loss=0.9981  elapsed=221s  ETA=1547s
[2026-04-12 05:31:45]         [IG] iter  1050/8000  loss=0.9998  elapsed=232s  ETA=1535s
[2026-04-12 05:31:56]         [IG] iter  1100/8000  loss=0.9968  elapsed=243s  ETA=1522s
[2026-04-12 05:32:06]         [IG] iter  1150/8000  loss=0.9957  elapsed=253s  ETA=1509s
[2026-04-12 05:32:17]         [IG] iter  1200/8000  loss=0.9992  elapsed=264s  ETA=1496s
[2026-04-12 05:32:28]         [IG] iter  1250/8000  loss=0.9988  elapsed=275s  ETA=1484s
[2026-04-12 05:32:38]         [IG] iter  1300/8000  loss=0.9992  elapsed=286s  ETA=1472s
[2026-04-12 05:32:49]         [IG] iter  1350/8000  loss=0.9946  elapsed=296s  ETA=1459s
[2026-04-12 05:33:00]         [IG] iter  1400/8000  loss=0.9904  elapsed=307s  ETA=1447s
[2026-04-12 05:33:11]         [IG] iter  1450/8000  loss=0.9908  elapsed=318s  ETA=1435s
[2026-04-12 05:33:21]         [IG] iter  1500/8000  loss=0.9966  elapsed=328s  ETA=1423s
[2026-04-12 05:33:32]         [IG] iter  1550/8000  loss=0.9944  elapsed=339s  ETA=1412s
[2026-04-12 05:33:43]         [IG] iter  1600/8000  loss=0.9928  elapsed=350s  ETA=1402s
[2026-04-12 05:33:55]         [IG] iter  1650/8000  loss=0.9957  elapsed=362s  ETA=1392s
[2026-04-12 05:34:06]         [IG] iter  1700/8000  loss=0.9968  elapsed=373s  ETA=1382s
[2026-04-12 05:34:17]         [IG] iter  1750/8000  loss=0.9927  elapsed=384s  ETA=1372s
[2026-04-12 05:34:28]         [IG] iter  1800/8000  loss=0.9923  elapsed=395s  ETA=1361s
[2026-04-12 05:34:39]         [IG] iter  1850/8000  loss=0.9930  elapsed=406s  ETA=1351s
[2026-04-12 05:34:51]         [IG] iter  1900/8000  loss=0.9970  elapsed=418s  ETA=1341s
[2026-04-12 05:35:02]         [IG] iter  1950/8000  loss=1.0037  elapsed=429s  ETA=1331s
[2026-04-12 05:35:13]         [IG] iter  2000/8000  loss=0.9954  elapsed=440s  ETA=1321s
[2026-04-12 05:35:24]         [IG] iter  2050/8000  loss=0.9937  elapsed=451s  ETA=1309s
[2026-04-12 05:35:35]         [IG] iter  2100/8000  loss=1.0022  elapsed=462s  ETA=1298s
[2026-04-12 05:35:46]         [IG] iter  2150/8000  loss=0.9924  elapsed=473s  ETA=1286s
[2026-04-12 05:35:56]         [IG] iter  2200/8000  loss=1.0019  elapsed=483s  ETA=1274s
[2026-04-12 05:36:07]         [IG] iter  2250/8000  loss=0.9939  elapsed=494s  ETA=1263s
[2026-04-12 05:36:18]         [IG] iter  2300/8000  loss=0.9992  elapsed=505s  ETA=1251s
[2026-04-12 05:36:29]         [IG] iter  2350/8000  loss=1.0004  elapsed=516s  ETA=1240s
[2026-04-12 05:36:39]         [IG] iter  2400/8000  loss=1.0054  elapsed=527s  ETA=1229s
[2026-04-12 05:36:50]         [IG] iter  2450/8000  loss=0.9999  elapsed=537s  ETA=1217s
[2026-04-12 05:37:01]         [IG] iter  2500/8000  loss=1.0047  elapsed=548s  ETA=1206s
[2026-04-12 05:37:12]         [IG] iter  2550/8000  loss=0.9987  elapsed=559s  ETA=1195s
[2026-04-12 05:37:23]         [IG] iter  2600/8000  loss=0.9993  elapsed=570s  ETA=1185s
[2026-04-12 05:37:34]         [IG] iter  2650/8000  loss=1.0021  elapsed=581s  ETA=1173s
[2026-04-12 05:37:45]         [IG] iter  2700/8000  loss=0.9930  elapsed=592s  ETA=1162s
[2026-04-12 05:37:56]         [IG] iter  2750/8000  loss=0.9958  elapsed=603s  ETA=1150s
[2026-04-12 05:38:06]         [IG] iter  2800/8000  loss=0.9960  elapsed=614s  ETA=1139s
[2026-04-12 05:38:17]         [IG] iter  2850/8000  loss=0.9985  elapsed=624s  ETA=1128s
[2026-04-12 05:38:28]         [IG] iter  2900/8000  loss=0.9925  elapsed=635s  ETA=1117s
[2026-04-12 05:38:39]         [IG] iter  2950/8000  loss=1.0019  elapsed=646s  ETA=1106s
[2026-04-12 05:38:50]         [IG] iter  3000/8000  loss=0.9915  elapsed=657s  ETA=1095s
[2026-04-12 05:39:01]         [IG] iter  3050/8000  loss=0.9957  elapsed=668s  ETA=1084s
[2026-04-12 05:39:11]         [IG] iter  3100/8000  loss=0.9980  elapsed=679s  ETA=1073s
[2026-04-12 05:39:22]         [IG] iter  3150/8000  loss=0.9993  elapsed=689s  ETA=1062s
[2026-04-12 05:39:33]         [IG] iter  3200/8000  loss=0.9952  elapsed=700s  ETA=1050s
[2026-04-12 05:39:44]         [IG] iter  3250/8000  loss=0.9929  elapsed=711s  ETA=1039s
[2026-04-12 05:39:55]         [IG] iter  3300/8000  loss=0.9957  elapsed=722s  ETA=1028s
[2026-04-12 05:40:06]         [IG] iter  3350/8000  loss=0.9931  elapsed=733s  ETA=1018s
[2026-04-12 05:40:17]         [IG] iter  3400/8000  loss=0.9926  elapsed=744s  ETA=1007s
[2026-04-12 05:40:28]         [IG] iter  3450/8000  loss=0.9975  elapsed=755s  ETA=996s
[2026-04-12 05:40:39]         [IG] iter  3500/8000  loss=0.9952  elapsed=767s  ETA=986s
[2026-04-12 05:40:51]         [IG] iter  3550/8000  loss=0.9974  elapsed=778s  ETA=975s
[2026-04-12 05:41:01]         [IG] iter  3600/8000  loss=0.9922  elapsed=789s  ETA=964s
[2026-04-12 05:41:12]         [IG] iter  3650/8000  loss=0.9949  elapsed=800s  ETA=953s
[2026-04-12 05:41:24]         [IG] iter  3700/8000  loss=0.9968  elapsed=811s  ETA=942s
[2026-04-12 05:41:35]         [IG] iter  3750/8000  loss=0.9956  elapsed=822s  ETA=931s
[2026-04-12 05:41:46]         [IG] iter  3800/8000  loss=0.9921  elapsed=833s  ETA=920s
[2026-04-12 05:41:57]         [IG] iter  3850/8000  loss=0.9971  elapsed=844s  ETA=910s
[2026-04-12 05:42:08]         [IG] iter  3900/8000  loss=0.9939  elapsed=855s  ETA=899s
[2026-04-12 05:42:19]         [IG] iter  3950/8000  loss=0.9952  elapsed=866s  ETA=888s
[2026-04-12 05:42:30]         [IG] iter  4000/8000  loss=0.9983  elapsed=878s  ETA=878s
[2026-04-12 05:42:41]         [IG] iter  4050/8000  loss=0.9973  elapsed=889s  ETA=867s
[2026-04-12 05:42:53]         [IG] iter  4100/8000  loss=0.9978  elapsed=900s  ETA=856s
[2026-04-12 05:43:04]         [IG] iter  4150/8000  loss=0.9934  elapsed=911s  ETA=845s
[2026-04-12 05:43:15]         [IG] iter  4200/8000  loss=0.9916  elapsed=922s  ETA=834s
[2026-04-12 05:43:26]         [IG] iter  4250/8000  loss=0.9945  elapsed=933s  ETA=823s
[2026-04-12 05:43:37]         [IG] iter  4300/8000  loss=0.9960  elapsed=944s  ETA=812s
[2026-04-12 05:43:48]         [IG] iter  4350/8000  loss=0.9977  elapsed=955s  ETA=802s
[2026-04-12 05:43:59]         [IG] iter  4400/8000  loss=0.9952  elapsed=967s  ETA=791s
[2026-04-12 05:44:11]         [IG] iter  4450/8000  loss=1.0002  elapsed=978s  ETA=780s
[2026-04-12 05:44:22]         [IG] iter  4500/8000  loss=1.0006  elapsed=989s  ETA=769s
[2026-04-12 05:44:34]         [IG] iter  4550/8000  loss=1.0033  elapsed=1001s  ETA=759s
[2026-04-12 05:44:45]         [IG] iter  4600/8000  loss=0.9988  elapsed=1012s  ETA=748s
[2026-04-12 05:44:57]         [IG] iter  4650/8000  loss=1.0025  elapsed=1024s  ETA=738s
[2026-04-12 05:45:08]         [IG] iter  4700/8000  loss=0.9970  elapsed=1035s  ETA=727s
[2026-04-12 05:45:20]         [IG] iter  4750/8000  loss=0.9997  elapsed=1047s  ETA=716s
[2026-04-12 05:45:31]         [IG] iter  4800/8000  loss=0.9987  elapsed=1058s  ETA=705s
[2026-04-12 05:45:42]         [IG] iter  4850/8000  loss=0.9986  elapsed=1069s  ETA=694s
[2026-04-12 05:45:53]         [IG] iter  4900/8000  loss=1.0021  elapsed=1080s  ETA=683s
[2026-04-12 05:46:04]         [IG] iter  4950/8000  loss=1.0037  elapsed=1091s  ETA=672s
[2026-04-12 05:46:15]         [IG] iter  5000/8000  loss=0.9971  elapsed=1102s  ETA=661s
[2026-04-12 05:46:26]         [IG] iter  5050/8000  loss=0.9980  elapsed=1113s  ETA=650s
[2026-04-12 05:46:37]         [IG] iter  5100/8000  loss=0.9947  elapsed=1125s  ETA=639s
[2026-04-12 05:46:48]         [IG] iter  5150/8000  loss=0.9975  elapsed=1135s  ETA=628s
[2026-04-12 05:47:00]         [IG] iter  5200/8000  loss=0.9992  elapsed=1147s  ETA=617s
[2026-04-12 05:47:10]         [IG] iter  5250/8000  loss=0.9996  elapsed=1157s  ETA=606s
[2026-04-12 05:47:21]         [IG] iter  5300/8000  loss=0.9984  elapsed=1168s  ETA=595s
[2026-04-12 05:47:32]         [IG] iter  5350/8000  loss=0.9978  elapsed=1179s  ETA=584s
[2026-04-12 05:47:44]         [IG] iter  5400/8000  loss=0.9999  elapsed=1191s  ETA=573s
[2026-04-12 05:47:54]         [IG] iter  5450/8000  loss=0.9978  elapsed=1202s  ETA=562s
[2026-04-12 05:48:05]         [IG] iter  5500/8000  loss=0.9956  elapsed=1212s  ETA=551s
[2026-04-12 05:48:16]         [IG] iter  5550/8000  loss=0.9985  elapsed=1223s  ETA=540s
[2026-04-12 05:48:28]         [IG] iter  5600/8000  loss=0.9984  elapsed=1235s  ETA=529s
[2026-04-12 05:48:39]         [IG] iter  5650/8000  loss=0.9950  elapsed=1246s  ETA=518s
[2026-04-12 05:48:50]         [IG] iter  5700/8000  loss=0.9979  elapsed=1258s  ETA=507s
[2026-04-12 05:49:01]         [IG] iter  5750/8000  loss=1.0012  elapsed=1269s  ETA=496s
[2026-04-12 05:49:12]         [IG] iter  5800/8000  loss=1.0015  elapsed=1280s  ETA=485s
[2026-04-12 05:49:23]         [IG] iter  5850/8000  loss=0.9997  elapsed=1291s  ETA=474s
[2026-04-12 05:49:34]         [IG] iter  5900/8000  loss=0.9950  elapsed=1301s  ETA=463s
[2026-04-12 05:49:45]         [IG] iter  5950/8000  loss=0.9983  elapsed=1312s  ETA=452s
[2026-04-12 05:49:56]         [IG] iter  6000/8000  loss=0.9988  elapsed=1323s  ETA=441s
[2026-04-12 05:50:07]         [IG] iter  6050/8000  loss=0.9981  elapsed=1335s  ETA=430s
[2026-04-12 05:50:19]         [IG] iter  6100/8000  loss=0.9966  elapsed=1346s  ETA=419s
[2026-04-12 05:50:30]         [IG] iter  6150/8000  loss=0.9985  elapsed=1357s  ETA=408s
[2026-04-12 05:50:41]         [IG] iter  6200/8000  loss=0.9993  elapsed=1368s  ETA=397s
[2026-04-12 05:50:52]         [IG] iter  6250/8000  loss=1.0008  elapsed=1379s  ETA=386s
[2026-04-12 05:51:02]         [IG] iter  6300/8000  loss=0.9994  elapsed=1390s  ETA=375s
[2026-04-12 05:51:13]         [IG] iter  6350/8000  loss=1.0011  elapsed=1400s  ETA=364s
[2026-04-12 05:51:24]         [IG] iter  6400/8000  loss=1.0007  elapsed=1412s  ETA=353s
[2026-04-12 05:51:36]         [IG] iter  6450/8000  loss=1.0028  elapsed=1423s  ETA=342s
[2026-04-12 05:51:47]         [IG] iter  6500/8000  loss=0.9983  elapsed=1434s  ETA=331s
[2026-04-12 05:51:58]         [IG] iter  6550/8000  loss=0.9975  elapsed=1445s  ETA=320s
[2026-04-12 05:52:10]         [IG] iter  6600/8000  loss=1.0005  elapsed=1457s  ETA=309s
[2026-04-12 05:52:22]         [IG] iter  6650/8000  loss=1.0001  elapsed=1469s  ETA=298s
[2026-04-12 05:52:33]         [IG] iter  6700/8000  loss=1.0008  elapsed=1480s  ETA=287s
[2026-04-12 05:52:45]         [IG] iter  6750/8000  loss=0.9966  elapsed=1492s  ETA=276s
[2026-04-12 05:52:56]         [IG] iter  6800/8000  loss=1.0020  elapsed=1504s  ETA=265s
[2026-04-12 05:53:08]         [IG] iter  6850/8000  loss=1.0002  elapsed=1515s  ETA=254s
[2026-04-12 05:53:19]         [IG] iter  6900/8000  loss=0.9986  elapsed=1527s  ETA=243s
[2026-04-12 05:53:31]         [IG] iter  6950/8000  loss=0.9982  elapsed=1538s  ETA=232s
[2026-04-12 05:53:42]         [IG] iter  7000/8000  loss=0.9970  elapsed=1549s  ETA=221s
[2026-04-12 05:53:53]         [IG] iter  7050/8000  loss=1.0026  elapsed=1560s  ETA=210s
[2026-04-12 05:54:04]         [IG] iter  7100/8000  loss=1.0001  elapsed=1572s  ETA=199s
[2026-04-12 05:54:16]         [IG] iter  7150/8000  loss=1.0029  elapsed=1583s  ETA=188s
[2026-04-12 05:54:27]         [IG] iter  7200/8000  loss=0.9990  elapsed=1594s  ETA=177s
[2026-04-12 05:54:38]         [IG] iter  7250/8000  loss=0.9986  elapsed=1605s  ETA=166s
[2026-04-12 05:54:49]         [IG] iter  7300/8000  loss=0.9975  elapsed=1616s  ETA=155s
[2026-04-12 05:55:00]         [IG] iter  7350/8000  loss=0.9979  elapsed=1627s  ETA=144s
[2026-04-12 05:55:12]         [IG] iter  7400/8000  loss=0.9989  elapsed=1639s  ETA=133s
[2026-04-12 05:55:23]         [IG] iter  7450/8000  loss=0.9992  elapsed=1650s  ETA=122s
[2026-04-12 05:55:34]         [IG] iter  7500/8000  loss=0.9973  elapsed=1661s  ETA=111s
[2026-04-12 05:55:45]         [IG] iter  7550/8000  loss=1.0025  elapsed=1672s  ETA=100s
[2026-04-12 05:55:56]         [IG] iter  7600/8000  loss=0.9970  elapsed=1683s  ETA=89s
[2026-04-12 05:56:07]         [IG] iter  7650/8000  loss=0.9956  elapsed=1694s  ETA=78s
[2026-04-12 05:56:18]         [IG] iter  7700/8000  loss=0.9998  elapsed=1705s  ETA=66s
[2026-04-12 05:56:29]         [IG] iter  7750/8000  loss=0.9966  elapsed=1716s  ETA=55s
[2026-04-12 05:56:40]         [IG] iter  7800/8000  loss=0.9965  elapsed=1727s  ETA=44s
[2026-04-12 05:56:51]         [IG] iter  7850/8000  loss=0.9965  elapsed=1738s  ETA=33s
[2026-04-12 05:57:02]         [IG] iter  7900/8000  loss=0.9992  elapsed=1749s  ETA=22s
[2026-04-12 05:57:13]         [IG] iter  7950/8000  loss=0.9942  elapsed=1760s  ETA=11s
[2026-04-12 05:57:24]         [IG] iter  8000/8000  loss=0.9984  elapsed=1771s  ETA=0s
[2026-04-12 05:57:24]         [IG] restart 1 done — final loss=0.9984
[2026-04-12 05:57:24]       [dp/sigma=0.001] img 2/10 — attack done in 1771.0s
[2026-04-12 05:57:24]       [dp/sigma=0.001] img 2/10 — PSNR=6.79  SSIM=0.0170  LPIPS=0.4322
[2026-04-12 05:57:24]       [dp/sigma=0.001] img 3/10 — computing true gradient...
[2026-04-12 05:57:24]       [dp/sigma=0.001] img 3/10 — applying defense: dp ...
[2026-04-12 05:57:24]       [dp/sigma=0.001] img 3/10 — running IG attack...
[2026-04-12 05:57:24]         [IG] restart 1/1 — 8000 iterations ...
[2026-04-12 05:57:35]         [IG] iter    50/8000  loss=0.9984  elapsed=11s  ETA=1704s
[2026-04-12 05:57:46]         [IG] iter   100/8000  loss=0.9995  elapsed=21s  ETA=1696s
[2026-04-12 05:57:56]         [IG] iter   150/8000  loss=1.0008  elapsed=32s  ETA=1686s
[2026-04-12 05:58:07]         [IG] iter   200/8000  loss=0.9928  elapsed=43s  ETA=1675s
[2026-04-12 05:58:18]         [IG] iter   250/8000  loss=0.9949  elapsed=54s  ETA=1663s
[2026-04-12 05:58:29]         [IG] iter   300/8000  loss=0.9961  elapsed=65s  ETA=1656s
[2026-04-12 05:58:40]         [IG] iter   350/8000  loss=0.9954  elapsed=76s  ETA=1655s
[2026-04-12 05:58:51]         [IG] iter   400/8000  loss=0.9924  elapsed=87s  ETA=1653s
[2026-04-12 05:59:02]         [IG] iter   450/8000  loss=0.9972  elapsed=98s  ETA=1648s
[2026-04-12 05:59:14]         [IG] iter   500/8000  loss=0.9920  elapsed=110s  ETA=1644s
[2026-04-12 05:59:25]         [IG] iter   550/8000  loss=1.0013  elapsed=121s  ETA=1639s
[2026-04-12 05:59:37]         [IG] iter   600/8000  loss=1.0000  elapsed=132s  ETA=1634s
[2026-04-12 05:59:48]         [IG] iter   650/8000  loss=0.9973  elapsed=144s  ETA=1624s
[2026-04-12 05:59:59]         [IG] iter   700/8000  loss=0.9963  elapsed=155s  ETA=1613s
[2026-04-12 06:00:10]         [IG] iter   750/8000  loss=0.9990  elapsed=166s  ETA=1603s
[2026-04-12 06:00:21]         [IG] iter   800/8000  loss=1.0008  elapsed=177s  ETA=1593s
[2026-04-12 06:00:32]         [IG] iter   850/8000  loss=0.9971  elapsed=188s  ETA=1584s
[2026-04-12 06:00:44]         [IG] iter   900/8000  loss=0.9969  elapsed=199s  ETA=1573s
[2026-04-12 06:00:55]         [IG] iter   950/8000  loss=1.0028  elapsed=210s  ETA=1561s
[2026-04-12 06:01:05]         [IG] iter  1000/8000  loss=0.9973  elapsed=221s  ETA=1548s
[2026-04-12 06:01:16]         [IG] iter  1050/8000  loss=0.9943  elapsed=232s  ETA=1536s
[2026-04-12 06:01:27]         [IG] iter  1100/8000  loss=1.0007  elapsed=243s  ETA=1525s
[2026-04-12 06:01:38]         [IG] iter  1150/8000  loss=0.9922  elapsed=254s  ETA=1513s
[2026-04-12 06:01:49]         [IG] iter  1200/8000  loss=0.9974  elapsed=265s  ETA=1500s
[2026-04-12 06:02:00]         [IG] iter  1250/8000  loss=1.0034  elapsed=276s  ETA=1488s
[2026-04-12 06:02:11]         [IG] iter  1300/8000  loss=1.0025  elapsed=286s  ETA=1477s
[2026-04-12 06:02:21]         [IG] iter  1350/8000  loss=1.0001  elapsed=297s  ETA=1465s
[2026-04-12 06:02:32]         [IG] iter  1400/8000  loss=0.9972  elapsed=308s  ETA=1453s
[2026-04-12 06:02:43]         [IG] iter  1450/8000  loss=0.9983  elapsed=319s  ETA=1442s
[2026-04-12 06:02:55]         [IG] iter  1500/8000  loss=0.9961  elapsed=330s  ETA=1432s
[2026-04-12 06:03:06]         [IG] iter  1550/8000  loss=0.9962  elapsed=342s  ETA=1423s
[2026-04-12 06:03:18]         [IG] iter  1600/8000  loss=0.9968  elapsed=353s  ETA=1414s
[2026-04-12 06:03:29]         [IG] iter  1650/8000  loss=0.9932  elapsed=365s  ETA=1404s
[2026-04-12 06:03:40]         [IG] iter  1700/8000  loss=0.9930  elapsed=376s  ETA=1395s
[2026-04-12 06:03:52]         [IG] iter  1750/8000  loss=0.9938  elapsed=388s  ETA=1386s
[2026-04-12 06:04:03]         [IG] iter  1800/8000  loss=0.9927  elapsed=399s  ETA=1374s
[2026-04-12 06:04:14]         [IG] iter  1850/8000  loss=0.9890  elapsed=410s  ETA=1362s
[2026-04-12 06:04:25]         [IG] iter  1900/8000  loss=0.9965  elapsed=421s  ETA=1350s
[2026-04-12 06:04:36]         [IG] iter  1950/8000  loss=0.9924  elapsed=432s  ETA=1340s
[2026-04-12 06:04:47]         [IG] iter  2000/8000  loss=1.0000  elapsed=443s  ETA=1328s
[2026-04-12 06:04:58]         [IG] iter  2050/8000  loss=0.9928  elapsed=454s  ETA=1316s
[2026-04-12 06:05:09]         [IG] iter  2100/8000  loss=0.9926  elapsed=465s  ETA=1305s
[2026-04-12 06:05:20]         [IG] iter  2150/8000  loss=1.0000  elapsed=476s  ETA=1294s
[2026-04-12 06:05:31]         [IG] iter  2200/8000  loss=1.0023  elapsed=486s  ETA=1282s
[2026-04-12 06:05:42]         [IG] iter  2250/8000  loss=0.9984  elapsed=497s  ETA=1271s
[2026-04-12 06:05:53]         [IG] iter  2300/8000  loss=1.0025  elapsed=509s  ETA=1261s
[2026-04-12 06:06:04]         [IG] iter  2350/8000  loss=0.9897  elapsed=520s  ETA=1250s
[2026-04-12 06:06:15]         [IG] iter  2400/8000  loss=0.9953  elapsed=531s  ETA=1239s
[2026-04-12 06:06:26]         [IG] iter  2450/8000  loss=0.9957  elapsed=542s  ETA=1229s
[2026-04-12 06:06:38]         [IG] iter  2500/8000  loss=0.9987  elapsed=554s  ETA=1218s
[2026-04-12 06:06:49]         [IG] iter  2550/8000  loss=0.9946  elapsed=565s  ETA=1208s
[2026-04-12 06:07:01]         [IG] iter  2600/8000  loss=0.9945  elapsed=576s  ETA=1197s
[2026-04-12 06:07:12]         [IG] iter  2650/8000  loss=0.9954  elapsed=588s  ETA=1187s
[2026-04-12 06:07:24]         [IG] iter  2700/8000  loss=0.9950  elapsed=599s  ETA=1177s
[2026-04-12 06:07:35]         [IG] iter  2750/8000  loss=0.9958  elapsed=611s  ETA=1166s
[2026-04-12 06:07:47]         [IG] iter  2800/8000  loss=0.9918  elapsed=622s  ETA=1156s
[2026-04-12 06:07:58]         [IG] iter  2850/8000  loss=0.9909  elapsed=634s  ETA=1146s
[2026-04-12 06:08:10]         [IG] iter  2900/8000  loss=0.9950  elapsed=646s  ETA=1136s
[2026-04-12 06:08:21]         [IG] iter  2950/8000  loss=0.9960  elapsed=657s  ETA=1125s
[2026-04-12 06:08:33]         [IG] iter  3000/8000  loss=0.9973  elapsed=668s  ETA=1114s
[2026-04-12 06:08:44]         [IG] iter  3050/8000  loss=0.9969  elapsed=680s  ETA=1103s
[2026-04-12 06:08:55]         [IG] iter  3100/8000  loss=0.9953  elapsed=691s  ETA=1092s
[2026-04-12 06:09:07]         [IG] iter  3150/8000  loss=0.9955  elapsed=703s  ETA=1082s
[2026-04-12 06:09:18]         [IG] iter  3200/8000  loss=0.9891  elapsed=714s  ETA=1071s
[2026-04-12 06:09:29]         [IG] iter  3250/8000  loss=0.9980  elapsed=725s  ETA=1059s
[2026-04-12 06:09:40]         [IG] iter  3300/8000  loss=1.0032  elapsed=735s  ETA=1047s
[2026-04-12 06:09:50]         [IG] iter  3350/8000  loss=0.9946  elapsed=746s  ETA=1036s
[2026-04-12 06:10:01]         [IG] iter  3400/8000  loss=0.9938  elapsed=757s  ETA=1024s
[2026-04-12 06:10:12]         [IG] iter  3450/8000  loss=0.9954  elapsed=768s  ETA=1013s
[2026-04-12 06:10:23]         [IG] iter  3500/8000  loss=0.9995  elapsed=779s  ETA=1001s
[2026-04-12 06:10:34]         [IG] iter  3550/8000  loss=0.9926  elapsed=790s  ETA=990s
[2026-04-12 06:10:45]         [IG] iter  3600/8000  loss=0.9970  elapsed=800s  ETA=978s
[2026-04-12 06:10:55]         [IG] iter  3650/8000  loss=0.9999  elapsed=811s  ETA=967s
[2026-04-12 06:11:06]         [IG] iter  3700/8000  loss=0.9958  elapsed=822s  ETA=956s
[2026-04-12 06:11:17]         [IG] iter  3750/8000  loss=0.9947  elapsed=833s  ETA=944s
[2026-04-12 06:11:29]         [IG] iter  3800/8000  loss=0.9941  elapsed=844s  ETA=933s
[2026-04-12 06:11:40]         [IG] iter  3850/8000  loss=1.0015  elapsed=855s  ETA=922s
[2026-04-12 06:11:50]         [IG] iter  3900/8000  loss=0.9931  elapsed=866s  ETA=911s
[2026-04-12 06:12:01]         [IG] iter  3950/8000  loss=0.9933  elapsed=877s  ETA=899s
[2026-04-12 06:12:12]         [IG] iter  4000/8000  loss=1.0010  elapsed=888s  ETA=888s
[2026-04-12 06:12:23]         [IG] iter  4050/8000  loss=0.9977  elapsed=899s  ETA=877s
[2026-04-12 06:12:34]         [IG] iter  4100/8000  loss=0.9940  elapsed=910s  ETA=866s
[2026-04-12 06:12:45]         [IG] iter  4150/8000  loss=0.9934  elapsed=921s  ETA=854s
[2026-04-12 06:12:56]         [IG] iter  4200/8000  loss=0.9984  elapsed=931s  ETA=843s
[2026-04-12 06:13:07]         [IG] iter  4250/8000  loss=0.9975  elapsed=943s  ETA=832s
[2026-04-12 06:13:18]         [IG] iter  4300/8000  loss=0.9958  elapsed=954s  ETA=821s
[2026-04-12 06:13:30]         [IG] iter  4350/8000  loss=0.9942  elapsed=966s  ETA=810s
[2026-04-12 06:13:41]         [IG] iter  4400/8000  loss=0.9936  elapsed=977s  ETA=799s
[2026-04-12 06:13:53]         [IG] iter  4450/8000  loss=1.0010  elapsed=989s  ETA=789s
[2026-04-12 06:14:04]         [IG] iter  4500/8000  loss=0.9976  elapsed=1000s  ETA=778s
[2026-04-12 06:14:15]         [IG] iter  4550/8000  loss=0.9918  elapsed=1011s  ETA=767s
[2026-04-12 06:14:27]         [IG] iter  4600/8000  loss=0.9949  elapsed=1023s  ETA=756s
[2026-04-12 06:14:38]         [IG] iter  4650/8000  loss=0.9960  elapsed=1034s  ETA=745s
[2026-04-12 06:14:49]         [IG] iter  4700/8000  loss=0.9954  elapsed=1045s  ETA=734s
[2026-04-12 06:15:00]         [IG] iter  4750/8000  loss=0.9847  elapsed=1056s  ETA=722s
[2026-04-12 06:15:11]         [IG] iter  4800/8000  loss=0.9887  elapsed=1066s  ETA=711s
[2026-04-12 06:15:22]         [IG] iter  4850/8000  loss=0.9932  elapsed=1077s  ETA=700s
[2026-04-12 06:15:32]         [IG] iter  4900/8000  loss=0.9912  elapsed=1088s  ETA=688s
[2026-04-12 06:15:43]         [IG] iter  4950/8000  loss=0.9888  elapsed=1099s  ETA=677s
[2026-04-12 06:15:54]         [IG] iter  5000/8000  loss=0.9903  elapsed=1110s  ETA=666s
[2026-04-12 06:16:05]         [IG] iter  5050/8000  loss=0.9908  elapsed=1121s  ETA=655s
[2026-04-12 06:16:17]         [IG] iter  5100/8000  loss=0.9891  elapsed=1133s  ETA=644s
[2026-04-12 06:16:28]         [IG] iter  5150/8000  loss=0.9845  elapsed=1144s  ETA=633s
[2026-04-12 06:16:39]         [IG] iter  5200/8000  loss=0.9899  elapsed=1155s  ETA=622s
[2026-04-12 06:16:50]         [IG] iter  5250/8000  loss=0.9902  elapsed=1166s  ETA=611s
[2026-04-12 06:17:01]         [IG] iter  5300/8000  loss=0.9918  elapsed=1177s  ETA=600s
[2026-04-12 06:17:12]         [IG] iter  5350/8000  loss=0.9939  elapsed=1188s  ETA=588s
[2026-04-12 06:17:23]         [IG] iter  5400/8000  loss=0.9853  elapsed=1199s  ETA=577s
[2026-04-12 06:17:34]         [IG] iter  5450/8000  loss=0.9874  elapsed=1210s  ETA=566s
[2026-04-12 06:17:45]         [IG] iter  5500/8000  loss=0.9927  elapsed=1220s  ETA=555s
[2026-04-12 06:17:55]         [IG] iter  5550/8000  loss=0.9903  elapsed=1231s  ETA=544s
[2026-04-12 06:18:06]         [IG] iter  5600/8000  loss=0.9904  elapsed=1242s  ETA=532s
[2026-04-12 06:18:18]         [IG] iter  5650/8000  loss=0.9893  elapsed=1254s  ETA=522s
[2026-04-12 06:18:29]         [IG] iter  5700/8000  loss=0.9908  elapsed=1265s  ETA=510s
[2026-04-12 06:18:40]         [IG] iter  5750/8000  loss=0.9939  elapsed=1276s  ETA=499s
[2026-04-12 06:18:52]         [IG] iter  5800/8000  loss=0.9880  elapsed=1288s  ETA=488s
[2026-04-12 06:19:04]         [IG] iter  5850/8000  loss=0.9908  elapsed=1300s  ETA=478s
[2026-04-12 06:19:15]         [IG] iter  5900/8000  loss=0.9915  elapsed=1311s  ETA=467s
[2026-04-12 06:19:26]         [IG] iter  5950/8000  loss=0.9947  elapsed=1322s  ETA=455s
[2026-04-12 06:19:37]         [IG] iter  6000/8000  loss=0.9959  elapsed=1332s  ETA=444s
[2026-04-12 06:19:48]         [IG] iter  6050/8000  loss=0.9960  elapsed=1343s  ETA=433s
[2026-04-12 06:19:58]         [IG] iter  6100/8000  loss=0.9950  elapsed=1354s  ETA=422s
[2026-04-12 06:20:10]         [IG] iter  6150/8000  loss=0.9999  elapsed=1366s  ETA=411s
[2026-04-12 06:20:21]         [IG] iter  6200/8000  loss=1.0001  elapsed=1377s  ETA=400s
[2026-04-12 06:20:32]         [IG] iter  6250/8000  loss=0.9971  elapsed=1388s  ETA=389s
[2026-04-12 06:20:43]         [IG] iter  6300/8000  loss=0.9967  elapsed=1399s  ETA=378s
[2026-04-12 06:20:54]         [IG] iter  6350/8000  loss=0.9970  elapsed=1410s  ETA=366s
[2026-04-12 06:21:05]         [IG] iter  6400/8000  loss=0.9960  elapsed=1421s  ETA=355s
[2026-04-12 06:21:16]         [IG] iter  6450/8000  loss=0.9934  elapsed=1432s  ETA=344s
[2026-04-12 06:21:27]         [IG] iter  6500/8000  loss=0.9959  elapsed=1443s  ETA=333s
[2026-04-12 06:21:38]         [IG] iter  6550/8000  loss=0.9980  elapsed=1454s  ETA=322s
[2026-04-12 06:21:49]         [IG] iter  6600/8000  loss=0.9977  elapsed=1464s  ETA=311s
[2026-04-12 06:22:00]         [IG] iter  6650/8000  loss=0.9938  elapsed=1475s  ETA=300s
[2026-04-12 06:22:10]         [IG] iter  6700/8000  loss=0.9977  elapsed=1486s  ETA=288s
[2026-04-12 06:22:21]         [IG] iter  6750/8000  loss=0.9877  elapsed=1497s  ETA=277s
[2026-04-12 06:22:33]         [IG] iter  6800/8000  loss=0.9956  elapsed=1508s  ETA=266s
[2026-04-12 06:22:44]         [IG] iter  6850/8000  loss=0.9995  elapsed=1520s  ETA=255s
[2026-04-12 06:22:55]         [IG] iter  6900/8000  loss=0.9944  elapsed=1531s  ETA=244s
[2026-04-12 06:23:06]         [IG] iter  6950/8000  loss=0.9937  elapsed=1542s  ETA=233s
[2026-04-12 06:23:17]         [IG] iter  7000/8000  loss=0.9950  elapsed=1553s  ETA=222s
[2026-04-12 06:23:28]         [IG] iter  7050/8000  loss=0.9968  elapsed=1563s  ETA=211s
[2026-04-12 06:23:38]         [IG] iter  7100/8000  loss=0.9976  elapsed=1574s  ETA=200s
[2026-04-12 06:23:49]         [IG] iter  7150/8000  loss=0.9974  elapsed=1585s  ETA=188s
[2026-04-12 06:24:00]         [IG] iter  7200/8000  loss=0.9951  elapsed=1596s  ETA=177s
[2026-04-12 06:24:11]         [IG] iter  7250/8000  loss=0.9952  elapsed=1607s  ETA=166s
[2026-04-12 06:24:22]         [IG] iter  7300/8000  loss=0.9931  elapsed=1618s  ETA=155s
[2026-04-12 06:24:34]         [IG] iter  7350/8000  loss=0.9907  elapsed=1629s  ETA=144s
[2026-04-12 06:24:45]         [IG] iter  7400/8000  loss=0.9927  elapsed=1641s  ETA=133s
[2026-04-12 06:24:56]         [IG] iter  7450/8000  loss=0.9937  elapsed=1652s  ETA=122s
[2026-04-12 06:25:07]         [IG] iter  7500/8000  loss=0.9938  elapsed=1663s  ETA=111s
[2026-04-12 06:25:18]         [IG] iter  7550/8000  loss=0.9925  elapsed=1674s  ETA=100s
[2026-04-12 06:25:29]         [IG] iter  7600/8000  loss=0.9826  elapsed=1684s  ETA=89s
[2026-04-12 06:25:40]         [IG] iter  7650/8000  loss=0.9876  elapsed=1696s  ETA=78s
[2026-04-12 06:25:51]         [IG] iter  7700/8000  loss=0.9920  elapsed=1707s  ETA=67s
[2026-04-12 06:26:02]         [IG] iter  7750/8000  loss=0.9893  elapsed=1718s  ETA=55s
[2026-04-12 06:26:13]         [IG] iter  7800/8000  loss=0.9892  elapsed=1729s  ETA=44s
[2026-04-12 06:26:25]         [IG] iter  7850/8000  loss=0.9852  elapsed=1741s  ETA=33s
[2026-04-12 06:26:36]         [IG] iter  7900/8000  loss=0.9892  elapsed=1752s  ETA=22s
[2026-04-12 06:26:47]         [IG] iter  7950/8000  loss=0.9914  elapsed=1763s  ETA=11s
[2026-04-12 06:26:58]         [IG] iter  8000/8000  loss=0.9861  elapsed=1774s  ETA=0s
[2026-04-12 06:26:58]         [IG] restart 1 done — final loss=0.9861
[2026-04-12 06:26:58]       [dp/sigma=0.001] img 3/10 — attack done in 1773.7s
[2026-04-12 06:26:58]       [dp/sigma=0.001] img 3/10 — PSNR=7.26  SSIM=-0.0161  LPIPS=0.3039
[2026-04-12 06:26:58]       [dp/sigma=0.001] img 4/10 — computing true gradient...
[2026-04-12 06:26:58]       [dp/sigma=0.001] img 4/10 — applying defense: dp ...
[2026-04-12 06:26:58]       [dp/sigma=0.001] img 4/10 — running IG attack...
[2026-04-12 06:26:58]         [IG] restart 1/1 — 8000 iterations ...
[2026-04-12 06:27:09]         [IG] iter    50/8000  loss=1.0017  elapsed=11s  ETA=1743s
[2026-04-12 06:27:20]         [IG] iter   100/8000  loss=0.9960  elapsed=22s  ETA=1761s
[2026-04-12 06:27:31]         [IG] iter   150/8000  loss=0.9994  elapsed=33s  ETA=1750s
[2026-04-12 06:27:43]         [IG] iter   200/8000  loss=0.9952  elapsed=45s  ETA=1741s
[2026-04-12 06:27:54]         [IG] iter   250/8000  loss=0.9982  elapsed=56s  ETA=1733s
[2026-04-12 06:28:05]         [IG] iter   300/8000  loss=1.0005  elapsed=67s  ETA=1721s
[2026-04-12 06:28:16]         [IG] iter   350/8000  loss=0.9941  elapsed=78s  ETA=1712s
[2026-04-12 06:28:28]         [IG] iter   400/8000  loss=1.0000  elapsed=89s  ETA=1700s
[2026-04-12 06:28:39]         [IG] iter   450/8000  loss=1.0034  elapsed=101s  ETA=1688s
[2026-04-12 06:28:50]         [IG] iter   500/8000  loss=0.9948  elapsed=112s  ETA=1676s
[2026-04-12 06:29:01]         [IG] iter   550/8000  loss=0.9989  elapsed=123s  ETA=1663s
[2026-04-12 06:29:12]         [IG] iter   600/8000  loss=1.0026  elapsed=134s  ETA=1650s
[2026-04-12 06:29:23]         [IG] iter   650/8000  loss=0.9937  elapsed=145s  ETA=1635s
[2026-04-12 06:29:33]         [IG] iter   700/8000  loss=0.9939  elapsed=155s  ETA=1619s
[2026-04-12 06:29:44]         [IG] iter   750/8000  loss=0.9973  elapsed=166s  ETA=1606s
[2026-04-12 06:29:55]         [IG] iter   800/8000  loss=0.9999  elapsed=177s  ETA=1592s
[2026-04-12 06:30:06]         [IG] iter   850/8000  loss=0.9979  elapsed=188s  ETA=1578s
[2026-04-12 06:30:16]         [IG] iter   900/8000  loss=1.0020  elapsed=198s  ETA=1565s
[2026-04-12 06:30:27]         [IG] iter   950/8000  loss=0.9951  elapsed=209s  ETA=1554s
[2026-04-12 06:30:39]         [IG] iter  1000/8000  loss=1.0038  elapsed=221s  ETA=1545s
[2026-04-12 06:30:50]         [IG] iter  1050/8000  loss=1.0013  elapsed=232s  ETA=1534s
[2026-04-12 06:31:01]         [IG] iter  1100/8000  loss=0.9983  elapsed=243s  ETA=1524s
[2026-04-12 06:31:12]         [IG] iter  1150/8000  loss=1.0015  elapsed=254s  ETA=1512s
[2026-04-12 06:31:23]         [IG] iter  1200/8000  loss=1.0024  elapsed=265s  ETA=1501s
[2026-04-12 06:31:34]         [IG] iter  1250/8000  loss=1.0035  elapsed=276s  ETA=1489s
[2026-04-12 06:31:45]         [IG] iter  1300/8000  loss=1.0050  elapsed=287s  ETA=1477s
[2026-04-12 06:31:55]         [IG] iter  1350/8000  loss=1.0019  elapsed=297s  ETA=1465s
[2026-04-12 06:32:06]         [IG] iter  1400/8000  loss=1.0009  elapsed=308s  ETA=1453s
[2026-04-12 06:32:17]         [IG] iter  1450/8000  loss=1.0016  elapsed=319s  ETA=1441s
[2026-04-12 06:32:28]         [IG] iter  1500/8000  loss=1.0068  elapsed=330s  ETA=1429s
[2026-04-12 06:32:39]         [IG] iter  1550/8000  loss=1.0055  elapsed=341s  ETA=1420s
[2026-04-12 06:32:51]         [IG] iter  1600/8000  loss=1.0060  elapsed=353s  ETA=1410s
[2026-04-12 06:33:02]         [IG] iter  1650/8000  loss=0.9980  elapsed=364s  ETA=1401s
[2026-04-12 06:33:13]         [IG] iter  1700/8000  loss=1.0018  elapsed=375s  ETA=1391s
[2026-04-12 06:33:25]         [IG] iter  1750/8000  loss=0.9964  elapsed=387s  ETA=1382s
[2026-04-12 06:33:36]         [IG] iter  1800/8000  loss=0.9937  elapsed=398s  ETA=1371s
[2026-04-12 06:33:47]         [IG] iter  1850/8000  loss=1.0009  elapsed=409s  ETA=1359s
[2026-04-12 06:33:58]         [IG] iter  1900/8000  loss=0.9958  elapsed=420s  ETA=1348s
[2026-04-12 06:34:09]         [IG] iter  1950/8000  loss=0.9976  elapsed=431s  ETA=1336s
[2026-04-12 06:34:20]         [IG] iter  2000/8000  loss=1.0018  elapsed=442s  ETA=1325s
[2026-04-12 06:34:30]         [IG] iter  2050/8000  loss=0.9962  elapsed=452s  ETA=1313s
[2026-04-12 06:34:41]         [IG] iter  2100/8000  loss=0.9960  elapsed=463s  ETA=1302s
[2026-04-12 06:34:53]         [IG] iter  2150/8000  loss=1.0010  elapsed=475s  ETA=1292s
[2026-04-12 06:35:04]         [IG] iter  2200/8000  loss=1.0003  elapsed=486s  ETA=1282s
[2026-04-12 06:35:16]         [IG] iter  2250/8000  loss=0.9966  elapsed=498s  ETA=1273s
[2026-04-12 06:35:28]         [IG] iter  2300/8000  loss=0.9963  elapsed=510s  ETA=1263s
[2026-04-12 06:35:39]         [IG] iter  2350/8000  loss=0.9883  elapsed=521s  ETA=1253s
[2026-04-12 06:35:51]         [IG] iter  2400/8000  loss=0.9986  elapsed=533s  ETA=1243s
[2026-04-12 06:36:02]         [IG] iter  2450/8000  loss=0.9934  elapsed=544s  ETA=1233s
[2026-04-12 06:36:14]         [IG] iter  2500/8000  loss=1.0059  elapsed=556s  ETA=1222s
[2026-04-12 06:36:25]         [IG] iter  2550/8000  loss=1.0008  elapsed=567s  ETA=1212s
[2026-04-12 06:36:37]         [IG] iter  2600/8000  loss=1.0020  elapsed=579s  ETA=1202s
[2026-04-12 06:36:48]         [IG] iter  2650/8000  loss=0.9952  elapsed=590s  ETA=1191s
[2026-04-12 06:36:59]         [IG] iter  2700/8000  loss=0.9949  elapsed=601s  ETA=1181s
[2026-04-12 06:37:11]         [IG] iter  2750/8000  loss=0.9911  elapsed=613s  ETA=1170s
[2026-04-12 06:37:22]         [IG] iter  2800/8000  loss=0.9893  elapsed=624s  ETA=1159s
[2026-04-12 06:37:34]         [IG] iter  2850/8000  loss=0.9934  elapsed=635s  ETA=1148s
[2026-04-12 06:37:45]         [IG] iter  2900/8000  loss=0.9881  elapsed=647s  ETA=1138s
[2026-04-12 06:37:56]         [IG] iter  2950/8000  loss=0.9945  elapsed=658s  ETA=1126s
[2026-04-12 06:38:07]         [IG] iter  3000/8000  loss=0.9957  elapsed=669s  ETA=1115s
[2026-04-12 06:38:19]         [IG] iter  3050/8000  loss=0.9996  elapsed=681s  ETA=1105s
[2026-04-12 06:38:31]         [IG] iter  3100/8000  loss=1.0026  elapsed=693s  ETA=1095s
[2026-04-12 06:38:42]         [IG] iter  3150/8000  loss=0.9948  elapsed=704s  ETA=1084s
[2026-04-12 06:38:54]         [IG] iter  3200/8000  loss=0.9931  elapsed=716s  ETA=1074s
[2026-04-12 06:39:05]         [IG] iter  3250/8000  loss=0.9920  elapsed=727s  ETA=1063s
[2026-04-12 06:39:16]         [IG] iter  3300/8000  loss=0.9958  elapsed=738s  ETA=1051s
[2026-04-12 06:39:27]         [IG] iter  3350/8000  loss=0.9972  elapsed=749s  ETA=1040s
[2026-04-12 06:39:39]         [IG] iter  3400/8000  loss=0.9998  elapsed=761s  ETA=1029s
[2026-04-12 06:39:50]         [IG] iter  3450/8000  loss=1.0008  elapsed=772s  ETA=1018s
[2026-04-12 06:40:00]         [IG] iter  3500/8000  loss=0.9922  elapsed=782s  ETA=1006s
[2026-04-12 06:40:12]         [IG] iter  3550/8000  loss=0.9949  elapsed=794s  ETA=995s
[2026-04-12 06:40:23]         [IG] iter  3600/8000  loss=0.9950  elapsed=805s  ETA=984s
[2026-04-12 06:40:34]         [IG] iter  3650/8000  loss=0.9964  elapsed=816s  ETA=972s
[2026-04-12 06:40:45]         [IG] iter  3700/8000  loss=0.9921  elapsed=827s  ETA=961s
[2026-04-12 06:40:56]         [IG] iter  3750/8000  loss=0.9997  elapsed=838s  ETA=949s
[2026-04-12 06:41:07]         [IG] iter  3800/8000  loss=0.9981  elapsed=849s  ETA=938s
[2026-04-12 06:41:17]         [IG] iter  3850/8000  loss=0.9999  elapsed=859s  ETA=926s
[2026-04-12 06:41:28]         [IG] iter  3900/8000  loss=0.9941  elapsed=870s  ETA=915s
[2026-04-12 06:41:39]         [IG] iter  3950/8000  loss=0.9967  elapsed=881s  ETA=904s
[2026-04-12 06:41:50]         [IG] iter  4000/8000  loss=0.9950  elapsed=892s  ETA=892s
[2026-04-12 06:42:02]         [IG] iter  4050/8000  loss=0.9992  elapsed=904s  ETA=881s
[2026-04-12 06:42:12]         [IG] iter  4100/8000  loss=0.9906  elapsed=914s  ETA=870s
[2026-04-12 06:42:24]         [IG] iter  4150/8000  loss=0.9978  elapsed=926s  ETA=859s
[2026-04-12 06:42:34]         [IG] iter  4200/8000  loss=0.9902  elapsed=936s  ETA=847s
[2026-04-12 06:42:45]         [IG] iter  4250/8000  loss=0.9944  elapsed=947s  ETA=836s
[2026-04-12 06:42:56]         [IG] iter  4300/8000  loss=0.9992  elapsed=958s  ETA=824s
[2026-04-12 06:43:07]         [IG] iter  4350/8000  loss=0.9905  elapsed=969s  ETA=813s
[2026-04-12 06:43:18]         [IG] iter  4400/8000  loss=0.9922  elapsed=980s  ETA=802s
[2026-04-12 06:43:30]         [IG] iter  4450/8000  loss=0.9989  elapsed=992s  ETA=791s
[2026-04-12 06:43:40]         [IG] iter  4500/8000  loss=0.9955  elapsed=1002s  ETA=780s
[2026-04-12 06:43:51]         [IG] iter  4550/8000  loss=0.9990  elapsed=1013s  ETA=768s
[2026-04-12 06:44:02]         [IG] iter  4600/8000  loss=0.9911  elapsed=1024s  ETA=757s
[2026-04-12 06:44:13]         [IG] iter  4650/8000  loss=0.9876  elapsed=1035s  ETA=745s
[2026-04-12 06:44:24]         [IG] iter  4700/8000  loss=0.9875  elapsed=1046s  ETA=734s
[2026-04-12 06:44:35]         [IG] iter  4750/8000  loss=1.0087  elapsed=1057s  ETA=723s
[2026-04-12 06:44:46]         [IG] iter  4800/8000  loss=1.0016  elapsed=1068s  ETA=712s
[2026-04-12 06:44:57]         [IG] iter  4850/8000  loss=0.9972  elapsed=1079s  ETA=701s
[2026-04-12 06:45:08]         [IG] iter  4900/8000  loss=0.9941  elapsed=1090s  ETA=690s
[2026-04-12 06:45:20]         [IG] iter  4950/8000  loss=0.9860  elapsed=1102s  ETA=679s
[2026-04-12 06:45:31]         [IG] iter  5000/8000  loss=0.9876  elapsed=1113s  ETA=668s
[2026-04-12 06:45:43]         [IG] iter  5050/8000  loss=0.9939  elapsed=1125s  ETA=657s
[2026-04-12 06:45:54]         [IG] iter  5100/8000  loss=0.9943  elapsed=1136s  ETA=646s
[2026-04-12 06:46:05]         [IG] iter  5150/8000  loss=0.9884  elapsed=1147s  ETA=635s
[2026-04-12 06:46:16]         [IG] iter  5200/8000  loss=0.9931  elapsed=1158s  ETA=624s
[2026-04-12 06:46:28]         [IG] iter  5250/8000  loss=0.9937  elapsed=1170s  ETA=613s
[2026-04-12 06:46:39]         [IG] iter  5300/8000  loss=0.9889  elapsed=1181s  ETA=602s
[2026-04-12 06:46:50]         [IG] iter  5350/8000  loss=0.9894  elapsed=1192s  ETA=590s
[2026-04-12 06:47:01]         [IG] iter  5400/8000  loss=0.9929  elapsed=1203s  ETA=579s
[2026-04-12 06:47:12]         [IG] iter  5450/8000  loss=0.9883  elapsed=1214s  ETA=568s
[2026-04-12 06:47:24]         [IG] iter  5500/8000  loss=0.9928  elapsed=1226s  ETA=557s
[2026-04-12 06:47:35]         [IG] iter  5550/8000  loss=0.9919  elapsed=1237s  ETA=546s
[2026-04-12 06:47:46]         [IG] iter  5600/8000  loss=0.9940  elapsed=1248s  ETA=535s
[2026-04-12 06:47:56]         [IG] iter  5650/8000  loss=0.9965  elapsed=1258s  ETA=523s
[2026-04-12 06:48:07]         [IG] iter  5700/8000  loss=0.9996  elapsed=1269s  ETA=512s
[2026-04-12 06:48:18]         [IG] iter  5750/8000  loss=0.9922  elapsed=1280s  ETA=501s
[2026-04-12 06:48:29]         [IG] iter  5800/8000  loss=0.9925  elapsed=1291s  ETA=490s
[2026-04-12 06:48:41]         [IG] iter  5850/8000  loss=0.9923  elapsed=1303s  ETA=479s
[2026-04-12 06:48:52]         [IG] iter  5900/8000  loss=0.9965  elapsed=1314s  ETA=468s
[2026-04-12 06:49:03]         [IG] iter  5950/8000  loss=0.9956  elapsed=1325s  ETA=456s
[2026-04-12 06:49:14]         [IG] iter  6000/8000  loss=0.9948  elapsed=1336s  ETA=445s
[2026-04-12 06:49:25]         [IG] iter  6050/8000  loss=0.9960  elapsed=1347s  ETA=434s
[2026-04-12 06:49:36]         [IG] iter  6100/8000  loss=0.9980  elapsed=1358s  ETA=423s
[2026-04-12 06:49:47]         [IG] iter  6150/8000  loss=0.9943  elapsed=1369s  ETA=412s
[2026-04-12 06:49:58]         [IG] iter  6200/8000  loss=0.9965  elapsed=1380s  ETA=401s
[2026-04-12 06:50:09]         [IG] iter  6250/8000  loss=0.9974  elapsed=1391s  ETA=390s
[2026-04-12 06:50:21]         [IG] iter  6300/8000  loss=0.9931  elapsed=1403s  ETA=378s
[2026-04-12 06:50:32]         [IG] iter  6350/8000  loss=0.9917  elapsed=1414s  ETA=367s
[2026-04-12 06:50:43]         [IG] iter  6400/8000  loss=0.9975  elapsed=1425s  ETA=356s
[2026-04-12 06:50:54]         [IG] iter  6450/8000  loss=0.9895  elapsed=1436s  ETA=345s
[2026-04-12 06:51:05]         [IG] iter  6500/8000  loss=0.9912  elapsed=1447s  ETA=334s
[2026-04-12 06:51:16]         [IG] iter  6550/8000  loss=0.9913  elapsed=1458s  ETA=323s
[2026-04-12 06:51:27]         [IG] iter  6600/8000  loss=0.9952  elapsed=1469s  ETA=312s
[2026-04-12 06:51:38]         [IG] iter  6650/8000  loss=0.9970  elapsed=1480s  ETA=301s
[2026-04-12 06:51:49]         [IG] iter  6700/8000  loss=0.9921  elapsed=1491s  ETA=289s
[2026-04-12 06:52:00]         [IG] iter  6750/8000  loss=0.9946  elapsed=1502s  ETA=278s
[2026-04-12 06:52:11]         [IG] iter  6800/8000  loss=0.9991  elapsed=1513s  ETA=267s
[2026-04-12 06:52:22]         [IG] iter  6850/8000  loss=0.9903  elapsed=1524s  ETA=256s
[2026-04-12 06:52:34]         [IG] iter  6900/8000  loss=0.9923  elapsed=1536s  ETA=245s
[2026-04-12 06:52:45]         [IG] iter  6950/8000  loss=0.9964  elapsed=1547s  ETA=234s
[2026-04-12 06:52:56]         [IG] iter  7000/8000  loss=1.0010  elapsed=1558s  ETA=223s
[2026-04-12 06:53:07]         [IG] iter  7050/8000  loss=0.9926  elapsed=1569s  ETA=211s
[2026-04-12 06:53:18]         [IG] iter  7100/8000  loss=0.9910  elapsed=1580s  ETA=200s
[2026-04-12 06:53:29]         [IG] iter  7150/8000  loss=0.9974  elapsed=1591s  ETA=189s
[2026-04-12 06:53:40]         [IG] iter  7200/8000  loss=0.9962  elapsed=1602s  ETA=178s
[2026-04-12 06:53:51]         [IG] iter  7250/8000  loss=0.9940  elapsed=1613s  ETA=167s
[2026-04-12 06:54:02]         [IG] iter  7300/8000  loss=0.9921  elapsed=1623s  ETA=156s
[2026-04-12 06:54:13]         [IG] iter  7350/8000  loss=0.9963  elapsed=1635s  ETA=145s
[2026-04-12 06:54:24]         [IG] iter  7400/8000  loss=0.9974  elapsed=1646s  ETA=133s
[2026-04-12 06:54:35]         [IG] iter  7450/8000  loss=0.9950  elapsed=1657s  ETA=122s
[2026-04-12 06:54:46]         [IG] iter  7500/8000  loss=1.0013  elapsed=1668s  ETA=111s
[2026-04-12 06:54:57]         [IG] iter  7550/8000  loss=1.0007  elapsed=1679s  ETA=100s
[2026-04-12 06:55:08]         [IG] iter  7600/8000  loss=0.9945  elapsed=1690s  ETA=89s
[2026-04-12 06:55:19]         [IG] iter  7650/8000  loss=0.9924  elapsed=1701s  ETA=78s
[2026-04-12 06:55:30]         [IG] iter  7700/8000  loss=0.9908  elapsed=1712s  ETA=67s
[2026-04-12 06:55:41]         [IG] iter  7750/8000  loss=0.9935  elapsed=1723s  ETA=56s
[2026-04-12 06:55:52]         [IG] iter  7800/8000  loss=0.9948  elapsed=1734s  ETA=44s
[2026-04-12 06:56:03]         [IG] iter  7850/8000  loss=0.9956  elapsed=1745s  ETA=33s
[2026-04-12 06:56:14]         [IG] iter  7900/8000  loss=0.9951  elapsed=1756s  ETA=22s
[2026-04-12 06:56:26]         [IG] iter  7950/8000  loss=0.9955  elapsed=1768s  ETA=11s
[2026-04-12 06:56:37]         [IG] iter  8000/8000  loss=0.9949  elapsed=1779s  ETA=0s
[2026-04-12 06:56:37]         [IG] restart 1 done — final loss=0.9949
[2026-04-12 06:56:37]       [dp/sigma=0.001] img 4/10 — attack done in 1778.9s
[2026-04-12 06:56:37]       [dp/sigma=0.001] img 4/10 — PSNR=8.22  SSIM=0.0270  LPIPS=0.3796
[2026-04-12 06:56:37]       [dp/sigma=0.001] img 5/10 — computing true gradient...
[2026-04-12 06:56:37]       [dp/sigma=0.001] img 5/10 — applying defense: dp ...
[2026-04-12 06:56:37]       [dp/sigma=0.001] img 5/10 — running IG attack...
[2026-04-12 06:56:37]         [IG] restart 1/1 — 8000 iterations ...
[2026-04-12 06:56:48]         [IG] iter    50/8000  loss=1.0015  elapsed=11s  ETA=1782s
[2026-04-12 06:56:59]         [IG] iter   100/8000  loss=0.9999  elapsed=22s  ETA=1768s
[2026-04-12 06:57:11]         [IG] iter   150/8000  loss=1.0000  elapsed=33s  ETA=1753s
[2026-04-12 06:57:22]         [IG] iter   200/8000  loss=0.9932  elapsed=45s  ETA=1743s
[2026-04-12 06:57:33]         [IG] iter   250/8000  loss=0.9920  elapsed=56s  ETA=1733s
[2026-04-12 06:57:44]         [IG] iter   300/8000  loss=0.9936  elapsed=67s  ETA=1722s
[2026-04-12 06:57:55]         [IG] iter   350/8000  loss=1.0013  elapsed=78s  ETA=1713s
[2026-04-12 06:58:07]         [IG] iter   400/8000  loss=0.9959  elapsed=90s  ETA=1701s
[2026-04-12 06:58:18]         [IG] iter   450/8000  loss=0.9979  elapsed=100s  ETA=1686s
[2026-04-12 06:58:28]         [IG] iter   500/8000  loss=0.9977  elapsed=111s  ETA=1671s
[2026-04-12 06:58:39]         [IG] iter   550/8000  loss=0.9979  elapsed=122s  ETA=1656s
[2026-04-12 06:58:50]         [IG] iter   600/8000  loss=0.9964  elapsed=133s  ETA=1642s
[2026-04-12 06:59:01]         [IG] iter   650/8000  loss=1.0021  elapsed=144s  ETA=1629s
[2026-04-12 06:59:12]         [IG] iter   700/8000  loss=1.0001  elapsed=155s  ETA=1621s
[2026-04-12 06:59:24]         [IG] iter   750/8000  loss=1.0004  elapsed=167s  ETA=1610s
[2026-04-12 06:59:34]         [IG] iter   800/8000  loss=0.9988  elapsed=177s  ETA=1596s
[2026-04-12 06:59:45]         [IG] iter   850/8000  loss=1.0042  elapsed=188s  ETA=1583s
[2026-04-12 06:59:56]         [IG] iter   900/8000  loss=0.9966  elapsed=199s  ETA=1573s
[2026-04-12 07:00:08]         [IG] iter   950/8000  loss=0.9955  elapsed=211s  ETA=1563s
[2026-04-12 07:00:19]         [IG] iter  1000/8000  loss=0.9948  elapsed=222s  ETA=1553s
[2026-04-12 07:00:30]         [IG] iter  1050/8000  loss=1.0006  elapsed=233s  ETA=1544s
[2026-04-12 07:00:42]         [IG] iter  1100/8000  loss=0.9986  elapsed=245s  ETA=1534s
[2026-04-12 07:00:53]         [IG] iter  1150/8000  loss=1.0047  elapsed=256s  ETA=1525s
[2026-04-12 07:01:04]         [IG] iter  1200/8000  loss=0.9984  elapsed=267s  ETA=1515s
[2026-04-12 07:01:16]         [IG] iter  1250/8000  loss=0.9987  elapsed=278s  ETA=1504s
[2026-04-12 07:01:27]         [IG] iter  1300/8000  loss=1.0016  elapsed=290s  ETA=1492s
[2026-04-12 07:01:38]         [IG] iter  1350/8000  loss=0.9986  elapsed=301s  ETA=1482s
[2026-04-12 07:01:49]         [IG] iter  1400/8000  loss=0.9973  elapsed=312s  ETA=1471s
[2026-04-12 07:02:00]         [IG] iter  1450/8000  loss=0.9944  elapsed=323s  ETA=1461s
[2026-04-12 07:02:12]         [IG] iter  1500/8000  loss=1.0033  elapsed=335s  ETA=1450s
[2026-04-12 07:02:23]         [IG] iter  1550/8000  loss=1.0022  elapsed=346s  ETA=1440s
[2026-04-12 07:02:34]         [IG] iter  1600/8000  loss=1.0044  elapsed=357s  ETA=1429s
[2026-04-12 07:02:45]         [IG] iter  1650/8000  loss=0.9974  elapsed=368s  ETA=1416s
[2026-04-12 07:02:56]         [IG] iter  1700/8000  loss=1.0038  elapsed=379s  ETA=1405s
[2026-04-12 07:03:07]         [IG] iter  1750/8000  loss=1.0028  elapsed=390s  ETA=1393s
[2026-04-12 07:03:18]         [IG] iter  1800/8000  loss=0.9912  elapsed=401s  ETA=1380s
[2026-04-12 07:03:28]         [IG] iter  1850/8000  loss=1.0063  elapsed=411s  ETA=1368s
[2026-04-12 07:03:39]         [IG] iter  1900/8000  loss=0.9974  elapsed=422s  ETA=1356s
[2026-04-12 07:03:50]         [IG] iter  1950/8000  loss=1.0105  elapsed=433s  ETA=1344s
[2026-04-12 07:04:01]         [IG] iter  2000/8000  loss=1.0014  elapsed=444s  ETA=1332s
[2026-04-12 07:04:12]         [IG] iter  2050/8000  loss=0.9991  elapsed=455s  ETA=1320s
[2026-04-12 07:04:23]         [IG] iter  2100/8000  loss=0.9991  elapsed=466s  ETA=1310s
[2026-04-12 07:04:34]         [IG] iter  2150/8000  loss=0.9936  elapsed=477s  ETA=1299s
[2026-04-12 07:04:46]         [IG] iter  2200/8000  loss=0.9972  elapsed=488s  ETA=1288s
[2026-04-12 07:04:56]         [IG] iter  2250/8000  loss=0.9998  elapsed=499s  ETA=1276s
[2026-04-12 07:05:07]         [IG] iter  2300/8000  loss=1.0055  elapsed=510s  ETA=1264s
[2026-04-12 07:05:18]         [IG] iter  2350/8000  loss=1.0036  elapsed=521s  ETA=1253s
[2026-04-12 07:05:29]         [IG] iter  2400/8000  loss=1.0074  elapsed=532s  ETA=1241s
[2026-04-12 07:05:40]         [IG] iter  2450/8000  loss=0.9966  elapsed=543s  ETA=1230s
[2026-04-12 07:05:51]         [IG] iter  2500/8000  loss=0.9946  elapsed=554s  ETA=1220s
[2026-04-12 07:06:03]         [IG] iter  2550/8000  loss=0.9905  elapsed=566s  ETA=1209s
[2026-04-12 07:06:14]         [IG] iter  2600/8000  loss=0.9985  elapsed=577s  ETA=1198s
[2026-04-12 07:06:25]         [IG] iter  2650/8000  loss=1.0066  elapsed=588s  ETA=1187s
[2026-04-12 07:06:36]         [IG] iter  2700/8000  loss=0.9938  elapsed=599s  ETA=1175s
[2026-04-12 07:06:47]         [IG] iter  2750/8000  loss=0.9992  elapsed=610s  ETA=1164s
[2026-04-12 07:06:58]         [IG] iter  2800/8000  loss=0.9969  elapsed=620s  ETA=1152s
[2026-04-12 07:07:09]         [IG] iter  2850/8000  loss=1.0020  elapsed=632s  ETA=1141s
[2026-04-12 07:07:20]         [IG] iter  2900/8000  loss=0.9981  elapsed=643s  ETA=1131s
[2026-04-12 07:07:32]         [IG] iter  2950/8000  loss=0.9994  elapsed=655s  ETA=1121s
[2026-04-12 07:07:43]         [IG] iter  3000/8000  loss=0.9988  elapsed=666s  ETA=1109s
[2026-04-12 07:07:53]         [IG] iter  3050/8000  loss=1.0017  elapsed=676s  ETA=1098s
[2026-04-12 07:08:04]         [IG] iter  3100/8000  loss=1.0045  elapsed=687s  ETA=1086s
[2026-04-12 07:08:15]         [IG] iter  3150/8000  loss=1.0038  elapsed=698s  ETA=1075s
[2026-04-12 07:08:26]         [IG] iter  3200/8000  loss=1.0025  elapsed=709s  ETA=1064s
[2026-04-12 07:08:37]         [IG] iter  3250/8000  loss=1.0043  elapsed=720s  ETA=1052s
[2026-04-12 07:08:48]         [IG] iter  3300/8000  loss=0.9903  elapsed=731s  ETA=1041s
[2026-04-12 07:08:59]         [IG] iter  3350/8000  loss=1.0004  elapsed=742s  ETA=1030s
[2026-04-12 07:09:11]         [IG] iter  3400/8000  loss=1.0009  elapsed=753s  ETA=1019s
[2026-04-12 07:09:21]         [IG] iter  3450/8000  loss=0.9956  elapsed=764s  ETA=1008s
[2026-04-12 07:09:32]         [IG] iter  3500/8000  loss=0.9958  elapsed=775s  ETA=997s
[2026-04-12 07:09:44]         [IG] iter  3550/8000  loss=0.9996  elapsed=787s  ETA=986s
[2026-04-12 07:09:55]         [IG] iter  3600/8000  loss=0.9911  elapsed=798s  ETA=975s
[2026-04-12 07:10:05]         [IG] iter  3650/8000  loss=0.9959  elapsed=808s  ETA=963s
[2026-04-12 07:10:16]         [IG] iter  3700/8000  loss=1.0015  elapsed=819s  ETA=952s
[2026-04-12 07:10:27]         [IG] iter  3750/8000  loss=1.0025  elapsed=830s  ETA=941s
[2026-04-12 07:10:38]         [IG] iter  3800/8000  loss=1.0018  elapsed=841s  ETA=929s
[2026-04-12 07:10:49]         [IG] iter  3850/8000  loss=0.9960  elapsed=852s  ETA=918s
[2026-04-12 07:11:00]         [IG] iter  3900/8000  loss=0.9951  elapsed=863s  ETA=907s
[2026-04-12 07:11:11]         [IG] iter  3950/8000  loss=0.9976  elapsed=874s  ETA=896s
[2026-04-12 07:11:22]         [IG] iter  4000/8000  loss=1.0054  elapsed=885s  ETA=885s
[2026-04-12 07:11:32]         [IG] iter  4050/8000  loss=1.0002  elapsed=895s  ETA=873s
[2026-04-12 07:11:43]         [IG] iter  4100/8000  loss=1.0050  elapsed=906s  ETA=862s
[2026-04-12 07:11:54]         [IG] iter  4150/8000  loss=1.0067  elapsed=917s  ETA=850s
[2026-04-12 07:12:04]         [IG] iter  4200/8000  loss=1.0011  elapsed=927s  ETA=839s
[2026-04-12 07:12:15]         [IG] iter  4250/8000  loss=1.0036  elapsed=938s  ETA=828s
[2026-04-12 07:12:26]         [IG] iter  4300/8000  loss=1.0040  elapsed=949s  ETA=817s
[2026-04-12 07:12:37]         [IG] iter  4350/8000  loss=0.9975  elapsed=960s  ETA=805s
[2026-04-12 07:12:47]         [IG] iter  4400/8000  loss=1.0032  elapsed=970s  ETA=794s
[2026-04-12 07:12:58]         [IG] iter  4450/8000  loss=1.0014  elapsed=981s  ETA=783s
[2026-04-12 07:13:09]         [IG] iter  4500/8000  loss=1.0043  elapsed=992s  ETA=772s
[2026-04-12 07:13:20]         [IG] iter  4550/8000  loss=1.0016  elapsed=1003s  ETA=761s
[2026-04-12 07:13:32]         [IG] iter  4600/8000  loss=1.0024  elapsed=1015s  ETA=750s
[2026-04-12 07:13:43]         [IG] iter  4650/8000  loss=0.9987  elapsed=1026s  ETA=739s
[2026-04-12 07:13:55]         [IG] iter  4700/8000  loss=1.0012  elapsed=1038s  ETA=729s
[2026-04-12 07:14:06]         [IG] iter  4750/8000  loss=1.0037  elapsed=1049s  ETA=718s
[2026-04-12 07:14:17]         [IG] iter  4800/8000  loss=1.0056  elapsed=1059s  ETA=706s
[2026-04-12 07:14:27]         [IG] iter  4850/8000  loss=1.0031  elapsed=1070s  ETA=695s
[2026-04-12 07:14:38]         [IG] iter  4900/8000  loss=1.0016  elapsed=1081s  ETA=684s
[2026-04-12 07:14:50]         [IG] iter  4950/8000  loss=0.9970  elapsed=1093s  ETA=673s
[2026-04-12 07:15:01]         [IG] iter  5000/8000  loss=0.9977  elapsed=1104s  ETA=662s
[2026-04-12 07:15:11]         [IG] iter  5050/8000  loss=0.9931  elapsed=1114s  ETA=651s
[2026-04-12 07:15:22]         [IG] iter  5100/8000  loss=1.0025  elapsed=1125s  ETA=640s
[2026-04-12 07:15:33]         [IG] iter  5150/8000  loss=0.9999  elapsed=1136s  ETA=629s
[2026-04-12 07:15:44]         [IG] iter  5200/8000  loss=0.9951  elapsed=1147s  ETA=618s
[2026-04-12 07:15:55]         [IG] iter  5250/8000  loss=1.0011  elapsed=1158s  ETA=606s
[2026-04-12 07:16:06]         [IG] iter  5300/8000  loss=0.9959  elapsed=1169s  ETA=595s
[2026-04-12 07:16:16]         [IG] iter  5350/8000  loss=1.0006  elapsed=1179s  ETA=584s
[2026-04-12 07:16:27]         [IG] iter  5400/8000  loss=1.0066  elapsed=1190s  ETA=573s
[2026-04-12 07:16:38]         [IG] iter  5450/8000  loss=1.0026  elapsed=1201s  ETA=562s
[2026-04-12 07:16:49]         [IG] iter  5500/8000  loss=0.9997  elapsed=1212s  ETA=551s
[2026-04-12 07:17:00]         [IG] iter  5550/8000  loss=0.9999  elapsed=1223s  ETA=540s
[2026-04-12 07:17:10]         [IG] iter  5600/8000  loss=0.9994  elapsed=1233s  ETA=529s
[2026-04-12 07:17:22]         [IG] iter  5650/8000  loss=0.9976  elapsed=1245s  ETA=518s
[2026-04-12 07:17:33]         [IG] iter  5700/8000  loss=0.9970  elapsed=1256s  ETA=507s
[2026-04-12 07:17:44]         [IG] iter  5750/8000  loss=0.9947  elapsed=1267s  ETA=496s
[2026-04-12 07:17:56]         [IG] iter  5800/8000  loss=0.9936  elapsed=1279s  ETA=485s
[2026-04-12 07:18:07]         [IG] iter  5850/8000  loss=0.9900  elapsed=1290s  ETA=474s
[2026-04-12 07:18:19]         [IG] iter  5900/8000  loss=0.9925  elapsed=1302s  ETA=463s
[2026-04-12 07:18:30]         [IG] iter  5950/8000  loss=0.9982  elapsed=1313s  ETA=452s
[2026-04-12 07:18:40]         [IG] iter  6000/8000  loss=0.9951  elapsed=1323s  ETA=441s
[2026-04-12 07:18:51]         [IG] iter  6050/8000  loss=0.9951  elapsed=1334s  ETA=430s
[2026-04-12 07:19:02]         [IG] iter  6100/8000  loss=0.9938  elapsed=1345s  ETA=419s
[2026-04-12 07:19:13]         [IG] iter  6150/8000  loss=0.9997  elapsed=1356s  ETA=408s
[2026-04-12 07:19:24]         [IG] iter  6200/8000  loss=1.0003  elapsed=1367s  ETA=397s
[2026-04-12 07:19:35]         [IG] iter  6250/8000  loss=0.9955  elapsed=1377s  ETA=386s
[2026-04-12 07:19:45]         [IG] iter  6300/8000  loss=0.9998  elapsed=1388s  ETA=375s
[2026-04-12 07:19:56]         [IG] iter  6350/8000  loss=1.0021  elapsed=1399s  ETA=364s
[2026-04-12 07:20:07]         [IG] iter  6400/8000  loss=1.0004  elapsed=1410s  ETA=353s
[2026-04-12 07:20:18]         [IG] iter  6450/8000  loss=1.0033  elapsed=1421s  ETA=341s
[2026-04-12 07:20:29]         [IG] iter  6500/8000  loss=0.9992  elapsed=1432s  ETA=330s
[2026-04-12 07:20:39]         [IG] iter  6550/8000  loss=1.0019  elapsed=1442s  ETA=319s
[2026-04-12 07:20:50]         [IG] iter  6600/8000  loss=1.0021  elapsed=1453s  ETA=308s
[2026-04-12 07:21:01]         [IG] iter  6650/8000  loss=1.0008  elapsed=1464s  ETA=297s
[2026-04-12 07:21:12]         [IG] iter  6700/8000  loss=1.0020  elapsed=1475s  ETA=286s
[2026-04-12 07:21:23]         [IG] iter  6750/8000  loss=1.0033  elapsed=1486s  ETA=275s
[2026-04-12 07:21:34]         [IG] iter  6800/8000  loss=1.0006  elapsed=1497s  ETA=264s
[2026-04-12 07:21:45]         [IG] iter  6850/8000  loss=1.0057  elapsed=1508s  ETA=253s
[2026-04-12 07:21:55]         [IG] iter  6900/8000  loss=1.0028  elapsed=1518s  ETA=242s
[2026-04-12 07:22:06]         [IG] iter  6950/8000  loss=1.0020  elapsed=1529s  ETA=231s
[2026-04-12 07:22:17]         [IG] iter  7000/8000  loss=1.0009  elapsed=1540s  ETA=220s
[2026-04-12 07:22:28]         [IG] iter  7050/8000  loss=0.9982  elapsed=1551s  ETA=209s
[2026-04-12 07:22:39]         [IG] iter  7100/8000  loss=1.0044  elapsed=1562s  ETA=198s
[2026-04-12 07:22:50]         [IG] iter  7150/8000  loss=1.0016  elapsed=1573s  ETA=187s
[2026-04-12 07:23:01]         [IG] iter  7200/8000  loss=1.0038  elapsed=1584s  ETA=176s
[2026-04-12 07:23:12]         [IG] iter  7250/8000  loss=1.0004  elapsed=1595s  ETA=165s
[2026-04-12 07:23:23]         [IG] iter  7300/8000  loss=1.0071  elapsed=1606s  ETA=154s
[2026-04-12 07:23:34]         [IG] iter  7350/8000  loss=1.0018  elapsed=1617s  ETA=143s
[2026-04-12 07:23:45]         [IG] iter  7400/8000  loss=1.0045  elapsed=1628s  ETA=132s
[2026-04-12 07:23:57]         [IG] iter  7450/8000  loss=0.9962  elapsed=1640s  ETA=121s
[2026-04-12 07:24:08]         [IG] iter  7500/8000  loss=1.0028  elapsed=1651s  ETA=110s
[2026-04-12 07:24:19]         [IG] iter  7550/8000  loss=1.0037  elapsed=1662s  ETA=99s
[2026-04-12 07:24:29]         [IG] iter  7600/8000  loss=0.9979  elapsed=1672s  ETA=88s
[2026-04-12 07:24:40]         [IG] iter  7650/8000  loss=1.0046  elapsed=1683s  ETA=77s
[2026-04-12 07:24:51]         [IG] iter  7700/8000  loss=1.0043  elapsed=1694s  ETA=66s
[2026-04-12 07:25:01]         [IG] iter  7750/8000  loss=1.0041  elapsed=1704s  ETA=55s
[2026-04-12 07:25:12]         [IG] iter  7800/8000  loss=1.0066  elapsed=1715s  ETA=44s
[2026-04-12 07:25:23]         [IG] iter  7850/8000  loss=1.0099  elapsed=1726s  ETA=33s
[2026-04-12 07:25:34]         [IG] iter  7900/8000  loss=1.0081  elapsed=1737s  ETA=22s
[2026-04-12 07:25:44]         [IG] iter  7950/8000  loss=1.0074  elapsed=1747s  ETA=11s
[2026-04-12 07:25:55]         [IG] iter  8000/8000  loss=1.0072  elapsed=1758s  ETA=0s
[2026-04-12 07:25:55]         [IG] restart 1 done — final loss=1.0072
[2026-04-12 07:25:55]       [dp/sigma=0.001] img 5/10 — attack done in 1758.0s
[2026-04-12 07:25:55]       [dp/sigma=0.001] img 5/10 — PSNR=7.74  SSIM=-0.0086  LPIPS=0.3161
[2026-04-12 07:25:55]       [dp/sigma=0.001] img 6/10 — computing true gradient...
[2026-04-12 07:25:55]       [dp/sigma=0.001] img 6/10 — applying defense: dp ...
[2026-04-12 07:25:55]       [dp/sigma=0.001] img 6/10 — running IG attack...
[2026-04-12 07:25:55]         [IG] restart 1/1 — 8000 iterations ...
[2026-04-12 07:26:06]         [IG] iter    50/8000  loss=0.9983  elapsed=11s  ETA=1710s
[2026-04-12 07:26:17]         [IG] iter   100/8000  loss=1.0028  elapsed=21s  ETA=1694s
[2026-04-12 07:26:28]         [IG] iter   150/8000  loss=0.9981  elapsed=33s  ETA=1709s
[2026-04-12 07:26:39]         [IG] iter   200/8000  loss=0.9911  elapsed=44s  ETA=1706s
[2026-04-12 07:26:50]         [IG] iter   250/8000  loss=0.9947  elapsed=55s  ETA=1701s
[2026-04-12 07:27:01]         [IG] iter   300/8000  loss=0.9973  elapsed=66s  ETA=1695s
[2026-04-12 07:27:12]         [IG] iter   350/8000  loss=0.9988  elapsed=77s  ETA=1688s
[2026-04-12 07:27:24]         [IG] iter   400/8000  loss=0.9921  elapsed=88s  ETA=1680s
[2026-04-12 07:27:35]         [IG] iter   450/8000  loss=0.9926  elapsed=100s  ETA=1670s
[2026-04-12 07:27:46]         [IG] iter   500/8000  loss=0.9992  elapsed=110s  ETA=1657s
[2026-04-12 07:27:56]         [IG] iter   550/8000  loss=0.9938  elapsed=121s  ETA=1642s
[2026-04-12 07:28:07]         [IG] iter   600/8000  loss=0.9924  elapsed=132s  ETA=1628s
[2026-04-12 07:28:18]         [IG] iter   650/8000  loss=0.9953  elapsed=143s  ETA=1614s
[2026-04-12 07:28:29]         [IG] iter   700/8000  loss=0.9929  elapsed=154s  ETA=1602s
[2026-04-12 07:28:40]         [IG] iter   750/8000  loss=0.9937  elapsed=165s  ETA=1590s
[2026-04-12 07:28:51]         [IG] iter   800/8000  loss=0.9878  elapsed=175s  ETA=1578s
[2026-04-12 07:29:01]         [IG] iter   850/8000  loss=0.9879  elapsed=186s  ETA=1566s
[2026-04-12 07:29:12]         [IG] iter   900/8000  loss=1.0035  elapsed=197s  ETA=1554s
[2026-04-12 07:29:23]         [IG] iter   950/8000  loss=0.9922  elapsed=208s  ETA=1542s
[2026-04-12 07:29:34]         [IG] iter  1000/8000  loss=0.9961  elapsed=219s  ETA=1531s
[2026-04-12 07:29:45]         [IG] iter  1050/8000  loss=0.9937  elapsed=230s  ETA=1523s
[2026-04-12 07:29:57]         [IG] iter  1100/8000  loss=0.9877  elapsed=241s  ETA=1514s
[2026-04-12 07:30:08]         [IG] iter  1150/8000  loss=0.9992  elapsed=253s  ETA=1504s
[2026-04-12 07:30:19]         [IG] iter  1200/8000  loss=0.9954  elapsed=264s  ETA=1495s
[2026-04-12 07:30:30]         [IG] iter  1250/8000  loss=0.9927  elapsed=275s  ETA=1484s
[2026-04-12 07:30:41]         [IG] iter  1300/8000  loss=0.9967  elapsed=286s  ETA=1474s
[2026-04-12 07:30:52]         [IG] iter  1350/8000  loss=0.9953  elapsed=297s  ETA=1463s
[2026-04-12 07:31:03]         [IG] iter  1400/8000  loss=0.9900  elapsed=308s  ETA=1451s
[2026-04-12 07:31:14]         [IG] iter  1450/8000  loss=0.9940  elapsed=319s  ETA=1440s
[2026-04-12 07:31:25]         [IG] iter  1500/8000  loss=0.9935  elapsed=330s  ETA=1428s
[2026-04-12 07:31:35]         [IG] iter  1550/8000  loss=0.9898  elapsed=340s  ETA=1416s
[2026-04-12 07:31:46]         [IG] iter  1600/8000  loss=0.9980  elapsed=351s  ETA=1404s
[2026-04-12 07:31:57]         [IG] iter  1650/8000  loss=1.0020  elapsed=362s  ETA=1392s
[2026-04-12 07:32:08]         [IG] iter  1700/8000  loss=0.9888  elapsed=372s  ETA=1380s
[2026-04-12 07:32:18]         [IG] iter  1750/8000  loss=0.9999  elapsed=383s  ETA=1368s
[2026-04-12 07:32:29]         [IG] iter  1800/8000  loss=0.9908  elapsed=394s  ETA=1357s
[2026-04-12 07:32:40]         [IG] iter  1850/8000  loss=0.9896  elapsed=405s  ETA=1345s
[2026-04-12 07:32:51]         [IG] iter  1900/8000  loss=0.9851  elapsed=415s  ETA=1334s
[2026-04-12 07:33:01]         [IG] iter  1950/8000  loss=0.9913  elapsed=426s  ETA=1323s
[2026-04-12 07:33:12]         [IG] iter  2000/8000  loss=0.9888  elapsed=437s  ETA=1312s
[2026-04-12 07:33:23]         [IG] iter  2050/8000  loss=0.9920  elapsed=448s  ETA=1301s
[2026-04-12 07:33:34]         [IG] iter  2100/8000  loss=0.9960  elapsed=459s  ETA=1289s
[2026-04-12 07:33:45]         [IG] iter  2150/8000  loss=0.9935  elapsed=470s  ETA=1279s
[2026-04-12 07:33:56]         [IG] iter  2200/8000  loss=1.0024  elapsed=481s  ETA=1267s
[2026-04-12 07:34:07]         [IG] iter  2250/8000  loss=0.9915  elapsed=491s  ETA=1256s
[2026-04-12 07:34:17]         [IG] iter  2300/8000  loss=0.9935  elapsed=502s  ETA=1245s
[2026-04-12 07:34:28]         [IG] iter  2350/8000  loss=0.9875  elapsed=513s  ETA=1233s
[2026-04-12 07:34:39]         [IG] iter  2400/8000  loss=0.9966  elapsed=524s  ETA=1223s
[2026-04-12 07:34:50]         [IG] iter  2450/8000  loss=0.9894  elapsed=535s  ETA=1212s
[2026-04-12 07:35:01]         [IG] iter  2500/8000  loss=0.9882  elapsed=546s  ETA=1201s
[2026-04-12 07:35:12]         [IG] iter  2550/8000  loss=0.9854  elapsed=557s  ETA=1190s
[2026-04-12 07:35:23]         [IG] iter  2600/8000  loss=0.9857  elapsed=568s  ETA=1179s
[2026-04-12 07:35:34]         [IG] iter  2650/8000  loss=0.9915  elapsed=579s  ETA=1169s
[2026-04-12 07:35:45]         [IG] iter  2700/8000  loss=0.9915  elapsed=590s  ETA=1158s
[2026-04-12 07:35:56]         [IG] iter  2750/8000  loss=0.9863  elapsed=601s  ETA=1148s
[2026-04-12 07:36:07]         [IG] iter  2800/8000  loss=0.9850  elapsed=612s  ETA=1137s
[2026-04-12 07:36:18]         [IG] iter  2850/8000  loss=0.9813  elapsed=623s  ETA=1126s
[2026-04-12 07:36:29]         [IG] iter  2900/8000  loss=0.9832  elapsed=634s  ETA=1115s
[2026-04-12 07:36:40]         [IG] iter  2950/8000  loss=0.9840  elapsed=645s  ETA=1104s
[2026-04-12 07:36:51]         [IG] iter  3000/8000  loss=0.9960  elapsed=656s  ETA=1093s
[2026-04-12 07:37:02]         [IG] iter  3050/8000  loss=0.9848  elapsed=666s  ETA=1081s
[2026-04-12 07:37:12]         [IG] iter  3100/8000  loss=0.9911  elapsed=677s  ETA=1070s
[2026-04-12 07:37:23]         [IG] iter  3150/8000  loss=0.9887  elapsed=688s  ETA=1059s
[2026-04-12 07:37:34]         [IG] iter  3200/8000  loss=0.9863  elapsed=699s  ETA=1048s
[2026-04-12 07:37:45]         [IG] iter  3250/8000  loss=0.9915  elapsed=710s  ETA=1037s
[2026-04-12 07:37:56]         [IG] iter  3300/8000  loss=0.9898  elapsed=720s  ETA=1026s
[2026-04-12 07:38:07]         [IG] iter  3350/8000  loss=0.9909  elapsed=732s  ETA=1016s
[2026-04-12 07:38:18]         [IG] iter  3400/8000  loss=0.9875  elapsed=743s  ETA=1005s
[2026-04-12 07:38:29]         [IG] iter  3450/8000  loss=0.9839  elapsed=754s  ETA=995s
[2026-04-12 07:38:41]         [IG] iter  3500/8000  loss=0.9992  elapsed=765s  ETA=984s
[2026-04-12 07:38:51]         [IG] iter  3550/8000  loss=0.9898  elapsed=776s  ETA=973s
[2026-04-12 07:39:02]         [IG] iter  3600/8000  loss=0.9860  elapsed=787s  ETA=962s
[2026-04-12 07:39:13]         [IG] iter  3650/8000  loss=0.9949  elapsed=798s  ETA=951s
[2026-04-12 07:39:24]         [IG] iter  3700/8000  loss=0.9895  elapsed=809s  ETA=940s
[2026-04-12 07:39:36]         [IG] iter  3750/8000  loss=0.9940  elapsed=820s  ETA=930s
[2026-04-12 07:39:46]         [IG] iter  3800/8000  loss=0.9920  elapsed=831s  ETA=919s
[2026-04-12 07:39:58]         [IG] iter  3850/8000  loss=0.9849  elapsed=842s  ETA=908s
[2026-04-12 07:40:08]         [IG] iter  3900/8000  loss=0.9880  elapsed=853s  ETA=897s
[2026-04-12 07:40:20]         [IG] iter  3950/8000  loss=0.9886  elapsed=865s  ETA=886s
[2026-04-12 07:40:31]         [IG] iter  4000/8000  loss=0.9880  elapsed=876s  ETA=876s
[2026-04-12 07:40:43]         [IG] iter  4050/8000  loss=0.9860  elapsed=887s  ETA=865s
[2026-04-12 07:40:54]         [IG] iter  4100/8000  loss=0.9909  elapsed=899s  ETA=855s
[2026-04-12 07:41:05]         [IG] iter  4150/8000  loss=0.9906  elapsed=910s  ETA=844s
[2026-04-12 07:41:16]         [IG] iter  4200/8000  loss=0.9957  elapsed=921s  ETA=833s
[2026-04-12 07:41:27]         [IG] iter  4250/8000  loss=0.9922  elapsed=932s  ETA=823s
[2026-04-12 07:41:39]         [IG] iter  4300/8000  loss=0.9929  elapsed=944s  ETA=812s
[2026-04-12 07:41:50]         [IG] iter  4350/8000  loss=0.9911  elapsed=955s  ETA=801s
[2026-04-12 07:42:01]         [IG] iter  4400/8000  loss=0.9925  elapsed=966s  ETA=790s
[2026-04-12 07:42:12]         [IG] iter  4450/8000  loss=0.9963  elapsed=977s  ETA=779s
[2026-04-12 07:42:23]         [IG] iter  4500/8000  loss=0.9955  elapsed=988s  ETA=768s
[2026-04-12 07:42:34]         [IG] iter  4550/8000  loss=0.9914  elapsed=999s  ETA=758s
[2026-04-12 07:42:45]         [IG] iter  4600/8000  loss=0.9946  elapsed=1010s  ETA=746s
[2026-04-12 07:42:56]         [IG] iter  4650/8000  loss=0.9935  elapsed=1021s  ETA=735s
[2026-04-12 07:43:07]         [IG] iter  4700/8000  loss=1.0009  elapsed=1032s  ETA=724s
[2026-04-12 07:43:18]         [IG] iter  4750/8000  loss=0.9916  elapsed=1043s  ETA=714s
[2026-04-12 07:43:29]         [IG] iter  4800/8000  loss=0.9973  elapsed=1054s  ETA=703s
[2026-04-12 07:43:41]         [IG] iter  4850/8000  loss=0.9968  elapsed=1065s  ETA=692s
[2026-04-12 07:43:52]         [IG] iter  4900/8000  loss=0.9870  elapsed=1077s  ETA=681s
[2026-04-12 07:44:04]         [IG] iter  4950/8000  loss=0.9917  elapsed=1088s  ETA=671s
[2026-04-12 07:44:15]         [IG] iter  5000/8000  loss=0.9888  elapsed=1099s  ETA=660s
[2026-04-12 07:44:26]         [IG] iter  5050/8000  loss=0.9836  elapsed=1111s  ETA=649s
[2026-04-12 07:44:37]         [IG] iter  5100/8000  loss=0.9889  elapsed=1122s  ETA=638s
[2026-04-12 07:44:48]         [IG] iter  5150/8000  loss=0.9875  elapsed=1132s  ETA=627s
[2026-04-12 07:44:59]         [IG] iter  5200/8000  loss=0.9932  elapsed=1144s  ETA=616s
[2026-04-12 07:45:10]         [IG] iter  5250/8000  loss=0.9937  elapsed=1155s  ETA=605s
[2026-04-12 07:45:21]         [IG] iter  5300/8000  loss=0.9884  elapsed=1166s  ETA=594s
[2026-04-12 07:45:32]         [IG] iter  5350/8000  loss=0.9931  elapsed=1177s  ETA=583s
[2026-04-12 07:45:43]         [IG] iter  5400/8000  loss=0.9915  elapsed=1188s  ETA=572s
[2026-04-12 07:45:55]         [IG] iter  5450/8000  loss=0.9937  elapsed=1199s  ETA=561s
[2026-04-12 07:46:06]         [IG] iter  5500/8000  loss=0.9939  elapsed=1211s  ETA=550s
[2026-04-12 07:46:17]         [IG] iter  5550/8000  loss=0.9880  elapsed=1222s  ETA=539s
[2026-04-12 07:46:28]         [IG] iter  5600/8000  loss=0.9920  elapsed=1233s  ETA=528s
[2026-04-12 07:46:39]         [IG] iter  5650/8000  loss=0.9983  elapsed=1244s  ETA=517s
[2026-04-12 07:46:51]         [IG] iter  5700/8000  loss=0.9986  elapsed=1255s  ETA=507s
[2026-04-12 07:47:02]         [IG] iter  5750/8000  loss=0.9989  elapsed=1267s  ETA=496s
[2026-04-12 07:47:13]         [IG] iter  5800/8000  loss=0.9927  elapsed=1278s  ETA=485s
[2026-04-12 07:47:24]         [IG] iter  5850/8000  loss=0.9957  elapsed=1289s  ETA=474s
[2026-04-12 07:47:35]         [IG] iter  5900/8000  loss=0.9942  elapsed=1300s  ETA=463s
[2026-04-12 07:47:46]         [IG] iter  5950/8000  loss=0.9994  elapsed=1311s  ETA=452s
[2026-04-12 07:47:58]         [IG] iter  6000/8000  loss=0.9967  elapsed=1322s  ETA=441s
[2026-04-12 07:48:09]         [IG] iter  6050/8000  loss=0.9966  elapsed=1334s  ETA=430s
[2026-04-12 07:48:20]         [IG] iter  6100/8000  loss=0.9919  elapsed=1345s  ETA=419s
[2026-04-12 07:48:31]         [IG] iter  6150/8000  loss=0.9948  elapsed=1356s  ETA=408s
[2026-04-12 07:48:42]         [IG] iter  6200/8000  loss=0.9968  elapsed=1367s  ETA=397s
[2026-04-12 07:48:53]         [IG] iter  6250/8000  loss=0.9923  elapsed=1378s  ETA=386s
[2026-04-12 07:49:04]         [IG] iter  6300/8000  loss=0.9959  elapsed=1389s  ETA=375s
[2026-04-12 07:49:15]         [IG] iter  6350/8000  loss=0.9964  elapsed=1400s  ETA=364s
[2026-04-12 07:49:26]         [IG] iter  6400/8000  loss=0.9966  elapsed=1411s  ETA=353s
[2026-04-12 07:49:37]         [IG] iter  6450/8000  loss=0.9925  elapsed=1421s  ETA=342s
[2026-04-12 07:49:47]         [IG] iter  6500/8000  loss=0.9944  elapsed=1432s  ETA=330s
[2026-04-12 07:49:58]         [IG] iter  6550/8000  loss=0.9973  elapsed=1443s  ETA=319s
[2026-04-12 07:50:09]         [IG] iter  6600/8000  loss=0.9870  elapsed=1454s  ETA=308s
[2026-04-12 07:50:20]         [IG] iter  6650/8000  loss=0.9905  elapsed=1465s  ETA=297s
[2026-04-12 07:50:32]         [IG] iter  6700/8000  loss=0.9943  elapsed=1477s  ETA=287s
[2026-04-12 07:50:43]         [IG] iter  6750/8000  loss=0.9940  elapsed=1488s  ETA=276s
[2026-04-12 07:50:54]         [IG] iter  6800/8000  loss=0.9924  elapsed=1499s  ETA=265s
[2026-04-12 07:51:05]         [IG] iter  6850/8000  loss=0.9933  elapsed=1510s  ETA=254s
[2026-04-12 07:51:16]         [IG] iter  6900/8000  loss=0.9941  elapsed=1521s  ETA=242s
[2026-04-12 07:51:27]         [IG] iter  6950/8000  loss=0.9950  elapsed=1532s  ETA=231s
[2026-04-12 07:51:38]         [IG] iter  7000/8000  loss=0.9956  elapsed=1542s  ETA=220s
[2026-04-12 07:51:48]         [IG] iter  7050/8000  loss=0.9972  elapsed=1553s  ETA=209s
[2026-04-12 07:51:59]         [IG] iter  7100/8000  loss=0.9891  elapsed=1564s  ETA=198s
[2026-04-12 07:52:10]         [IG] iter  7150/8000  loss=0.9970  elapsed=1575s  ETA=187s
[2026-04-12 07:52:21]         [IG] iter  7200/8000  loss=0.9944  elapsed=1586s  ETA=176s
[2026-04-12 07:52:32]         [IG] iter  7250/8000  loss=0.9938  elapsed=1597s  ETA=165s
[2026-04-12 07:52:43]         [IG] iter  7300/8000  loss=0.9933  elapsed=1608s  ETA=154s
[2026-04-12 07:52:54]         [IG] iter  7350/8000  loss=0.9896  elapsed=1619s  ETA=143s
[2026-04-12 07:53:05]         [IG] iter  7400/8000  loss=0.9949  elapsed=1630s  ETA=132s
[2026-04-12 07:53:16]         [IG] iter  7450/8000  loss=0.9866  elapsed=1641s  ETA=121s
[2026-04-12 07:53:27]         [IG] iter  7500/8000  loss=0.9965  elapsed=1652s  ETA=110s
[2026-04-12 07:53:37]         [IG] iter  7550/8000  loss=0.9978  elapsed=1662s  ETA=99s
[2026-04-12 07:53:48]         [IG] iter  7600/8000  loss=0.9932  elapsed=1673s  ETA=88s
[2026-04-12 07:53:59]         [IG] iter  7650/8000  loss=0.9947  elapsed=1684s  ETA=77s
[2026-04-12 07:54:10]         [IG] iter  7700/8000  loss=0.9910  elapsed=1695s  ETA=66s
[2026-04-12 07:54:21]         [IG] iter  7750/8000  loss=0.9925  elapsed=1705s  ETA=55s
[2026-04-12 07:54:31]         [IG] iter  7800/8000  loss=0.9956  elapsed=1716s  ETA=44s
[2026-04-12 07:54:42]         [IG] iter  7850/8000  loss=0.9921  elapsed=1727s  ETA=33s
[2026-04-12 07:54:53]         [IG] iter  7900/8000  loss=0.9925  elapsed=1738s  ETA=22s
[2026-04-12 07:55:04]         [IG] iter  7950/8000  loss=0.9919  elapsed=1749s  ETA=11s
[2026-04-12 07:55:15]         [IG] iter  8000/8000  loss=0.9907  elapsed=1760s  ETA=0s
[2026-04-12 07:55:15]         [IG] restart 1 done — final loss=0.9907
[2026-04-12 07:55:15]       [dp/sigma=0.001] img 6/10 — attack done in 1760.1s
[2026-04-12 07:55:15]       [dp/sigma=0.001] img 6/10 — PSNR=7.17  SSIM=0.0242  LPIPS=0.3603
[2026-04-12 07:55:15]       [dp/sigma=0.001] img 7/10 — computing true gradient...
[2026-04-12 07:55:15]       [dp/sigma=0.001] img 7/10 — applying defense: dp ...
[2026-04-12 07:55:15]       [dp/sigma=0.001] img 7/10 — running IG attack...
[2026-04-12 07:55:15]         [IG] restart 1/1 — 8000 iterations ...
[2026-04-12 07:55:27]         [IG] iter    50/8000  loss=1.0014  elapsed=11s  ETA=1759s
[2026-04-12 07:55:37]         [IG] iter   100/8000  loss=0.9996  elapsed=22s  ETA=1735s
[2026-04-12 07:55:48]         [IG] iter   150/8000  loss=1.0032  elapsed=33s  ETA=1722s
[2026-04-12 07:55:59]         [IG] iter   200/8000  loss=0.9969  elapsed=44s  ETA=1710s
[2026-04-12 07:56:10]         [IG] iter   250/8000  loss=0.9977  elapsed=55s  ETA=1696s
[2026-04-12 07:56:21]         [IG] iter   300/8000  loss=0.9976  elapsed=66s  ETA=1682s
[2026-04-12 07:56:32]         [IG] iter   350/8000  loss=1.0050  elapsed=76s  ETA=1671s
[2026-04-12 07:56:43]         [IG] iter   400/8000  loss=1.0008  elapsed=87s  ETA=1658s
[2026-04-12 07:56:53]         [IG] iter   450/8000  loss=0.9979  elapsed=98s  ETA=1644s
[2026-04-12 07:57:04]         [IG] iter   500/8000  loss=1.0029  elapsed=109s  ETA=1632s
[2026-04-12 07:57:15]         [IG] iter   550/8000  loss=1.0059  elapsed=120s  ETA=1622s
[2026-04-12 07:57:26]         [IG] iter   600/8000  loss=1.0022  elapsed=131s  ETA=1614s
[2026-04-12 07:57:38]         [IG] iter   650/8000  loss=0.9976  elapsed=142s  ETA=1607s
[2026-04-12 07:57:49]         [IG] iter   700/8000  loss=1.0042  elapsed=153s  ETA=1598s
[2026-04-12 07:58:00]         [IG] iter   750/8000  loss=0.9959  elapsed=165s  ETA=1592s
[2026-04-12 07:58:12]         [IG] iter   800/8000  loss=1.0026  elapsed=176s  ETA=1588s
[2026-04-12 07:58:23]         [IG] iter   850/8000  loss=1.0031  elapsed=188s  ETA=1579s
[2026-04-12 07:58:34]         [IG] iter   900/8000  loss=0.9992  elapsed=199s  ETA=1570s
[2026-04-12 07:58:46]         [IG] iter   950/8000  loss=0.9907  elapsed=210s  ETA=1561s
[2026-04-12 07:58:57]         [IG] iter  1000/8000  loss=1.0021  elapsed=222s  ETA=1553s
[2026-04-12 07:59:09]         [IG] iter  1050/8000  loss=0.9992  elapsed=233s  ETA=1544s
[2026-04-12 07:59:20]         [IG] iter  1100/8000  loss=1.0020  elapsed=245s  ETA=1535s
[2026-04-12 07:59:32]         [IG] iter  1150/8000  loss=0.9940  elapsed=256s  ETA=1526s
[2026-04-12 07:59:43]         [IG] iter  1200/8000  loss=1.0046  elapsed=268s  ETA=1518s
[2026-04-12 07:59:55]         [IG] iter  1250/8000  loss=0.9995  elapsed=279s  ETA=1509s
[2026-04-12 08:00:06]         [IG] iter  1300/8000  loss=1.0017  elapsed=291s  ETA=1497s
[2026-04-12 08:00:17]         [IG] iter  1350/8000  loss=0.9979  elapsed=302s  ETA=1485s
[2026-04-12 08:00:28]         [IG] iter  1400/8000  loss=1.0020  elapsed=313s  ETA=1475s
[2026-04-12 08:00:39]         [IG] iter  1450/8000  loss=1.0004  elapsed=324s  ETA=1463s
[2026-04-12 08:00:50]         [IG] iter  1500/8000  loss=1.0008  elapsed=335s  ETA=1451s
[2026-04-12 08:01:02]         [IG] iter  1550/8000  loss=1.0024  elapsed=346s  ETA=1441s
[2026-04-12 08:01:13]         [IG] iter  1600/8000  loss=1.0032  elapsed=358s  ETA=1431s
[2026-04-12 08:01:24]         [IG] iter  1650/8000  loss=1.0005  elapsed=369s  ETA=1420s
[2026-04-12 08:01:35]         [IG] iter  1700/8000  loss=1.0044  elapsed=380s  ETA=1408s
[2026-04-12 08:01:46]         [IG] iter  1750/8000  loss=1.0016  elapsed=391s  ETA=1395s
[2026-04-12 08:01:57]         [IG] iter  1800/8000  loss=0.9999  elapsed=402s  ETA=1384s
[2026-04-12 08:02:08]         [IG] iter  1850/8000  loss=1.0047  elapsed=413s  ETA=1373s
[2026-04-12 08:02:20]         [IG] iter  1900/8000  loss=0.9985  elapsed=424s  ETA=1362s
[2026-04-12 08:02:31]         [IG] iter  1950/8000  loss=1.0036  elapsed=435s  ETA=1350s
[2026-04-12 08:02:42]         [IG] iter  2000/8000  loss=1.0052  elapsed=446s  ETA=1338s
[2026-04-12 08:02:53]         [IG] iter  2050/8000  loss=0.9995  elapsed=458s  ETA=1328s
[2026-04-12 08:03:04]         [IG] iter  2100/8000  loss=1.0022  elapsed=469s  ETA=1317s
[2026-04-12 08:03:15]         [IG] iter  2150/8000  loss=1.0014  elapsed=480s  ETA=1305s
[2026-04-12 08:03:26]         [IG] iter  2200/8000  loss=1.0028  elapsed=490s  ETA=1293s
[2026-04-12 08:03:37]         [IG] iter  2250/8000  loss=1.0021  elapsed=502s  ETA=1282s
[2026-04-12 08:03:48]         [IG] iter  2300/8000  loss=1.0012  elapsed=513s  ETA=1270s
[2026-04-12 08:03:59]         [IG] iter  2350/8000  loss=1.0042  elapsed=523s  ETA=1258s
[2026-04-12 08:04:10]         [IG] iter  2400/8000  loss=1.0040  elapsed=535s  ETA=1247s
[2026-04-12 08:04:21]         [IG] iter  2450/8000  loss=1.0028  elapsed=546s  ETA=1236s
[2026-04-12 08:04:32]         [IG] iter  2500/8000  loss=0.9982  elapsed=556s  ETA=1224s
[2026-04-12 08:04:43]         [IG] iter  2550/8000  loss=0.9982  elapsed=567s  ETA=1212s
[2026-04-12 08:04:53]         [IG] iter  2600/8000  loss=0.9976  elapsed=578s  ETA=1200s
[2026-04-12 08:05:05]         [IG] iter  2650/8000  loss=0.9996  elapsed=589s  ETA=1189s
[2026-04-12 08:05:16]         [IG] iter  2700/8000  loss=1.0026  elapsed=600s  ETA=1179s
[2026-04-12 08:05:27]         [IG] iter  2750/8000  loss=1.0043  elapsed=612s  ETA=1168s
[2026-04-12 08:05:38]         [IG] iter  2800/8000  loss=1.0008  elapsed=622s  ETA=1156s
[2026-04-12 08:05:49]         [IG] iter  2850/8000  loss=0.9958  elapsed=634s  ETA=1145s
[2026-04-12 08:06:01]         [IG] iter  2900/8000  loss=0.9985  elapsed=645s  ETA=1134s
[2026-04-12 08:06:11]         [IG] iter  2950/8000  loss=0.9968  elapsed=656s  ETA=1123s
[2026-04-12 08:06:22]         [IG] iter  3000/8000  loss=0.9996  elapsed=667s  ETA=1111s
[2026-04-12 08:06:33]         [IG] iter  3050/8000  loss=1.0007  elapsed=678s  ETA=1100s
[2026-04-12 08:06:44]         [IG] iter  3100/8000  loss=1.0016  elapsed=688s  ETA=1088s
[2026-04-12 08:06:55]         [IG] iter  3150/8000  loss=1.0015  elapsed=699s  ETA=1076s
[2026-04-12 08:07:05]         [IG] iter  3200/8000  loss=1.0010  elapsed=710s  ETA=1065s
[2026-04-12 08:07:16]         [IG] iter  3250/8000  loss=0.9987  elapsed=721s  ETA=1053s
[2026-04-12 08:07:27]         [IG] iter  3300/8000  loss=0.9995  elapsed=732s  ETA=1042s
[2026-04-12 08:07:38]         [IG] iter  3350/8000  loss=0.9999  elapsed=743s  ETA=1031s
[2026-04-12 08:07:49]         [IG] iter  3400/8000  loss=0.9932  elapsed=754s  ETA=1020s
[2026-04-12 08:08:00]         [IG] iter  3450/8000  loss=0.9965  elapsed=765s  ETA=1009s
[2026-04-12 08:08:11]         [IG] iter  3500/8000  loss=0.9980  elapsed=776s  ETA=998s
[2026-04-12 08:08:22]         [IG] iter  3550/8000  loss=0.9979  elapsed=787s  ETA=986s
[2026-04-12 08:08:33]         [IG] iter  3600/8000  loss=0.9925  elapsed=798s  ETA=975s
[2026-04-12 08:08:44]         [IG] iter  3650/8000  loss=0.9994  elapsed=808s  ETA=963s
[2026-04-12 08:08:55]         [IG] iter  3700/8000  loss=1.0054  elapsed=819s  ETA=952s
[2026-04-12 08:09:05]         [IG] iter  3750/8000  loss=1.0030  elapsed=830s  ETA=941s
[2026-04-12 08:09:16]         [IG] iter  3800/8000  loss=0.9992  elapsed=841s  ETA=929s
[2026-04-12 08:09:27]         [IG] iter  3850/8000  loss=0.9989  elapsed=851s  ETA=918s
[2026-04-12 08:09:38]         [IG] iter  3900/8000  loss=1.0013  elapsed=862s  ETA=906s
[2026-04-12 08:09:49]         [IG] iter  3950/8000  loss=1.0013  elapsed=873s  ETA=895s
[2026-04-12 08:10:00]         [IG] iter  4000/8000  loss=1.0056  elapsed=884s  ETA=884s
[2026-04-12 08:10:11]         [IG] iter  4050/8000  loss=1.0020  elapsed=895s  ETA=873s
[2026-04-12 08:10:22]         [IG] iter  4100/8000  loss=0.9983  elapsed=906s  ETA=862s
[2026-04-12 08:10:33]         [IG] iter  4150/8000  loss=1.0009  elapsed=917s  ETA=851s
[2026-04-12 08:10:44]         [IG] iter  4200/8000  loss=1.0041  elapsed=928s  ETA=840s
[2026-04-12 08:10:55]         [IG] iter  4250/8000  loss=0.9943  elapsed=939s  ETA=829s
[2026-04-12 08:11:06]         [IG] iter  4300/8000  loss=0.9985  elapsed=950s  ETA=818s
[2026-04-12 08:11:17]         [IG] iter  4350/8000  loss=1.0036  elapsed=961s  ETA=807s
[2026-04-12 08:11:28]         [IG] iter  4400/8000  loss=1.0016  elapsed=972s  ETA=795s
[2026-04-12 08:11:38]         [IG] iter  4450/8000  loss=1.0046  elapsed=983s  ETA=784s
[2026-04-12 08:11:49]         [IG] iter  4500/8000  loss=0.9982  elapsed=994s  ETA=773s
[2026-04-12 08:12:00]         [IG] iter  4550/8000  loss=0.9999  elapsed=1004s  ETA=761s
[2026-04-12 08:12:11]         [IG] iter  4600/8000  loss=0.9981  elapsed=1016s  ETA=751s
[2026-04-12 08:12:23]         [IG] iter  4650/8000  loss=0.9959  elapsed=1027s  ETA=740s
[2026-04-12 08:12:34]         [IG] iter  4700/8000  loss=0.9935  elapsed=1038s  ETA=729s
[2026-04-12 08:12:45]         [IG] iter  4750/8000  loss=0.9924  elapsed=1049s  ETA=718s
[2026-04-12 08:12:56]         [IG] iter  4800/8000  loss=0.9936  elapsed=1060s  ETA=707s
[2026-04-12 08:13:07]         [IG] iter  4850/8000  loss=0.9975  elapsed=1071s  ETA=696s
[2026-04-12 08:13:17]         [IG] iter  4900/8000  loss=0.9949  elapsed=1082s  ETA=684s
[2026-04-12 08:13:28]         [IG] iter  4950/8000  loss=0.9970  elapsed=1093s  ETA=673s
[2026-04-12 08:13:39]         [IG] iter  5000/8000  loss=0.9948  elapsed=1104s  ETA=662s
[2026-04-12 08:13:50]         [IG] iter  5050/8000  loss=0.9970  elapsed=1114s  ETA=651s
[2026-04-12 08:14:01]         [IG] iter  5100/8000  loss=0.9989  elapsed=1125s  ETA=640s
[2026-04-12 08:14:12]         [IG] iter  5150/8000  loss=1.0025  elapsed=1136s  ETA=629s
[2026-04-12 08:14:23]         [IG] iter  5200/8000  loss=0.9958  elapsed=1147s  ETA=618s
[2026-04-12 08:14:34]         [IG] iter  5250/8000  loss=1.0027  elapsed=1158s  ETA=607s
[2026-04-12 08:14:45]         [IG] iter  5300/8000  loss=0.9982  elapsed=1169s  ETA=596s
[2026-04-12 08:14:55]         [IG] iter  5350/8000  loss=1.0003  elapsed=1180s  ETA=584s
[2026-04-12 08:15:06]         [IG] iter  5400/8000  loss=0.9990  elapsed=1191s  ETA=573s
[2026-04-12 08:15:17]         [IG] iter  5450/8000  loss=0.9994  elapsed=1201s  ETA=562s
[2026-04-12 08:15:28]         [IG] iter  5500/8000  loss=1.0008  elapsed=1212s  ETA=551s
[2026-04-12 08:15:39]         [IG] iter  5550/8000  loss=0.9990  elapsed=1223s  ETA=540s
[2026-04-12 08:15:50]         [IG] iter  5600/8000  loss=1.0000  elapsed=1234s  ETA=529s
[2026-04-12 08:16:00]         [IG] iter  5650/8000  loss=0.9991  elapsed=1245s  ETA=518s
[2026-04-12 08:16:11]         [IG] iter  5700/8000  loss=1.0004  elapsed=1256s  ETA=507s
[2026-04-12 08:16:22]         [IG] iter  5750/8000  loss=0.9965  elapsed=1267s  ETA=496s
[2026-04-12 08:16:33]         [IG] iter  5800/8000  loss=0.9976  elapsed=1278s  ETA=485s
[2026-04-12 08:16:45]         [IG] iter  5850/8000  loss=0.9981  elapsed=1289s  ETA=474s
[2026-04-12 08:16:56]         [IG] iter  5900/8000  loss=0.9970  elapsed=1300s  ETA=463s
[2026-04-12 08:17:07]         [IG] iter  5950/8000  loss=0.9972  elapsed=1311s  ETA=452s
[2026-04-12 08:17:18]         [IG] iter  6000/8000  loss=0.9969  elapsed=1322s  ETA=441s
[2026-04-12 08:17:29]         [IG] iter  6050/8000  loss=0.9992  elapsed=1333s  ETA=430s
[2026-04-12 08:17:40]         [IG] iter  6100/8000  loss=0.9983  elapsed=1344s  ETA=419s
[2026-04-12 08:17:50]         [IG] iter  6150/8000  loss=0.9989  elapsed=1355s  ETA=408s
[2026-04-12 08:18:01]         [IG] iter  6200/8000  loss=1.0002  elapsed=1366s  ETA=397s
[2026-04-12 08:18:12]         [IG] iter  6250/8000  loss=0.9950  elapsed=1377s  ETA=386s
[2026-04-12 08:18:24]         [IG] iter  6300/8000  loss=0.9973  elapsed=1388s  ETA=375s
[2026-04-12 08:18:35]         [IG] iter  6350/8000  loss=1.0004  elapsed=1399s  ETA=364s
[2026-04-12 08:18:46]         [IG] iter  6400/8000  loss=1.0013  elapsed=1410s  ETA=353s
[2026-04-12 08:18:57]         [IG] iter  6450/8000  loss=1.0010  elapsed=1421s  ETA=341s
[2026-04-12 08:19:08]         [IG] iter  6500/8000  loss=1.0012  elapsed=1432s  ETA=330s
[2026-04-12 08:19:19]         [IG] iter  6550/8000  loss=1.0031  elapsed=1443s  ETA=319s
[2026-04-12 08:19:29]         [IG] iter  6600/8000  loss=1.0041  elapsed=1454s  ETA=308s
[2026-04-12 08:19:40]         [IG] iter  6650/8000  loss=0.9997  elapsed=1465s  ETA=297s
[2026-04-12 08:19:51]         [IG] iter  6700/8000  loss=0.9982  elapsed=1475s  ETA=286s
[2026-04-12 08:20:01]         [IG] iter  6750/8000  loss=0.9976  elapsed=1486s  ETA=275s
[2026-04-12 08:20:12]         [IG] iter  6800/8000  loss=0.9992  elapsed=1497s  ETA=264s
[2026-04-12 08:20:23]         [IG] iter  6850/8000  loss=1.0015  elapsed=1507s  ETA=253s
[2026-04-12 08:20:34]         [IG] iter  6900/8000  loss=1.0028  elapsed=1518s  ETA=242s
[2026-04-12 08:20:44]         [IG] iter  6950/8000  loss=1.0002  elapsed=1529s  ETA=231s
[2026-04-12 08:20:55]         [IG] iter  7000/8000  loss=0.9974  elapsed=1540s  ETA=220s
[2026-04-12 08:21:06]         [IG] iter  7050/8000  loss=0.9973  elapsed=1551s  ETA=209s
[2026-04-12 08:21:17]         [IG] iter  7100/8000  loss=0.9983  elapsed=1561s  ETA=198s
[2026-04-12 08:21:27]         [IG] iter  7150/8000  loss=0.9945  elapsed=1572s  ETA=187s
[2026-04-12 08:21:38]         [IG] iter  7200/8000  loss=0.9944  elapsed=1583s  ETA=176s
[2026-04-12 08:21:49]         [IG] iter  7250/8000  loss=0.9966  elapsed=1594s  ETA=165s
[2026-04-12 08:22:00]         [IG] iter  7300/8000  loss=1.0007  elapsed=1605s  ETA=154s
[2026-04-12 08:22:11]         [IG] iter  7350/8000  loss=0.9986  elapsed=1616s  ETA=143s
[2026-04-12 08:22:22]         [IG] iter  7400/8000  loss=1.0008  elapsed=1627s  ETA=132s
[2026-04-12 08:22:33]         [IG] iter  7450/8000  loss=1.0038  elapsed=1638s  ETA=121s
[2026-04-12 08:22:44]         [IG] iter  7500/8000  loss=1.0022  elapsed=1649s  ETA=110s
[2026-04-12 08:22:55]         [IG] iter  7550/8000  loss=1.0037  elapsed=1659s  ETA=99s
[2026-04-12 08:23:06]         [IG] iter  7600/8000  loss=0.9998  elapsed=1670s  ETA=88s
[2026-04-12 08:23:16]         [IG] iter  7650/8000  loss=1.0003  elapsed=1681s  ETA=77s
[2026-04-12 08:23:27]         [IG] iter  7700/8000  loss=1.0019  elapsed=1692s  ETA=66s
[2026-04-12 08:23:38]         [IG] iter  7750/8000  loss=1.0020  elapsed=1702s  ETA=55s
[2026-04-12 08:23:48]         [IG] iter  7800/8000  loss=0.9970  elapsed=1713s  ETA=44s
[2026-04-12 08:23:59]         [IG] iter  7850/8000  loss=0.9997  elapsed=1724s  ETA=33s
[2026-04-12 08:24:10]         [IG] iter  7900/8000  loss=0.9992  elapsed=1734s  ETA=22s
[2026-04-12 08:24:21]         [IG] iter  7950/8000  loss=0.9957  elapsed=1745s  ETA=11s
[2026-04-12 08:24:31]         [IG] iter  8000/8000  loss=0.9993  elapsed=1756s  ETA=0s
[2026-04-12 08:24:31]         [IG] restart 1 done — final loss=0.9993
[2026-04-12 08:24:31]       [dp/sigma=0.001] img 7/10 — attack done in 1755.9s
[2026-04-12 08:24:31]       [dp/sigma=0.001] img 7/10 — PSNR=7.31  SSIM=-0.0189  LPIPS=0.4926
[2026-04-12 08:24:31]       [dp/sigma=0.001] img 8/10 — computing true gradient...
[2026-04-12 08:24:32]       [dp/sigma=0.001] img 8/10 — applying defense: dp ...
[2026-04-12 08:24:32]       [dp/sigma=0.001] img 8/10 — running IG attack...
[2026-04-12 08:24:32]         [IG] restart 1/1 — 8000 iterations ...
[2026-04-12 08:24:42]         [IG] iter    50/8000  loss=1.0043  elapsed=11s  ETA=1710s
[2026-04-12 08:24:53]         [IG] iter   100/8000  loss=1.0053  elapsed=21s  ETA=1693s
[2026-04-12 08:25:04]         [IG] iter   150/8000  loss=0.9943  elapsed=32s  ETA=1685s
[2026-04-12 08:25:15]         [IG] iter   200/8000  loss=1.0000  elapsed=43s  ETA=1678s
[2026-04-12 08:25:25]         [IG] iter   250/8000  loss=1.0089  elapsed=54s  ETA=1668s
[2026-04-12 08:25:36]         [IG] iter   300/8000  loss=0.9994  elapsed=65s  ETA=1656s
[2026-04-12 08:25:47]         [IG] iter   350/8000  loss=0.9972  elapsed=76s  ETA=1654s
[2026-04-12 08:25:58]         [IG] iter   400/8000  loss=1.0097  elapsed=87s  ETA=1650s
[2026-04-12 08:26:09]         [IG] iter   450/8000  loss=1.0031  elapsed=98s  ETA=1640s
[2026-04-12 08:26:20]         [IG] iter   500/8000  loss=1.0025  elapsed=109s  ETA=1628s
[2026-04-12 08:26:31]         [IG] iter   550/8000  loss=1.0007  elapsed=120s  ETA=1621s
[2026-04-12 08:26:42]         [IG] iter   600/8000  loss=1.0000  elapsed=131s  ETA=1610s
[2026-04-12 08:26:53]         [IG] iter   650/8000  loss=0.9977  elapsed=141s  ETA=1598s
[2026-04-12 08:27:04]         [IG] iter   700/8000  loss=0.9975  elapsed=152s  ETA=1590s
[2026-04-12 08:27:15]         [IG] iter   750/8000  loss=0.9966  elapsed=164s  ETA=1581s
[2026-04-12 08:27:26]         [IG] iter   800/8000  loss=0.9963  elapsed=175s  ETA=1572s
[2026-04-12 08:27:37]         [IG] iter   850/8000  loss=1.0004  elapsed=185s  ETA=1560s
[2026-04-12 08:27:48]         [IG] iter   900/8000  loss=0.9987  elapsed=196s  ETA=1547s
[2026-04-12 08:27:58]         [IG] iter   950/8000  loss=1.0063  elapsed=207s  ETA=1535s
[2026-04-12 08:28:09]         [IG] iter  1000/8000  loss=0.9971  elapsed=218s  ETA=1523s
[2026-04-12 08:28:20]         [IG] iter  1050/8000  loss=0.9945  elapsed=228s  ETA=1510s
[2026-04-12 08:28:31]         [IG] iter  1100/8000  loss=1.0011  elapsed=239s  ETA=1499s
[2026-04-12 08:28:41]         [IG] iter  1150/8000  loss=1.0039  elapsed=250s  ETA=1488s
[2026-04-12 08:28:52]         [IG] iter  1200/8000  loss=0.9977  elapsed=260s  ETA=1476s
[2026-04-12 08:29:03]         [IG] iter  1250/8000  loss=0.9985  elapsed=271s  ETA=1465s
[2026-04-12 08:29:14]         [IG] iter  1300/8000  loss=1.0000  elapsed=282s  ETA=1453s
[2026-04-12 08:29:24]         [IG] iter  1350/8000  loss=0.9987  elapsed=293s  ETA=1442s
[2026-04-12 08:29:35]         [IG] iter  1400/8000  loss=0.9993  elapsed=303s  ETA=1430s
[2026-04-12 08:29:46]         [IG] iter  1450/8000  loss=1.0067  elapsed=314s  ETA=1418s
[2026-04-12 08:29:56]         [IG] iter  1500/8000  loss=1.0029  elapsed=325s  ETA=1407s
[2026-04-12 08:30:07]         [IG] iter  1550/8000  loss=0.9991  elapsed=335s  ETA=1396s
[2026-04-12 08:30:18]         [IG] iter  1600/8000  loss=0.9980  elapsed=346s  ETA=1384s
[2026-04-12 08:30:28]         [IG] iter  1650/8000  loss=0.9981  elapsed=357s  ETA=1373s
[2026-04-12 08:30:39]         [IG] iter  1700/8000  loss=1.0012  elapsed=368s  ETA=1363s
[2026-04-12 08:30:51]         [IG] iter  1750/8000  loss=0.9945  elapsed=379s  ETA=1354s
[2026-04-12 08:31:02]         [IG] iter  1800/8000  loss=0.9963  elapsed=390s  ETA=1344s
[2026-04-12 08:31:13]         [IG] iter  1850/8000  loss=0.9955  elapsed=401s  ETA=1333s
[2026-04-12 08:31:23]         [IG] iter  1900/8000  loss=1.0003  elapsed=412s  ETA=1322s
[2026-04-12 08:31:34]         [IG] iter  1950/8000  loss=0.9903  elapsed=423s  ETA=1312s
[2026-04-12 08:31:46]         [IG] iter  2000/8000  loss=0.9915  elapsed=434s  ETA=1303s
[2026-04-12 08:31:57]         [IG] iter  2050/8000  loss=0.9959  elapsed=446s  ETA=1293s
[2026-04-12 08:32:08]         [IG] iter  2100/8000  loss=0.9949  elapsed=457s  ETA=1283s
[2026-04-12 08:32:19]         [IG] iter  2150/8000  loss=0.9987  elapsed=468s  ETA=1273s
[2026-04-12 08:32:30]         [IG] iter  2200/8000  loss=0.9930  elapsed=479s  ETA=1262s
[2026-04-12 08:32:41]         [IG] iter  2250/8000  loss=0.9990  elapsed=490s  ETA=1252s
[2026-04-12 08:32:52]         [IG] iter  2300/8000  loss=0.9932  elapsed=501s  ETA=1241s
[2026-04-12 08:33:03]         [IG] iter  2350/8000  loss=1.0044  elapsed=512s  ETA=1230s
[2026-04-12 08:33:14]         [IG] iter  2400/8000  loss=0.9935  elapsed=523s  ETA=1220s
[2026-04-12 08:33:25]         [IG] iter  2450/8000  loss=0.9992  elapsed=534s  ETA=1209s
[2026-04-12 08:33:36]         [IG] iter  2500/8000  loss=0.9983  elapsed=545s  ETA=1198s
[2026-04-12 08:33:47]         [IG] iter  2550/8000  loss=0.9930  elapsed=555s  ETA=1187s
[2026-04-12 08:33:58]         [IG] iter  2600/8000  loss=0.9954  elapsed=566s  ETA=1176s
[2026-04-12 08:34:09]         [IG] iter  2650/8000  loss=0.9976  elapsed=577s  ETA=1165s
[2026-04-12 08:34:20]         [IG] iter  2700/8000  loss=0.9985  elapsed=588s  ETA=1155s
[2026-04-12 08:34:31]         [IG] iter  2750/8000  loss=0.9965  elapsed=599s  ETA=1144s
[2026-04-12 08:34:42]         [IG] iter  2800/8000  loss=0.9981  elapsed=610s  ETA=1134s
[2026-04-12 08:34:53]         [IG] iter  2850/8000  loss=0.9997  elapsed=622s  ETA=1123s
[2026-04-12 08:35:05]         [IG] iter  2900/8000  loss=1.0001  elapsed=633s  ETA=1113s
[2026-04-12 08:35:16]         [IG] iter  2950/8000  loss=0.9992  elapsed=644s  ETA=1103s
[2026-04-12 08:35:27]         [IG] iter  3000/8000  loss=0.9992  elapsed=655s  ETA=1092s
[2026-04-12 08:35:38]         [IG] iter  3050/8000  loss=0.9977  elapsed=667s  ETA=1082s
[2026-04-12 08:35:49]         [IG] iter  3100/8000  loss=0.9982  elapsed=677s  ETA=1071s
[2026-04-12 08:36:00]         [IG] iter  3150/8000  loss=1.0013  elapsed=689s  ETA=1060s
[2026-04-12 08:36:11]         [IG] iter  3200/8000  loss=1.0042  elapsed=700s  ETA=1049s
[2026-04-12 08:36:22]         [IG] iter  3250/8000  loss=0.9972  elapsed=711s  ETA=1039s
[2026-04-12 08:36:33]         [IG] iter  3300/8000  loss=1.0007  elapsed=722s  ETA=1028s
[2026-04-12 08:36:45]         [IG] iter  3350/8000  loss=0.9996  elapsed=733s  ETA=1017s
[2026-04-12 08:36:56]         [IG] iter  3400/8000  loss=1.0030  elapsed=744s  ETA=1007s
[2026-04-12 08:37:07]         [IG] iter  3450/8000  loss=1.0008  elapsed=755s  ETA=996s
[2026-04-12 08:37:18]         [IG] iter  3500/8000  loss=0.9987  elapsed=766s  ETA=985s
[2026-04-12 08:37:29]         [IG] iter  3550/8000  loss=1.0021  elapsed=777s  ETA=974s
[2026-04-12 08:37:39]         [IG] iter  3600/8000  loss=0.9994  elapsed=788s  ETA=963s
[2026-04-12 08:37:50]         [IG] iter  3650/8000  loss=0.9977  elapsed=799s  ETA=952s
[2026-04-12 08:38:01]         [IG] iter  3700/8000  loss=0.9992  elapsed=809s  ETA=941s
[2026-04-12 08:38:12]         [IG] iter  3750/8000  loss=0.9937  elapsed=820s  ETA=930s
[2026-04-12 08:38:23]         [IG] iter  3800/8000  loss=0.9937  elapsed=831s  ETA=919s
[2026-04-12 08:38:33]         [IG] iter  3850/8000  loss=1.0011  elapsed=842s  ETA=907s
[2026-04-12 08:38:44]         [IG] iter  3900/8000  loss=0.9991  elapsed=853s  ETA=897s
[2026-04-12 08:38:56]         [IG] iter  3950/8000  loss=0.9978  elapsed=864s  ETA=886s
[2026-04-12 08:39:06]         [IG] iter  4000/8000  loss=0.9978  elapsed=875s  ETA=875s
[2026-04-12 08:39:17]         [IG] iter  4050/8000  loss=0.9931  elapsed=886s  ETA=864s
[2026-04-12 08:39:28]         [IG] iter  4100/8000  loss=0.9974  elapsed=897s  ETA=853s
[2026-04-12 08:39:39]         [IG] iter  4150/8000  loss=0.9995  elapsed=907s  ETA=842s
[2026-04-12 08:39:50]         [IG] iter  4200/8000  loss=1.0016  elapsed=918s  ETA=831s
[2026-04-12 08:40:01]         [IG] iter  4250/8000  loss=0.9987  elapsed=929s  ETA=820s
[2026-04-12 08:40:11]         [IG] iter  4300/8000  loss=0.9976  elapsed=940s  ETA=809s
[2026-04-12 08:40:22]         [IG] iter  4350/8000  loss=0.9953  elapsed=951s  ETA=798s
[2026-04-12 08:40:33]         [IG] iter  4400/8000  loss=0.9952  elapsed=962s  ETA=787s
[2026-04-12 08:40:44]         [IG] iter  4450/8000  loss=0.9994  elapsed=973s  ETA=776s
[2026-04-12 08:40:56]         [IG] iter  4500/8000  loss=1.0018  elapsed=984s  ETA=765s
[2026-04-12 08:41:07]         [IG] iter  4550/8000  loss=0.9987  elapsed=995s  ETA=755s
[2026-04-12 08:41:18]         [IG] iter  4600/8000  loss=1.0068  elapsed=1007s  ETA=744s
[2026-04-12 08:41:30]         [IG] iter  4650/8000  loss=1.0036  elapsed=1018s  ETA=734s
[2026-04-12 08:41:41]         [IG] iter  4700/8000  loss=0.9950  elapsed=1029s  ETA=723s
[2026-04-12 08:41:52]         [IG] iter  4750/8000  loss=0.9935  elapsed=1040s  ETA=712s
[2026-04-12 08:42:03]         [IG] iter  4800/8000  loss=0.9933  elapsed=1051s  ETA=701s
[2026-04-12 08:42:13]         [IG] iter  4850/8000  loss=0.9992  elapsed=1062s  ETA=690s
[2026-04-12 08:42:24]         [IG] iter  4900/8000  loss=0.9952  elapsed=1073s  ETA=679s
[2026-04-12 08:42:35]         [IG] iter  4950/8000  loss=0.9980  elapsed=1084s  ETA=668s
[2026-04-12 08:42:47]         [IG] iter  5000/8000  loss=0.9949  elapsed=1095s  ETA=657s
[2026-04-12 08:42:58]         [IG] iter  5050/8000  loss=1.0031  elapsed=1106s  ETA=646s
[2026-04-12 08:43:09]         [IG] iter  5100/8000  loss=0.9994  elapsed=1117s  ETA=635s
[2026-04-12 08:43:20]         [IG] iter  5150/8000  loss=0.9992  elapsed=1128s  ETA=624s
[2026-04-12 08:43:31]         [IG] iter  5200/8000  loss=1.0002  elapsed=1139s  ETA=614s
[2026-04-12 08:43:42]         [IG] iter  5250/8000  loss=0.9985  elapsed=1150s  ETA=603s
[2026-04-12 08:43:53]         [IG] iter  5300/8000  loss=1.0001  elapsed=1162s  ETA=592s
[2026-04-12 08:44:04]         [IG] iter  5350/8000  loss=1.0002  elapsed=1173s  ETA=581s
[2026-04-12 08:44:16]         [IG] iter  5400/8000  loss=1.0020  elapsed=1184s  ETA=570s
[2026-04-12 08:44:27]         [IG] iter  5450/8000  loss=1.0017  elapsed=1195s  ETA=559s
[2026-04-12 08:44:38]         [IG] iter  5500/8000  loss=1.0033  elapsed=1206s  ETA=548s
[2026-04-12 08:44:49]         [IG] iter  5550/8000  loss=1.0031  elapsed=1218s  ETA=537s
[2026-04-12 08:45:00]         [IG] iter  5600/8000  loss=0.9994  elapsed=1229s  ETA=527s
[2026-04-12 08:45:11]         [IG] iter  5650/8000  loss=0.9992  elapsed=1240s  ETA=516s
[2026-04-12 08:45:23]         [IG] iter  5700/8000  loss=1.0035  elapsed=1251s  ETA=505s
[2026-04-12 08:45:34]         [IG] iter  5750/8000  loss=1.0002  elapsed=1262s  ETA=494s
[2026-04-12 08:45:44]         [IG] iter  5800/8000  loss=1.0040  elapsed=1273s  ETA=483s
[2026-04-12 08:45:55]         [IG] iter  5850/8000  loss=1.0044  elapsed=1284s  ETA=472s
[2026-04-12 08:46:06]         [IG] iter  5900/8000  loss=1.0032  elapsed=1295s  ETA=461s
[2026-04-12 08:46:17]         [IG] iter  5950/8000  loss=1.0018  elapsed=1306s  ETA=450s
[2026-04-12 08:46:28]         [IG] iter  6000/8000  loss=1.0001  elapsed=1317s  ETA=439s
[2026-04-12 08:46:40]         [IG] iter  6050/8000  loss=1.0029  elapsed=1328s  ETA=428s
[2026-04-12 08:46:51]         [IG] iter  6100/8000  loss=1.0006  elapsed=1339s  ETA=417s
[2026-04-12 08:47:02]         [IG] iter  6150/8000  loss=0.9970  elapsed=1350s  ETA=406s
[2026-04-12 08:47:13]         [IG] iter  6200/8000  loss=0.9929  elapsed=1361s  ETA=395s
[2026-04-12 08:47:24]         [IG] iter  6250/8000  loss=0.9959  elapsed=1372s  ETA=384s
[2026-04-12 08:47:35]         [IG] iter  6300/8000  loss=1.0001  elapsed=1383s  ETA=373s
[2026-04-12 08:47:46]         [IG] iter  6350/8000  loss=0.9988  elapsed=1394s  ETA=362s
[2026-04-12 08:47:56]         [IG] iter  6400/8000  loss=1.0058  elapsed=1405s  ETA=351s
[2026-04-12 08:48:07]         [IG] iter  6450/8000  loss=1.0005  elapsed=1416s  ETA=340s
[2026-04-12 08:48:18]         [IG] iter  6500/8000  loss=0.9992  elapsed=1426s  ETA=329s
[2026-04-12 08:48:29]         [IG] iter  6550/8000  loss=0.9986  elapsed=1437s  ETA=318s
[2026-04-12 08:48:40]         [IG] iter  6600/8000  loss=1.0027  elapsed=1448s  ETA=307s
[2026-04-12 08:48:51]         [IG] iter  6650/8000  loss=1.0009  elapsed=1459s  ETA=296s
[2026-04-12 08:49:02]         [IG] iter  6700/8000  loss=1.0026  elapsed=1471s  ETA=285s
[2026-04-12 08:49:13]         [IG] iter  6750/8000  loss=0.9973  elapsed=1482s  ETA=274s
[2026-04-12 08:49:24]         [IG] iter  6800/8000  loss=0.9980  elapsed=1493s  ETA=263s
[2026-04-12 08:49:36]         [IG] iter  6850/8000  loss=0.9991  elapsed=1504s  ETA=253s
[2026-04-12 08:49:47]         [IG] iter  6900/8000  loss=0.9970  elapsed=1515s  ETA=242s
[2026-04-12 08:49:58]         [IG] iter  6950/8000  loss=0.9951  elapsed=1527s  ETA=231s
[2026-04-12 08:50:10]         [IG] iter  7000/8000  loss=0.9946  elapsed=1538s  ETA=220s
[2026-04-12 08:50:21]         [IG] iter  7050/8000  loss=0.9976  elapsed=1550s  ETA=209s
[2026-04-12 08:50:32]         [IG] iter  7100/8000  loss=0.9963  elapsed=1561s  ETA=198s
[2026-04-12 08:50:43]         [IG] iter  7150/8000  loss=0.9960  elapsed=1572s  ETA=187s
[2026-04-12 08:50:54]         [IG] iter  7200/8000  loss=0.9983  elapsed=1583s  ETA=176s
[2026-04-12 08:51:06]         [IG] iter  7250/8000  loss=0.9991  elapsed=1594s  ETA=165s
[2026-04-12 08:51:17]         [IG] iter  7300/8000  loss=1.0038  elapsed=1606s  ETA=154s
[2026-04-12 08:51:28]         [IG] iter  7350/8000  loss=1.0051  elapsed=1617s  ETA=143s
[2026-04-12 08:51:39]         [IG] iter  7400/8000  loss=1.0045  elapsed=1627s  ETA=132s
[2026-04-12 08:51:50]         [IG] iter  7450/8000  loss=1.0056  elapsed=1638s  ETA=121s
[2026-04-12 08:52:01]         [IG] iter  7500/8000  loss=1.0014  elapsed=1649s  ETA=110s
[2026-04-12 08:52:12]         [IG] iter  7550/8000  loss=1.0029  elapsed=1660s  ETA=99s
[2026-04-12 08:52:23]         [IG] iter  7600/8000  loss=0.9996  elapsed=1671s  ETA=88s
[2026-04-12 08:52:34]         [IG] iter  7650/8000  loss=1.0047  elapsed=1682s  ETA=77s
[2026-04-12 08:52:45]         [IG] iter  7700/8000  loss=1.0018  elapsed=1694s  ETA=66s
[2026-04-12 08:52:56]         [IG] iter  7750/8000  loss=1.0022  elapsed=1705s  ETA=55s
[2026-04-12 08:53:08]         [IG] iter  7800/8000  loss=1.0010  elapsed=1716s  ETA=44s
[2026-04-12 08:53:19]         [IG] iter  7850/8000  loss=1.0028  elapsed=1727s  ETA=33s
[2026-04-12 08:53:30]         [IG] iter  7900/8000  loss=1.0026  elapsed=1738s  ETA=22s
[2026-04-12 08:53:42]         [IG] iter  7950/8000  loss=1.0025  elapsed=1750s  ETA=11s
[2026-04-12 08:53:53]         [IG] iter  8000/8000  loss=0.9975  elapsed=1761s  ETA=0s
[2026-04-12 08:53:53]         [IG] restart 1 done — final loss=0.9975
[2026-04-12 08:53:53]       [dp/sigma=0.001] img 8/10 — attack done in 1761.5s
[2026-04-12 08:53:53]       [dp/sigma=0.001] img 8/10 — PSNR=7.96  SSIM=0.0008  LPIPS=0.4042
[2026-04-12 08:53:53]       [dp/sigma=0.001] img 9/10 — computing true gradient...
[2026-04-12 08:53:53]       [dp/sigma=0.001] img 9/10 — applying defense: dp ...
[2026-04-12 08:53:53]       [dp/sigma=0.001] img 9/10 — running IG attack...
[2026-04-12 08:53:53]         [IG] restart 1/1 — 8000 iterations ...
[2026-04-12 08:54:04]         [IG] iter    50/8000  loss=0.9968  elapsed=11s  ETA=1787s
[2026-04-12 08:54:15]         [IG] iter   100/8000  loss=0.9902  elapsed=22s  ETA=1744s
[2026-04-12 08:54:27]         [IG] iter   150/8000  loss=0.9998  elapsed=33s  ETA=1746s
[2026-04-12 08:54:38]         [IG] iter   200/8000  loss=0.9973  elapsed=45s  ETA=1739s
[2026-04-12 08:54:49]         [IG] iter   250/8000  loss=0.9972  elapsed=56s  ETA=1729s
[2026-04-12 08:55:00]         [IG] iter   300/8000  loss=0.9971  elapsed=67s  ETA=1721s
[2026-04-12 08:55:11]         [IG] iter   350/8000  loss=0.9870  elapsed=78s  ETA=1708s
[2026-04-12 08:55:22]         [IG] iter   400/8000  loss=1.0005  elapsed=89s  ETA=1691s
[2026-04-12 08:55:33]         [IG] iter   450/8000  loss=0.9918  elapsed=100s  ETA=1678s
[2026-04-12 08:55:44]         [IG] iter   500/8000  loss=0.9883  elapsed=111s  ETA=1662s
[2026-04-12 08:55:55]         [IG] iter   550/8000  loss=0.9963  elapsed=122s  ETA=1648s
[2026-04-12 08:56:06]         [IG] iter   600/8000  loss=0.9931  elapsed=133s  ETA=1641s
[2026-04-12 08:56:17]         [IG] iter   650/8000  loss=0.9902  elapsed=144s  ETA=1631s
[2026-04-12 08:56:29]         [IG] iter   700/8000  loss=0.9925  elapsed=155s  ETA=1621s
[2026-04-12 08:56:40]         [IG] iter   750/8000  loss=0.9929  elapsed=167s  ETA=1612s
[2026-04-12 08:56:51]         [IG] iter   800/8000  loss=0.9936  elapsed=178s  ETA=1604s
[2026-04-12 08:57:03]         [IG] iter   850/8000  loss=0.9893  elapsed=190s  ETA=1596s
[2026-04-12 08:57:14]         [IG] iter   900/8000  loss=0.9890  elapsed=201s  ETA=1585s
[2026-04-12 08:57:25]         [IG] iter   950/8000  loss=0.9935  elapsed=212s  ETA=1574s
[2026-04-12 08:57:37]         [IG] iter  1000/8000  loss=0.9955  elapsed=223s  ETA=1564s
[2026-04-12 08:57:48]         [IG] iter  1050/8000  loss=0.9952  elapsed=235s  ETA=1553s
[2026-04-12 08:57:59]         [IG] iter  1100/8000  loss=0.9986  elapsed=246s  ETA=1542s
[2026-04-12 08:58:10]         [IG] iter  1150/8000  loss=0.9985  elapsed=257s  ETA=1531s
[2026-04-12 08:58:22]         [IG] iter  1200/8000  loss=1.0040  elapsed=268s  ETA=1521s
[2026-04-12 08:58:33]         [IG] iter  1250/8000  loss=0.9931  elapsed=280s  ETA=1511s
[2026-04-12 08:58:44]         [IG] iter  1300/8000  loss=0.9980  elapsed=291s  ETA=1500s
[2026-04-12 08:58:55]         [IG] iter  1350/8000  loss=1.0027  elapsed=302s  ETA=1488s
[2026-04-12 08:59:06]         [IG] iter  1400/8000  loss=0.9939  elapsed=313s  ETA=1476s
[2026-04-12 08:59:17]         [IG] iter  1450/8000  loss=0.9913  elapsed=324s  ETA=1465s
[2026-04-12 08:59:29]         [IG] iter  1500/8000  loss=0.9934  elapsed=335s  ETA=1453s
[2026-04-12 08:59:40]         [IG] iter  1550/8000  loss=0.9999  elapsed=346s  ETA=1442s
[2026-04-12 08:59:51]         [IG] iter  1600/8000  loss=0.9974  elapsed=357s  ETA=1430s
[2026-04-12 09:00:02]         [IG] iter  1650/8000  loss=0.9926  elapsed=369s  ETA=1418s
[2026-04-12 09:00:13]         [IG] iter  1700/8000  loss=0.9925  elapsed=380s  ETA=1407s
[2026-04-12 09:00:24]         [IG] iter  1750/8000  loss=1.0003  elapsed=391s  ETA=1395s
[2026-04-12 09:00:35]         [IG] iter  1800/8000  loss=1.0025  elapsed=402s  ETA=1384s
[2026-04-12 09:00:46]         [IG] iter  1850/8000  loss=1.0028  elapsed=413s  ETA=1372s
[2026-04-12 09:00:57]         [IG] iter  1900/8000  loss=0.9971  elapsed=424s  ETA=1361s
[2026-04-12 09:01:08]         [IG] iter  1950/8000  loss=0.9999  elapsed=435s  ETA=1350s
[2026-04-12 09:01:20]         [IG] iter  2000/8000  loss=0.9992  elapsed=446s  ETA=1339s
[2026-04-12 09:01:31]         [IG] iter  2050/8000  loss=0.9991  elapsed=457s  ETA=1327s
[2026-04-12 09:01:42]         [IG] iter  2100/8000  loss=0.9979  elapsed=468s  ETA=1316s
[2026-04-12 09:01:52]         [IG] iter  2150/8000  loss=0.9912  elapsed=479s  ETA=1304s
[2026-04-12 09:02:03]         [IG] iter  2200/8000  loss=1.0029  elapsed=490s  ETA=1292s
[2026-04-12 09:02:14]         [IG] iter  2250/8000  loss=0.9952  elapsed=501s  ETA=1280s
[2026-04-12 09:02:25]         [IG] iter  2300/8000  loss=0.9942  elapsed=512s  ETA=1269s
[2026-04-12 09:02:36]         [IG] iter  2350/8000  loss=1.0012  elapsed=523s  ETA=1257s
[2026-04-12 09:02:47]         [IG] iter  2400/8000  loss=0.9989  elapsed=534s  ETA=1245s
[2026-04-12 09:02:58]         [IG] iter  2450/8000  loss=1.0040  elapsed=545s  ETA=1234s
[2026-04-12 09:03:08]         [IG] iter  2500/8000  loss=0.9950  elapsed=555s  ETA=1222s
[2026-04-12 09:03:19]         [IG] iter  2550/8000  loss=1.0017  elapsed=566s  ETA=1210s
[2026-04-12 09:03:31]         [IG] iter  2600/8000  loss=1.0004  elapsed=577s  ETA=1199s
[2026-04-12 09:03:42]         [IG] iter  2650/8000  loss=1.0022  elapsed=589s  ETA=1188s
[2026-04-12 09:03:53]         [IG] iter  2700/8000  loss=0.9969  elapsed=600s  ETA=1177s
[2026-04-12 09:04:04]         [IG] iter  2750/8000  loss=0.9936  elapsed=611s  ETA=1167s
[2026-04-12 09:04:15]         [IG] iter  2800/8000  loss=0.9931  elapsed=622s  ETA=1156s
[2026-04-12 09:04:27]         [IG] iter  2850/8000  loss=0.9998  elapsed=633s  ETA=1144s
[2026-04-12 09:04:38]         [IG] iter  2900/8000  loss=1.0035  elapsed=644s  ETA=1133s
[2026-04-12 09:04:48]         [IG] iter  2950/8000  loss=0.9981  elapsed=655s  ETA=1121s
[2026-04-12 09:04:59]         [IG] iter  3000/8000  loss=0.9980  elapsed=666s  ETA=1110s
[2026-04-12 09:05:10]         [IG] iter  3050/8000  loss=1.0054  elapsed=677s  ETA=1099s
[2026-04-12 09:05:21]         [IG] iter  3100/8000  loss=1.0006  elapsed=688s  ETA=1088s
[2026-04-12 09:05:33]         [IG] iter  3150/8000  loss=1.0013  elapsed=699s  ETA=1077s
[2026-04-12 09:05:43]         [IG] iter  3200/8000  loss=1.0064  elapsed=710s  ETA=1065s
[2026-04-12 09:05:54]         [IG] iter  3250/8000  loss=1.0028  elapsed=721s  ETA=1054s
[2026-04-12 09:06:05]         [IG] iter  3300/8000  loss=1.0014  elapsed=732s  ETA=1042s
[2026-04-12 09:06:16]         [IG] iter  3350/8000  loss=0.9956  elapsed=742s  ETA=1031s
[2026-04-12 09:06:27]         [IG] iter  3400/8000  loss=0.9986  elapsed=753s  ETA=1019s
[2026-04-12 09:06:37]         [IG] iter  3450/8000  loss=0.9942  elapsed=764s  ETA=1008s
[2026-04-12 09:06:48]         [IG] iter  3500/8000  loss=0.9974  elapsed=775s  ETA=996s
[2026-04-12 09:06:59]         [IG] iter  3550/8000  loss=0.9930  elapsed=786s  ETA=985s
[2026-04-12 09:07:10]         [IG] iter  3600/8000  loss=0.9934  elapsed=797s  ETA=974s
[2026-04-12 09:07:22]         [IG] iter  3650/8000  loss=0.9906  elapsed=808s  ETA=963s
[2026-04-12 09:07:32]         [IG] iter  3700/8000  loss=0.9965  elapsed=819s  ETA=952s
[2026-04-12 09:07:43]         [IG] iter  3750/8000  loss=0.9920  elapsed=830s  ETA=941s
[2026-04-12 09:07:54]         [IG] iter  3800/8000  loss=0.9925  elapsed=841s  ETA=929s
[2026-04-12 09:08:05]         [IG] iter  3850/8000  loss=0.9904  elapsed=851s  ETA=918s
[2026-04-12 09:08:15]         [IG] iter  3900/8000  loss=0.9910  elapsed=862s  ETA=906s
[2026-04-12 09:08:26]         [IG] iter  3950/8000  loss=0.9991  elapsed=873s  ETA=895s
[2026-04-12 09:08:37]         [IG] iter  4000/8000  loss=0.9989  elapsed=884s  ETA=884s
[2026-04-12 09:08:48]         [IG] iter  4050/8000  loss=1.0005  elapsed=895s  ETA=873s
[2026-04-12 09:08:59]         [IG] iter  4100/8000  loss=0.9949  elapsed=906s  ETA=862s
[2026-04-12 09:09:10]         [IG] iter  4150/8000  loss=1.0005  elapsed=917s  ETA=851s
[2026-04-12 09:09:21]         [IG] iter  4200/8000  loss=0.9949  elapsed=928s  ETA=839s
[2026-04-12 09:09:32]         [IG] iter  4250/8000  loss=0.9993  elapsed=938s  ETA=828s
[2026-04-12 09:09:43]         [IG] iter  4300/8000  loss=0.9976  elapsed=949s  ETA=817s
[2026-04-12 09:09:53]         [IG] iter  4350/8000  loss=0.9974  elapsed=960s  ETA=806s
[2026-04-12 09:10:04]         [IG] iter  4400/8000  loss=0.9973  elapsed=971s  ETA=794s
[2026-04-12 09:10:15]         [IG] iter  4450/8000  loss=0.9963  elapsed=982s  ETA=783s
[2026-04-12 09:10:26]         [IG] iter  4500/8000  loss=1.0016  elapsed=992s  ETA=772s
[2026-04-12 09:10:37]         [IG] iter  4550/8000  loss=1.0060  elapsed=1003s  ETA=761s
[2026-04-12 09:10:47]         [IG] iter  4600/8000  loss=1.0045  elapsed=1014s  ETA=750s
[2026-04-12 09:10:58]         [IG] iter  4650/8000  loss=0.9953  elapsed=1025s  ETA=738s
[2026-04-12 09:11:09]         [IG] iter  4700/8000  loss=0.9919  elapsed=1036s  ETA=727s
[2026-04-12 09:11:20]         [IG] iter  4750/8000  loss=0.9971  elapsed=1046s  ETA=716s
[2026-04-12 09:11:30]         [IG] iter  4800/8000  loss=0.9971  elapsed=1057s  ETA=705s
[2026-04-12 09:11:41]         [IG] iter  4850/8000  loss=1.0002  elapsed=1068s  ETA=694s
[2026-04-12 09:11:52]         [IG] iter  4900/8000  loss=0.9916  elapsed=1079s  ETA=682s
[2026-04-12 09:12:03]         [IG] iter  4950/8000  loss=0.9996  elapsed=1089s  ETA=671s
[2026-04-12 09:12:13]         [IG] iter  5000/8000  loss=0.9943  elapsed=1100s  ETA=660s
[2026-04-12 09:12:24]         [IG] iter  5050/8000  loss=0.9930  elapsed=1111s  ETA=649s
[2026-04-12 09:12:35]         [IG] iter  5100/8000  loss=0.9979  elapsed=1122s  ETA=638s
[2026-04-12 09:12:47]         [IG] iter  5150/8000  loss=0.9939  elapsed=1134s  ETA=627s
[2026-04-12 09:12:58]         [IG] iter  5200/8000  loss=0.9969  elapsed=1145s  ETA=616s
[2026-04-12 09:13:09]         [IG] iter  5250/8000  loss=0.9959  elapsed=1156s  ETA=605s
[2026-04-12 09:13:20]         [IG] iter  5300/8000  loss=1.0007  elapsed=1167s  ETA=594s
[2026-04-12 09:13:31]         [IG] iter  5350/8000  loss=0.9949  elapsed=1178s  ETA=584s
[2026-04-12 09:13:42]         [IG] iter  5400/8000  loss=0.9906  elapsed=1189s  ETA=573s
[2026-04-12 09:13:53]         [IG] iter  5450/8000  loss=0.9911  elapsed=1200s  ETA=561s
[2026-04-12 09:14:04]         [IG] iter  5500/8000  loss=0.9969  elapsed=1211s  ETA=550s
[2026-04-12 09:14:15]         [IG] iter  5550/8000  loss=0.9993  elapsed=1222s  ETA=539s
[2026-04-12 09:14:26]         [IG] iter  5600/8000  loss=0.9988  elapsed=1233s  ETA=528s
[2026-04-12 09:14:37]         [IG] iter  5650/8000  loss=0.9972  elapsed=1244s  ETA=517s
[2026-04-12 09:14:48]         [IG] iter  5700/8000  loss=0.9934  elapsed=1254s  ETA=506s
[2026-04-12 09:14:58]         [IG] iter  5750/8000  loss=0.9973  elapsed=1265s  ETA=495s
[2026-04-12 09:15:09]         [IG] iter  5800/8000  loss=0.9929  elapsed=1276s  ETA=484s
[2026-04-12 09:15:20]         [IG] iter  5850/8000  loss=0.9924  elapsed=1287s  ETA=473s
[2026-04-12 09:15:31]         [IG] iter  5900/8000  loss=0.9998  elapsed=1298s  ETA=462s
[2026-04-12 09:15:42]         [IG] iter  5950/8000  loss=0.9981  elapsed=1308s  ETA=451s
[2026-04-12 09:15:52]         [IG] iter  6000/8000  loss=0.9939  elapsed=1319s  ETA=440s
[2026-04-12 09:16:03]         [IG] iter  6050/8000  loss=0.9991  elapsed=1330s  ETA=429s
[2026-04-12 09:16:14]         [IG] iter  6100/8000  loss=0.9957  elapsed=1341s  ETA=418s
[2026-04-12 09:16:25]         [IG] iter  6150/8000  loss=0.9953  elapsed=1351s  ETA=407s
[2026-04-12 09:16:35]         [IG] iter  6200/8000  loss=0.9976  elapsed=1362s  ETA=395s
[2026-04-12 09:16:46]         [IG] iter  6250/8000  loss=0.9930  elapsed=1373s  ETA=384s
[2026-04-12 09:16:57]         [IG] iter  6300/8000  loss=0.9937  elapsed=1384s  ETA=373s
[2026-04-12 09:17:08]         [IG] iter  6350/8000  loss=0.9932  elapsed=1394s  ETA=362s
[2026-04-12 09:17:19]         [IG] iter  6400/8000  loss=0.9921  elapsed=1405s  ETA=351s
[2026-04-12 09:17:29]         [IG] iter  6450/8000  loss=0.9965  elapsed=1416s  ETA=340s
[2026-04-12 09:17:40]         [IG] iter  6500/8000  loss=0.9962  elapsed=1427s  ETA=329s
[2026-04-12 09:17:51]         [IG] iter  6550/8000  loss=0.9899  elapsed=1438s  ETA=318s
[2026-04-12 09:18:02]         [IG] iter  6600/8000  loss=0.9978  elapsed=1448s  ETA=307s
[2026-04-12 09:18:12]         [IG] iter  6650/8000  loss=0.9940  elapsed=1459s  ETA=296s
[2026-04-12 09:18:23]         [IG] iter  6700/8000  loss=0.9964  elapsed=1470s  ETA=285s
[2026-04-12 09:18:34]         [IG] iter  6750/8000  loss=0.9935  elapsed=1481s  ETA=274s
[2026-04-12 09:18:45]         [IG] iter  6800/8000  loss=0.9928  elapsed=1491s  ETA=263s
[2026-04-12 09:18:56]         [IG] iter  6850/8000  loss=0.9978  elapsed=1502s  ETA=252s
[2026-04-12 09:19:06]         [IG] iter  6900/8000  loss=0.9914  elapsed=1513s  ETA=241s
[2026-04-12 09:19:17]         [IG] iter  6950/8000  loss=0.9969  elapsed=1524s  ETA=230s
[2026-04-12 09:19:28]         [IG] iter  7000/8000  loss=0.9942  elapsed=1535s  ETA=219s
[2026-04-12 09:19:39]         [IG] iter  7050/8000  loss=1.0032  elapsed=1546s  ETA=208s
[2026-04-12 09:19:50]         [IG] iter  7100/8000  loss=0.9999  elapsed=1557s  ETA=197s
[2026-04-12 09:20:01]         [IG] iter  7150/8000  loss=0.9998  elapsed=1568s  ETA=186s
[2026-04-12 09:20:13]         [IG] iter  7200/8000  loss=1.0014  elapsed=1580s  ETA=176s
[2026-04-12 09:20:24]         [IG] iter  7250/8000  loss=0.9995  elapsed=1591s  ETA=165s
[2026-04-12 09:20:35]         [IG] iter  7300/8000  loss=0.9960  elapsed=1602s  ETA=154s
[2026-04-12 09:20:46]         [IG] iter  7350/8000  loss=0.9997  elapsed=1613s  ETA=143s
[2026-04-12 09:20:57]         [IG] iter  7400/8000  loss=1.0011  elapsed=1624s  ETA=132s
[2026-04-12 09:21:08]         [IG] iter  7450/8000  loss=0.9991  elapsed=1635s  ETA=121s
[2026-04-12 09:21:19]         [IG] iter  7500/8000  loss=0.9990  elapsed=1646s  ETA=110s
[2026-04-12 09:21:31]         [IG] iter  7550/8000  loss=1.0047  elapsed=1657s  ETA=99s
[2026-04-12 09:21:42]         [IG] iter  7600/8000  loss=1.0069  elapsed=1669s  ETA=88s
[2026-04-12 09:21:53]         [IG] iter  7650/8000  loss=0.9991  elapsed=1680s  ETA=77s
[2026-04-12 09:22:05]         [IG] iter  7700/8000  loss=1.0005  elapsed=1691s  ETA=66s
[2026-04-12 09:22:16]         [IG] iter  7750/8000  loss=0.9978  elapsed=1702s  ETA=55s
[2026-04-12 09:22:26]         [IG] iter  7800/8000  loss=1.0037  elapsed=1713s  ETA=44s
[2026-04-12 09:22:37]         [IG] iter  7850/8000  loss=0.9981  elapsed=1724s  ETA=33s
[2026-04-12 09:22:48]         [IG] iter  7900/8000  loss=1.0027  elapsed=1735s  ETA=22s
[2026-04-12 09:22:59]         [IG] iter  7950/8000  loss=1.0022  elapsed=1746s  ETA=11s
[2026-04-12 09:23:10]         [IG] iter  8000/8000  loss=0.9993  elapsed=1757s  ETA=0s
[2026-04-12 09:23:10]         [IG] restart 1 done — final loss=0.9993
[2026-04-12 09:23:10]       [dp/sigma=0.001] img 9/10 — attack done in 1756.9s
[2026-04-12 09:23:10]       [dp/sigma=0.001] img 9/10 — PSNR=7.17  SSIM=0.0185  LPIPS=0.3247
[2026-04-12 09:23:10]       [dp/sigma=0.001] img 10/10 — computing true gradient...
[2026-04-12 09:23:10]       [dp/sigma=0.001] img 10/10 — applying defense: dp ...
[2026-04-12 09:23:10]       [dp/sigma=0.001] img 10/10 — running IG attack...
[2026-04-12 09:23:10]         [IG] restart 1/1 — 8000 iterations ...
[2026-04-12 09:23:21]         [IG] iter    50/8000  loss=0.9968  elapsed=11s  ETA=1723s
[2026-04-12 09:23:32]         [IG] iter   100/8000  loss=0.9976  elapsed=22s  ETA=1706s
[2026-04-12 09:23:43]         [IG] iter   150/8000  loss=0.9970  elapsed=32s  ETA=1689s
[2026-04-12 09:23:53]         [IG] iter   200/8000  loss=0.9960  elapsed=43s  ETA=1680s
[2026-04-12 09:24:04]         [IG] iter   250/8000  loss=0.9954  elapsed=54s  ETA=1672s
[2026-04-12 09:24:15]         [IG] iter   300/8000  loss=0.9971  elapsed=65s  ETA=1666s
[2026-04-12 09:24:26]         [IG] iter   350/8000  loss=1.0019  elapsed=76s  ETA=1657s
[2026-04-12 09:24:37]         [IG] iter   400/8000  loss=0.9951  elapsed=87s  ETA=1645s
[2026-04-12 09:24:48]         [IG] iter   450/8000  loss=0.9936  elapsed=97s  ETA=1633s
[2026-04-12 09:24:59]         [IG] iter   500/8000  loss=1.0000  elapsed=108s  ETA=1625s
[2026-04-12 09:25:10]         [IG] iter   550/8000  loss=0.9909  elapsed=120s  ETA=1620s
[2026-04-12 09:25:21]         [IG] iter   600/8000  loss=0.9902  elapsed=131s  ETA=1613s
[2026-04-12 09:25:32]         [IG] iter   650/8000  loss=0.9976  elapsed=142s  ETA=1605s
[2026-04-12 09:25:43]         [IG] iter   700/8000  loss=0.9951  elapsed=153s  ETA=1596s
[2026-04-12 09:25:54]         [IG] iter   750/8000  loss=0.9981  elapsed=164s  ETA=1587s
[2026-04-12 09:26:05]         [IG] iter   800/8000  loss=0.9946  elapsed=175s  ETA=1575s
[2026-04-12 09:26:16]         [IG] iter   850/8000  loss=1.0041  elapsed=186s  ETA=1564s
[2026-04-12 09:26:27]         [IG] iter   900/8000  loss=0.9963  elapsed=197s  ETA=1554s
[2026-04-12 09:26:38]         [IG] iter   950/8000  loss=0.9972  elapsed=208s  ETA=1542s
[2026-04-12 09:26:49]         [IG] iter  1000/8000  loss=0.9937  elapsed=219s  ETA=1531s
[2026-04-12 09:27:00]         [IG] iter  1050/8000  loss=0.9888  elapsed=230s  ETA=1521s
[2026-04-12 09:27:11]         [IG] iter  1100/8000  loss=0.9991  elapsed=241s  ETA=1510s
[2026-04-12 09:27:22]         [IG] iter  1150/8000  loss=0.9970  elapsed=252s  ETA=1502s
[2026-04-12 09:27:34]         [IG] iter  1200/8000  loss=0.9870  elapsed=264s  ETA=1493s
[2026-04-12 09:27:45]         [IG] iter  1250/8000  loss=0.9974  elapsed=275s  ETA=1485s
[2026-04-12 09:27:56]         [IG] iter  1300/8000  loss=0.9906  elapsed=286s  ETA=1474s
[2026-04-12 09:28:07]         [IG] iter  1350/8000  loss=0.9907  elapsed=297s  ETA=1462s
[2026-04-12 09:28:18]         [IG] iter  1400/8000  loss=0.9942  elapsed=308s  ETA=1451s
[2026-04-12 09:28:29]         [IG] iter  1450/8000  loss=0.9921  elapsed=319s  ETA=1442s
[2026-04-12 09:28:40]         [IG] iter  1500/8000  loss=0.9930  elapsed=330s  ETA=1430s
[2026-04-12 09:28:51]         [IG] iter  1550/8000  loss=0.9923  elapsed=341s  ETA=1420s
[2026-04-12 09:29:02]         [IG] iter  1600/8000  loss=0.9976  elapsed=352s  ETA=1408s
[2026-04-12 09:29:13]         [IG] iter  1650/8000  loss=1.0000  elapsed=363s  ETA=1397s
[2026-04-12 09:29:24]         [IG] iter  1700/8000  loss=0.9907  elapsed=374s  ETA=1385s
[2026-04-12 09:29:35]         [IG] iter  1750/8000  loss=0.9918  elapsed=384s  ETA=1373s
[2026-04-12 09:29:45]         [IG] iter  1800/8000  loss=0.9889  elapsed=395s  ETA=1361s
[2026-04-12 09:29:56]         [IG] iter  1850/8000  loss=0.9906  elapsed=406s  ETA=1349s
[2026-04-12 09:30:07]         [IG] iter  1900/8000  loss=0.9947  elapsed=417s  ETA=1338s
[2026-04-12 09:30:18]         [IG] iter  1950/8000  loss=0.9961  elapsed=428s  ETA=1328s
[2026-04-12 09:30:30]         [IG] iter  2000/8000  loss=0.9967  elapsed=439s  ETA=1318s
[2026-04-12 09:30:41]         [IG] iter  2050/8000  loss=0.9988  elapsed=451s  ETA=1308s
[2026-04-12 09:30:52]         [IG] iter  2100/8000  loss=0.9961  elapsed=462s  ETA=1298s
[2026-04-12 09:31:04]         [IG] iter  2150/8000  loss=0.9996  elapsed=473s  ETA=1288s
[2026-04-12 09:31:15]         [IG] iter  2200/8000  loss=0.9925  elapsed=485s  ETA=1278s
[2026-04-12 09:31:27]         [IG] iter  2250/8000  loss=0.9993  elapsed=496s  ETA=1269s
[2026-04-12 09:31:38]         [IG] iter  2300/8000  loss=1.0012  elapsed=508s  ETA=1259s
[2026-04-12 09:31:49]         [IG] iter  2350/8000  loss=0.9932  elapsed=519s  ETA=1247s
[2026-04-12 09:32:00]         [IG] iter  2400/8000  loss=0.9928  elapsed=530s  ETA=1236s
[2026-04-12 09:32:11]         [IG] iter  2450/8000  loss=0.9996  elapsed=541s  ETA=1225s
[2026-04-12 09:32:22]         [IG] iter  2500/8000  loss=0.9958  elapsed=552s  ETA=1215s
[2026-04-12 09:32:33]         [IG] iter  2550/8000  loss=1.0026  elapsed=563s  ETA=1204s
[2026-04-12 09:32:45]         [IG] iter  2600/8000  loss=0.9944  elapsed=574s  ETA=1193s
[2026-04-12 09:32:56]         [IG] iter  2650/8000  loss=0.9911  elapsed=586s  ETA=1182s
[2026-04-12 09:33:07]         [IG] iter  2700/8000  loss=0.9991  elapsed=597s  ETA=1172s
[2026-04-12 09:33:18]         [IG] iter  2750/8000  loss=0.9951  elapsed=608s  ETA=1161s
[2026-04-12 09:33:30]         [IG] iter  2800/8000  loss=0.9992  elapsed=620s  ETA=1151s
[2026-04-12 09:33:42]         [IG] iter  2850/8000  loss=0.9960  elapsed=631s  ETA=1141s
[2026-04-12 09:33:53]         [IG] iter  2900/8000  loss=0.9924  elapsed=643s  ETA=1130s
[2026-04-12 09:34:04]         [IG] iter  2950/8000  loss=0.9985  elapsed=654s  ETA=1119s
[2026-04-12 09:34:15]         [IG] iter  3000/8000  loss=1.0012  elapsed=664s  ETA=1107s
[2026-04-12 09:34:25]         [IG] iter  3050/8000  loss=0.9904  elapsed=675s  ETA=1096s
[2026-04-12 09:34:36]         [IG] iter  3100/8000  loss=0.9903  elapsed=686s  ETA=1084s
[2026-04-12 09:34:47]         [IG] iter  3150/8000  loss=0.9996  elapsed=697s  ETA=1073s
[2026-04-12 09:34:58]         [IG] iter  3200/8000  loss=0.9993  elapsed=708s  ETA=1061s
[2026-04-12 09:35:09]         [IG] iter  3250/8000  loss=0.9986  elapsed=719s  ETA=1050s
[2026-04-12 09:35:20]         [IG] iter  3300/8000  loss=0.9893  elapsed=730s  ETA=1039s
[2026-04-12 09:35:31]         [IG] iter  3350/8000  loss=0.9970  elapsed=740s  ETA=1028s
[2026-04-12 09:35:42]         [IG] iter  3400/8000  loss=0.9930  elapsed=752s  ETA=1017s
[2026-04-12 09:35:53]         [IG] iter  3450/8000  loss=0.9878  elapsed=763s  ETA=1006s
[2026-04-12 09:36:04]         [IG] iter  3500/8000  loss=0.9932  elapsed=774s  ETA=995s
[2026-04-12 09:36:16]         [IG] iter  3550/8000  loss=0.9911  elapsed=785s  ETA=984s
[2026-04-12 09:36:27]         [IG] iter  3600/8000  loss=0.9926  elapsed=797s  ETA=974s
[2026-04-12 09:36:38]         [IG] iter  3650/8000  loss=0.9914  elapsed=808s  ETA=963s
[2026-04-12 09:36:49]         [IG] iter  3700/8000  loss=0.9994  elapsed=819s  ETA=951s
[2026-04-12 09:37:00]         [IG] iter  3750/8000  loss=0.9981  elapsed=830s  ETA=940s
[2026-04-12 09:37:11]         [IG] iter  3800/8000  loss=0.9942  elapsed=841s  ETA=929s
[2026-04-12 09:37:22]         [IG] iter  3850/8000  loss=0.9936  elapsed=851s  ETA=918s
[2026-04-12 09:37:33]         [IG] iter  3900/8000  loss=0.9846  elapsed=862s  ETA=907s
[2026-04-12 09:37:43]         [IG] iter  3950/8000  loss=0.9883  elapsed=873s  ETA=895s
[2026-04-12 09:37:54]         [IG] iter  4000/8000  loss=0.9922  elapsed=884s  ETA=884s
[2026-04-12 09:38:05]         [IG] iter  4050/8000  loss=0.9880  elapsed=895s  ETA=873s
[2026-04-12 09:38:16]         [IG] iter  4100/8000  loss=0.9913  elapsed=906s  ETA=861s
[2026-04-12 09:38:27]         [IG] iter  4150/8000  loss=0.9932  elapsed=916s  ETA=850s
[2026-04-12 09:38:37]         [IG] iter  4200/8000  loss=0.9881  elapsed=927s  ETA=839s
[2026-04-12 09:38:48]         [IG] iter  4250/8000  loss=0.9876  elapsed=938s  ETA=828s
[2026-04-12 09:38:59]         [IG] iter  4300/8000  loss=0.9882  elapsed=949s  ETA=817s
[2026-04-12 09:39:10]         [IG] iter  4350/8000  loss=0.9895  elapsed=960s  ETA=805s
[2026-04-12 09:39:21]         [IG] iter  4400/8000  loss=0.9912  elapsed=971s  ETA=794s
[2026-04-12 09:39:32]         [IG] iter  4450/8000  loss=0.9886  elapsed=982s  ETA=783s
[2026-04-12 09:39:43]         [IG] iter  4500/8000  loss=0.9885  elapsed=993s  ETA=772s
[2026-04-12 09:39:54]         [IG] iter  4550/8000  loss=0.9915  elapsed=1004s  ETA=761s
[2026-04-12 09:40:05]         [IG] iter  4600/8000  loss=0.9950  elapsed=1015s  ETA=750s
[2026-04-12 09:40:16]         [IG] iter  4650/8000  loss=0.9913  elapsed=1026s  ETA=739s
[2026-04-12 09:40:27]         [IG] iter  4700/8000  loss=0.9977  elapsed=1037s  ETA=728s
[2026-04-12 09:40:39]         [IG] iter  4750/8000  loss=0.9921  elapsed=1049s  ETA=717s
[2026-04-12 09:40:50]         [IG] iter  4800/8000  loss=0.9907  elapsed=1060s  ETA=707s
[2026-04-12 09:41:01]         [IG] iter  4850/8000  loss=0.9977  elapsed=1071s  ETA=696s
[2026-04-12 09:41:13]         [IG] iter  4900/8000  loss=0.9925  elapsed=1083s  ETA=685s
[2026-04-12 09:41:24]         [IG] iter  4950/8000  loss=0.9962  elapsed=1094s  ETA=674s
[2026-04-12 09:41:36]         [IG] iter  5000/8000  loss=0.9936  elapsed=1106s  ETA=663s
[2026-04-12 09:41:47]         [IG] iter  5050/8000  loss=0.9896  elapsed=1117s  ETA=652s
[2026-04-12 09:41:58]         [IG] iter  5100/8000  loss=0.9930  elapsed=1128s  ETA=641s
[2026-04-12 09:42:09]         [IG] iter  5150/8000  loss=0.9923  elapsed=1139s  ETA=630s
[2026-04-12 09:42:20]         [IG] iter  5200/8000  loss=0.9883  elapsed=1149s  ETA=619s
[2026-04-12 09:42:31]         [IG] iter  5250/8000  loss=0.9884  elapsed=1161s  ETA=608s
[2026-04-12 09:42:42]         [IG] iter  5300/8000  loss=0.9926  elapsed=1172s  ETA=597s
[2026-04-12 09:42:53]         [IG] iter  5350/8000  loss=0.9904  elapsed=1183s  ETA=586s
[2026-04-12 09:43:04]         [IG] iter  5400/8000  loss=0.9941  elapsed=1194s  ETA=575s
[2026-04-12 09:43:15]         [IG] iter  5450/8000  loss=0.9894  elapsed=1205s  ETA=564s
[2026-04-12 09:43:26]         [IG] iter  5500/8000  loss=0.9957  elapsed=1216s  ETA=553s
[2026-04-12 09:43:37]         [IG] iter  5550/8000  loss=0.9899  elapsed=1227s  ETA=541s
[2026-04-12 09:43:48]         [IG] iter  5600/8000  loss=0.9986  elapsed=1238s  ETA=530s
[2026-04-12 09:43:59]         [IG] iter  5650/8000  loss=0.9975  elapsed=1249s  ETA=519s
[2026-04-12 09:44:10]         [IG] iter  5700/8000  loss=0.9938  elapsed=1260s  ETA=509s
[2026-04-12 09:44:22]         [IG] iter  5750/8000  loss=0.9902  elapsed=1271s  ETA=497s
[2026-04-12 09:44:32]         [IG] iter  5800/8000  loss=0.9933  elapsed=1282s  ETA=486s
[2026-04-12 09:44:44]         [IG] iter  5850/8000  loss=0.9928  elapsed=1293s  ETA=475s
[2026-04-12 09:44:55]         [IG] iter  5900/8000  loss=0.9969  elapsed=1305s  ETA=464s
[2026-04-12 09:45:06]         [IG] iter  5950/8000  loss=0.9957  elapsed=1316s  ETA=453s
[2026-04-12 09:45:17]         [IG] iter  6000/8000  loss=0.9933  elapsed=1327s  ETA=442s
[2026-04-12 09:45:28]         [IG] iter  6050/8000  loss=0.9950  elapsed=1338s  ETA=431s
[2026-04-12 09:45:40]         [IG] iter  6100/8000  loss=0.9929  elapsed=1349s  ETA=420s
[2026-04-12 09:45:51]         [IG] iter  6150/8000  loss=0.9981  elapsed=1360s  ETA=409s
[2026-04-12 09:46:02]         [IG] iter  6200/8000  loss=0.9937  elapsed=1372s  ETA=398s
[2026-04-12 09:46:13]         [IG] iter  6250/8000  loss=0.9990  elapsed=1383s  ETA=387s
[2026-04-12 09:46:25]         [IG] iter  6300/8000  loss=0.9959  elapsed=1394s  ETA=376s
[2026-04-12 09:46:36]         [IG] iter  6350/8000  loss=0.9985  elapsed=1406s  ETA=365s
[2026-04-12 09:46:47]         [IG] iter  6400/8000  loss=0.9926  elapsed=1417s  ETA=354s
[2026-04-12 09:46:58]         [IG] iter  6450/8000  loss=0.9920  elapsed=1428s  ETA=343s
[2026-04-12 09:47:09]         [IG] iter  6500/8000  loss=0.9933  elapsed=1439s  ETA=332s
[2026-04-12 09:47:20]         [IG] iter  6550/8000  loss=0.9907  elapsed=1450s  ETA=321s
[2026-04-12 09:47:31]         [IG] iter  6600/8000  loss=0.9911  elapsed=1461s  ETA=310s
[2026-04-12 09:47:42]         [IG] iter  6650/8000  loss=0.9917  elapsed=1472s  ETA=299s
[2026-04-12 09:47:53]         [IG] iter  6700/8000  loss=0.9878  elapsed=1482s  ETA=288s
[2026-04-12 09:48:04]         [IG] iter  6750/8000  loss=0.9974  elapsed=1493s  ETA=277s
[2026-04-12 09:48:15]         [IG] iter  6800/8000  loss=0.9910  elapsed=1504s  ETA=265s
[2026-04-12 09:48:26]         [IG] iter  6850/8000  loss=0.9902  elapsed=1516s  ETA=254s
[2026-04-12 09:48:37]         [IG] iter  6900/8000  loss=0.9900  elapsed=1527s  ETA=243s
[2026-04-12 09:48:48]         [IG] iter  6950/8000  loss=0.9916  elapsed=1537s  ETA=232s
[2026-04-12 09:48:59]         [IG] iter  7000/8000  loss=0.9906  elapsed=1548s  ETA=221s
[2026-04-12 09:49:10]         [IG] iter  7050/8000  loss=0.9902  elapsed=1559s  ETA=210s
[2026-04-12 09:49:20]         [IG] iter  7100/8000  loss=0.9900  elapsed=1570s  ETA=199s
[2026-04-12 09:49:31]         [IG] iter  7150/8000  loss=0.9916  elapsed=1581s  ETA=188s
[2026-04-12 09:49:43]         [IG] iter  7200/8000  loss=0.9917  elapsed=1592s  ETA=177s
[2026-04-12 09:49:53]         [IG] iter  7250/8000  loss=0.9928  elapsed=1603s  ETA=166s
[2026-04-12 09:50:05]         [IG] iter  7300/8000  loss=0.9933  elapsed=1614s  ETA=155s
[2026-04-12 09:50:16]         [IG] iter  7350/8000  loss=0.9944  elapsed=1626s  ETA=144s
[2026-04-12 09:50:27]         [IG] iter  7400/8000  loss=0.9918  elapsed=1637s  ETA=133s
[2026-04-12 09:50:38]         [IG] iter  7450/8000  loss=0.9922  elapsed=1648s  ETA=122s
[2026-04-12 09:50:49]         [IG] iter  7500/8000  loss=0.9955  elapsed=1659s  ETA=111s
[2026-04-12 09:51:01]         [IG] iter  7550/8000  loss=0.9894  elapsed=1670s  ETA=100s
[2026-04-12 09:51:11]         [IG] iter  7600/8000  loss=0.9941  elapsed=1681s  ETA=88s
[2026-04-12 09:51:22]         [IG] iter  7650/8000  loss=0.9941  elapsed=1692s  ETA=77s
[2026-04-12 09:51:33]         [IG] iter  7700/8000  loss=0.9984  elapsed=1703s  ETA=66s
[2026-04-12 09:51:44]         [IG] iter  7750/8000  loss=0.9931  elapsed=1714s  ETA=55s
[2026-04-12 09:51:55]         [IG] iter  7800/8000  loss=0.9922  elapsed=1725s  ETA=44s
[2026-04-12 09:52:06]         [IG] iter  7850/8000  loss=0.9908  elapsed=1736s  ETA=33s
[2026-04-12 09:52:17]         [IG] iter  7900/8000  loss=0.9934  elapsed=1746s  ETA=22s
[2026-04-12 09:52:27]         [IG] iter  7950/8000  loss=0.9888  elapsed=1757s  ETA=11s
[2026-04-12 09:52:38]         [IG] iter  8000/8000  loss=0.9923  elapsed=1768s  ETA=0s
[2026-04-12 09:52:38]         [IG] restart 1 done — final loss=0.9923
[2026-04-12 09:52:38]       [dp/sigma=0.001] img 10/10 — attack done in 1767.7s
[2026-04-12 09:52:38]       [dp/sigma=0.001] img 10/10 — PSNR=7.71  SSIM=0.0324  LPIPS=0.3645
[2026-04-12 09:52:38]   Condition 2/7 COMPLETE (17636.8s)  |  mean PSNR=7.47  mean SSIM=0.0072  mean LPIPS=0.3678
[2026-04-12 09:52:38] 
  ── Condition 3/7: dp/sigma=0.01 ──
[2026-04-12 09:52:38]       [dp/sigma=0.01] img 1/10 — computing true gradient...
[2026-04-12 09:52:38]       [dp/sigma=0.01] img 1/10 — applying defense: dp ...
[2026-04-12 09:52:38]       [dp/sigma=0.01] img 1/10 — running IG attack...
[2026-04-12 09:52:38]         [IG] restart 1/1 — 8000 iterations ...
[2026-04-12 09:52:49]         [IG] iter    50/8000  loss=0.9961  elapsed=11s  ETA=1731s
[2026-04-12 09:53:00]         [IG] iter   100/8000  loss=0.9992  elapsed=22s  ETA=1748s
[2026-04-12 09:53:11]         [IG] iter   150/8000  loss=1.0004  elapsed=33s  ETA=1744s
[2026-04-12 09:53:23]         [IG] iter   200/8000  loss=0.9924  elapsed=44s  ETA=1735s
[2026-04-12 09:53:34]         [IG] iter   250/8000  loss=1.0016  elapsed=56s  ETA=1723s
[2026-04-12 09:53:45]         [IG] iter   300/8000  loss=0.9940  elapsed=67s  ETA=1708s
[2026-04-12 09:53:56]         [IG] iter   350/8000  loss=0.9997  elapsed=77s  ETA=1692s
[2026-04-12 09:54:06]         [IG] iter   400/8000  loss=0.9895  elapsed=88s  ETA=1676s
[2026-04-12 09:54:17]         [IG] iter   450/8000  loss=0.9929  elapsed=99s  ETA=1663s
[2026-04-12 09:54:28]         [IG] iter   500/8000  loss=1.0008  elapsed=110s  ETA=1648s
[2026-04-12 09:54:39]         [IG] iter   550/8000  loss=1.0042  elapsed=121s  ETA=1634s
[2026-04-12 09:54:49]         [IG] iter   600/8000  loss=0.9972  elapsed=131s  ETA=1620s
[2026-04-12 09:55:00]         [IG] iter   650/8000  loss=0.9976  elapsed=142s  ETA=1609s
[2026-04-12 09:55:11]         [IG] iter   700/8000  loss=0.9913  elapsed=153s  ETA=1597s
[2026-04-12 09:55:22]         [IG] iter   750/8000  loss=0.9981  elapsed=164s  ETA=1584s
[2026-04-12 09:55:33]         [IG] iter   800/8000  loss=0.9965  elapsed=175s  ETA=1572s
[2026-04-12 09:55:44]         [IG] iter   850/8000  loss=0.9980  elapsed=186s  ETA=1563s
[2026-04-12 09:55:55]         [IG] iter   900/8000  loss=0.9942  elapsed=197s  ETA=1553s
[2026-04-12 09:56:06]         [IG] iter   950/8000  loss=0.9957  elapsed=207s  ETA=1540s
[2026-04-12 09:56:17]         [IG] iter  1000/8000  loss=0.9993  elapsed=219s  ETA=1530s
[2026-04-12 09:56:28]         [IG] iter  1050/8000  loss=0.9970  elapsed=230s  ETA=1520s
[2026-04-12 09:56:39]         [IG] iter  1100/8000  loss=0.9944  elapsed=241s  ETA=1511s
[2026-04-12 09:56:50]         [IG] iter  1150/8000  loss=0.9952  elapsed=252s  ETA=1501s
[2026-04-12 09:57:01]         [IG] iter  1200/8000  loss=0.9970  elapsed=263s  ETA=1492s
[2026-04-12 09:57:12]         [IG] iter  1250/8000  loss=0.9993  elapsed=274s  ETA=1480s
[2026-04-12 09:57:23]         [IG] iter  1300/8000  loss=0.9903  elapsed=285s  ETA=1470s
[2026-04-12 09:57:34]         [IG] iter  1350/8000  loss=0.9931  elapsed=296s  ETA=1459s
[2026-04-12 09:57:45]         [IG] iter  1400/8000  loss=0.9960  elapsed=307s  ETA=1448s
[2026-04-12 09:57:56]         [IG] iter  1450/8000  loss=0.9985  elapsed=318s  ETA=1436s
[2026-04-12 09:58:07]         [IG] iter  1500/8000  loss=1.0002  elapsed=329s  ETA=1424s
[2026-04-12 09:58:17]         [IG] iter  1550/8000  loss=0.9962  elapsed=339s  ETA=1412s
[2026-04-12 09:58:28]         [IG] iter  1600/8000  loss=0.9917  elapsed=350s  ETA=1401s
[2026-04-12 09:58:40]         [IG] iter  1650/8000  loss=1.0005  elapsed=361s  ETA=1391s
[2026-04-12 09:58:51]         [IG] iter  1700/8000  loss=0.9936  elapsed=373s  ETA=1381s
[2026-04-12 09:59:02]         [IG] iter  1750/8000  loss=1.0016  elapsed=384s  ETA=1370s
[2026-04-12 09:59:13]         [IG] iter  1800/8000  loss=0.9958  elapsed=395s  ETA=1359s
[2026-04-12 09:59:24]         [IG] iter  1850/8000  loss=1.0027  elapsed=406s  ETA=1349s
[2026-04-12 09:59:35]         [IG] iter  1900/8000  loss=0.9972  elapsed=417s  ETA=1338s
[2026-04-12 09:59:46]         [IG] iter  1950/8000  loss=1.0016  elapsed=428s  ETA=1328s
[2026-04-12 09:59:57]         [IG] iter  2000/8000  loss=0.9948  elapsed=439s  ETA=1317s
[2026-04-12 10:00:08]         [IG] iter  2050/8000  loss=0.9981  elapsed=450s  ETA=1307s
[2026-04-12 10:00:20]         [IG] iter  2100/8000  loss=1.0009  elapsed=462s  ETA=1297s
[2026-04-12 10:00:31]         [IG] iter  2150/8000  loss=0.9948  elapsed=472s  ETA=1285s
[2026-04-12 10:00:41]         [IG] iter  2200/8000  loss=0.9939  elapsed=483s  ETA=1274s
[2026-04-12 10:00:52]         [IG] iter  2250/8000  loss=0.9980  elapsed=494s  ETA=1262s
[2026-04-12 10:01:03]         [IG] iter  2300/8000  loss=0.9961  elapsed=505s  ETA=1252s
[2026-04-12 10:01:15]         [IG] iter  2350/8000  loss=0.9979  elapsed=516s  ETA=1242s
[2026-04-12 10:01:26]         [IG] iter  2400/8000  loss=0.9994  elapsed=527s  ETA=1231s
[2026-04-12 10:01:36]         [IG] iter  2450/8000  loss=0.9974  elapsed=538s  ETA=1219s
[2026-04-12 10:01:47]         [IG] iter  2500/8000  loss=0.9962  elapsed=549s  ETA=1208s
[2026-04-12 10:01:58]         [IG] iter  2550/8000  loss=0.9958  elapsed=560s  ETA=1197s
[2026-04-12 10:02:09]         [IG] iter  2600/8000  loss=1.0006  elapsed=571s  ETA=1186s
[2026-04-12 10:02:20]         [IG] iter  2650/8000  loss=0.9914  elapsed=582s  ETA=1174s
[2026-04-12 10:02:31]         [IG] iter  2700/8000  loss=0.9983  elapsed=593s  ETA=1163s
[2026-04-12 10:02:42]         [IG] iter  2750/8000  loss=0.9985  elapsed=604s  ETA=1152s
[2026-04-12 10:02:53]         [IG] iter  2800/8000  loss=0.9978  elapsed=614s  ETA=1141s
[2026-04-12 10:03:04]         [IG] iter  2850/8000  loss=0.9929  elapsed=625s  ETA=1130s
[2026-04-12 10:03:15]         [IG] iter  2900/8000  loss=0.9945  elapsed=637s  ETA=1119s
[2026-04-12 10:03:26]         [IG] iter  2950/8000  loss=0.9956  elapsed=648s  ETA=1109s
[2026-04-12 10:03:38]         [IG] iter  3000/8000  loss=0.9988  elapsed=660s  ETA=1099s
[2026-04-12 10:03:49]         [IG] iter  3050/8000  loss=0.9993  elapsed=671s  ETA=1089s
[2026-04-12 10:04:00]         [IG] iter  3100/8000  loss=0.9947  elapsed=682s  ETA=1078s
[2026-04-12 10:04:11]         [IG] iter  3150/8000  loss=0.9940  elapsed=693s  ETA=1066s
[2026-04-12 10:04:21]         [IG] iter  3200/8000  loss=0.9982  elapsed=703s  ETA=1055s
[2026-04-12 10:04:32]         [IG] iter  3250/8000  loss=0.9982  elapsed=714s  ETA=1044s
[2026-04-12 10:04:43]         [IG] iter  3300/8000  loss=1.0007  elapsed=725s  ETA=1032s
[2026-04-12 10:04:54]         [IG] iter  3350/8000  loss=0.9991  elapsed=736s  ETA=1021s
[2026-04-12 10:05:05]         [IG] iter  3400/8000  loss=1.0024  elapsed=747s  ETA=1010s
[2026-04-12 10:05:16]         [IG] iter  3450/8000  loss=0.9955  elapsed=758s  ETA=999s
[2026-04-12 10:05:27]         [IG] iter  3500/8000  loss=0.9904  elapsed=769s  ETA=988s
[2026-04-12 10:05:38]         [IG] iter  3550/8000  loss=0.9957  elapsed=780s  ETA=977s
[2026-04-12 10:05:49]         [IG] iter  3600/8000  loss=0.9995  elapsed=791s  ETA=966s
[2026-04-12 10:06:00]         [IG] iter  3650/8000  loss=1.0015  elapsed=802s  ETA=956s
[2026-04-12 10:06:11]         [IG] iter  3700/8000  loss=0.9973  elapsed=813s  ETA=945s
[2026-04-12 10:06:22]         [IG] iter  3750/8000  loss=0.9941  elapsed=823s  ETA=933s
[2026-04-12 10:06:33]         [IG] iter  3800/8000  loss=0.9941  elapsed=834s  ETA=922s
[2026-04-12 10:06:44]         [IG] iter  3850/8000  loss=0.9971  elapsed=845s  ETA=911s
[2026-04-12 10:06:54]         [IG] iter  3900/8000  loss=0.9926  elapsed=856s  ETA=900s
[2026-04-12 10:07:05]         [IG] iter  3950/8000  loss=0.9929  elapsed=867s  ETA=889s
[2026-04-12 10:07:16]         [IG] iter  4000/8000  loss=0.9973  elapsed=878s  ETA=878s
[2026-04-12 10:07:26]         [IG] iter  4050/8000  loss=0.9958  elapsed=888s  ETA=866s
[2026-04-12 10:07:37]         [IG] iter  4100/8000  loss=0.9956  elapsed=899s  ETA=855s
[2026-04-12 10:07:48]         [IG] iter  4150/8000  loss=0.9923  elapsed=910s  ETA=844s
[2026-04-12 10:07:59]         [IG] iter  4200/8000  loss=0.9939  elapsed=921s  ETA=833s
[2026-04-12 10:08:10]         [IG] iter  4250/8000  loss=0.9964  elapsed=932s  ETA=823s
[2026-04-12 10:08:21]         [IG] iter  4300/8000  loss=0.9959  elapsed=943s  ETA=812s
[2026-04-12 10:08:32]         [IG] iter  4350/8000  loss=1.0006  elapsed=954s  ETA=800s
[2026-04-12 10:08:43]         [IG] iter  4400/8000  loss=0.9937  elapsed=965s  ETA=789s
[2026-04-12 10:08:54]         [IG] iter  4450/8000  loss=0.9951  elapsed=975s  ETA=778s
[2026-04-12 10:09:04]         [IG] iter  4500/8000  loss=1.0043  elapsed=986s  ETA=767s
[2026-04-12 10:09:15]         [IG] iter  4550/8000  loss=0.9945  elapsed=997s  ETA=756s
[2026-04-12 10:09:26]         [IG] iter  4600/8000  loss=0.9950  elapsed=1008s  ETA=745s
[2026-04-12 10:09:37]         [IG] iter  4650/8000  loss=0.9921  elapsed=1019s  ETA=734s
[2026-04-12 10:09:49]         [IG] iter  4700/8000  loss=0.9944  elapsed=1030s  ETA=724s
[2026-04-12 10:10:00]         [IG] iter  4750/8000  loss=0.9946  elapsed=1042s  ETA=713s
[2026-04-12 10:10:11]         [IG] iter  4800/8000  loss=0.9897  elapsed=1053s  ETA=702s
[2026-04-12 10:10:22]         [IG] iter  4850/8000  loss=0.9968  elapsed=1064s  ETA=691s
[2026-04-12 10:10:34]         [IG] iter  4900/8000  loss=0.9950  elapsed=1076s  ETA=681s
[2026-04-12 10:10:45]         [IG] iter  4950/8000  loss=0.9911  elapsed=1087s  ETA=670s
[2026-04-12 10:10:56]         [IG] iter  5000/8000  loss=0.9917  elapsed=1098s  ETA=659s
[2026-04-12 10:11:07]         [IG] iter  5050/8000  loss=0.9975  elapsed=1109s  ETA=648s
[2026-04-12 10:11:18]         [IG] iter  5100/8000  loss=0.9986  elapsed=1120s  ETA=637s
[2026-04-12 10:11:30]         [IG] iter  5150/8000  loss=0.9933  elapsed=1132s  ETA=626s
[2026-04-12 10:11:41]         [IG] iter  5200/8000  loss=0.9941  elapsed=1143s  ETA=615s
[2026-04-12 10:11:52]         [IG] iter  5250/8000  loss=0.9966  elapsed=1154s  ETA=604s
[2026-04-12 10:12:03]         [IG] iter  5300/8000  loss=1.0005  elapsed=1165s  ETA=593s
[2026-04-12 10:12:14]         [IG] iter  5350/8000  loss=0.9968  elapsed=1176s  ETA=582s
[2026-04-12 10:12:25]         [IG] iter  5400/8000  loss=0.9966  elapsed=1187s  ETA=571s
[2026-04-12 10:12:36]         [IG] iter  5450/8000  loss=1.0036  elapsed=1198s  ETA=561s
[2026-04-12 10:12:47]         [IG] iter  5500/8000  loss=0.9962  elapsed=1209s  ETA=550s
[2026-04-12 10:12:58]         [IG] iter  5550/8000  loss=0.9950  elapsed=1220s  ETA=539s
[2026-04-12 10:13:10]         [IG] iter  5600/8000  loss=0.9940  elapsed=1232s  ETA=528s
[2026-04-12 10:13:21]         [IG] iter  5650/8000  loss=0.9932  elapsed=1243s  ETA=517s
[2026-04-12 10:13:33]         [IG] iter  5700/8000  loss=0.9942  elapsed=1254s  ETA=506s
[2026-04-12 10:13:44]         [IG] iter  5750/8000  loss=0.9960  elapsed=1266s  ETA=495s
[2026-04-12 10:13:55]         [IG] iter  5800/8000  loss=0.9944  elapsed=1277s  ETA=484s
[2026-04-12 10:14:06]         [IG] iter  5850/8000  loss=0.9961  elapsed=1288s  ETA=473s
[2026-04-12 10:14:17]         [IG] iter  5900/8000  loss=0.9934  elapsed=1299s  ETA=462s
[2026-04-12 10:14:28]         [IG] iter  5950/8000  loss=0.9977  elapsed=1310s  ETA=451s
[2026-04-12 10:14:39]         [IG] iter  6000/8000  loss=0.9967  elapsed=1321s  ETA=440s
[2026-04-12 10:14:50]         [IG] iter  6050/8000  loss=0.9935  elapsed=1332s  ETA=429s
[2026-04-12 10:15:00]         [IG] iter  6100/8000  loss=0.9931  elapsed=1342s  ETA=418s
[2026-04-12 10:15:11]         [IG] iter  6150/8000  loss=0.9934  elapsed=1353s  ETA=407s
[2026-04-12 10:15:22]         [IG] iter  6200/8000  loss=0.9975  elapsed=1364s  ETA=396s
[2026-04-12 10:15:33]         [IG] iter  6250/8000  loss=0.9979  elapsed=1375s  ETA=385s
[2026-04-12 10:15:43]         [IG] iter  6300/8000  loss=0.9995  elapsed=1385s  ETA=374s
[2026-04-12 10:15:54]         [IG] iter  6350/8000  loss=0.9991  elapsed=1396s  ETA=363s
[2026-04-12 10:16:06]         [IG] iter  6400/8000  loss=0.9930  elapsed=1408s  ETA=352s
[2026-04-12 10:16:17]         [IG] iter  6450/8000  loss=0.9934  elapsed=1419s  ETA=341s
[2026-04-12 10:16:28]         [IG] iter  6500/8000  loss=0.9920  elapsed=1430s  ETA=330s
[2026-04-12 10:16:40]         [IG] iter  6550/8000  loss=0.9949  elapsed=1441s  ETA=319s
[2026-04-12 10:16:51]         [IG] iter  6600/8000  loss=0.9933  elapsed=1453s  ETA=308s
[2026-04-12 10:17:02]         [IG] iter  6650/8000  loss=0.9955  elapsed=1464s  ETA=297s
[2026-04-12 10:17:13]         [IG] iter  6700/8000  loss=0.9938  elapsed=1475s  ETA=286s
[2026-04-12 10:17:24]         [IG] iter  6750/8000  loss=0.9930  elapsed=1486s  ETA=275s
[2026-04-12 10:17:35]         [IG] iter  6800/8000  loss=0.9927  elapsed=1497s  ETA=264s
[2026-04-12 10:17:46]         [IG] iter  6850/8000  loss=0.9947  elapsed=1508s  ETA=253s
[2026-04-12 10:17:58]         [IG] iter  6900/8000  loss=0.9925  elapsed=1520s  ETA=242s
[2026-04-12 10:18:09]         [IG] iter  6950/8000  loss=0.9916  elapsed=1531s  ETA=231s
[2026-04-12 10:18:21]         [IG] iter  7000/8000  loss=0.9934  elapsed=1542s  ETA=220s
[2026-04-12 10:18:32]         [IG] iter  7050/8000  loss=0.9932  elapsed=1554s  ETA=209s
[2026-04-12 10:18:43]         [IG] iter  7100/8000  loss=0.9935  elapsed=1565s  ETA=198s
[2026-04-12 10:18:54]         [IG] iter  7150/8000  loss=0.9923  elapsed=1576s  ETA=187s
[2026-04-12 10:19:06]         [IG] iter  7200/8000  loss=0.9943  elapsed=1588s  ETA=176s
[2026-04-12 10:19:17]         [IG] iter  7250/8000  loss=0.9967  elapsed=1599s  ETA=165s
[2026-04-12 10:19:28]         [IG] iter  7300/8000  loss=0.9973  elapsed=1610s  ETA=154s
[2026-04-12 10:19:40]         [IG] iter  7350/8000  loss=0.9969  elapsed=1621s  ETA=143s
[2026-04-12 10:19:50]         [IG] iter  7400/8000  loss=0.9940  elapsed=1632s  ETA=132s
[2026-04-12 10:20:01]         [IG] iter  7450/8000  loss=0.9921  elapsed=1643s  ETA=121s
[2026-04-12 10:20:12]         [IG] iter  7500/8000  loss=0.9918  elapsed=1654s  ETA=110s
[2026-04-12 10:20:23]         [IG] iter  7550/8000  loss=0.9950  elapsed=1664s  ETA=99s
[2026-04-12 10:20:33]         [IG] iter  7600/8000  loss=0.9951  elapsed=1675s  ETA=88s
[2026-04-12 10:20:44]         [IG] iter  7650/8000  loss=0.9946  elapsed=1686s  ETA=77s
[2026-04-12 10:20:55]         [IG] iter  7700/8000  loss=0.9969  elapsed=1697s  ETA=66s
[2026-04-12 10:21:06]         [IG] iter  7750/8000  loss=0.9986  elapsed=1707s  ETA=55s
[2026-04-12 10:21:16]         [IG] iter  7800/8000  loss=0.9999  elapsed=1718s  ETA=44s
[2026-04-12 10:21:27]         [IG] iter  7850/8000  loss=0.9972  elapsed=1729s  ETA=33s
[2026-04-12 10:21:39]         [IG] iter  7900/8000  loss=0.9997  elapsed=1740s  ETA=22s
[2026-04-12 10:21:50]         [IG] iter  7950/8000  loss=0.9951  elapsed=1752s  ETA=11s
[2026-04-12 10:22:02]         [IG] iter  8000/8000  loss=0.9967  elapsed=1764s  ETA=0s
[2026-04-12 10:22:02]         [IG] restart 1 done — final loss=0.9967
[2026-04-12 10:22:02]       [dp/sigma=0.01] img 1/10 — attack done in 1763.6s
[2026-04-12 10:22:02]       [dp/sigma=0.01] img 1/10 — PSNR=7.39  SSIM=0.0007  LPIPS=0.3599
[2026-04-12 10:22:02]       [dp/sigma=0.01] img 2/10 — computing true gradient...
[2026-04-12 10:22:02]       [dp/sigma=0.01] img 2/10 — applying defense: dp ...
[2026-04-12 10:22:02]       [dp/sigma=0.01] img 2/10 — running IG attack...
[2026-04-12 10:22:02]         [IG] restart 1/1 — 8000 iterations ...
[2026-04-12 10:22:13]         [IG] iter    50/8000  loss=0.9954  elapsed=11s  ETA=1802s
[2026-04-12 10:22:25]         [IG] iter   100/8000  loss=0.9900  elapsed=23s  ETA=1790s
[2026-04-12 10:22:36]         [IG] iter   150/8000  loss=0.9961  elapsed=34s  ETA=1790s
[2026-04-12 10:22:47]         [IG] iter   200/8000  loss=0.9920  elapsed=45s  ETA=1765s
[2026-04-12 10:22:58]         [IG] iter   250/8000  loss=0.9926  elapsed=56s  ETA=1746s
[2026-04-12 10:23:09]         [IG] iter   300/8000  loss=1.0017  elapsed=67s  ETA=1724s
[2026-04-12 10:23:20]         [IG] iter   350/8000  loss=0.9985  elapsed=78s  ETA=1707s
[2026-04-12 10:23:31]         [IG] iter   400/8000  loss=0.9910  elapsed=89s  ETA=1696s
[2026-04-12 10:23:42]         [IG] iter   450/8000  loss=0.9941  elapsed=100s  ETA=1683s
[2026-04-12 10:23:53]         [IG] iter   500/8000  loss=0.9934  elapsed=111s  ETA=1669s
[2026-04-12 10:24:04]         [IG] iter   550/8000  loss=0.9930  elapsed=122s  ETA=1653s
[2026-04-12 10:24:15]         [IG] iter   600/8000  loss=0.9984  elapsed=133s  ETA=1640s
[2026-04-12 10:24:26]         [IG] iter   650/8000  loss=0.9913  elapsed=144s  ETA=1629s
[2026-04-12 10:24:37]         [IG] iter   700/8000  loss=0.9998  elapsed=155s  ETA=1614s
[2026-04-12 10:24:48]         [IG] iter   750/8000  loss=0.9964  elapsed=166s  ETA=1602s
[2026-04-12 10:24:59]         [IG] iter   800/8000  loss=0.9970  elapsed=177s  ETA=1592s
[2026-04-12 10:25:10]         [IG] iter   850/8000  loss=1.0007  elapsed=188s  ETA=1581s
[2026-04-12 10:25:21]         [IG] iter   900/8000  loss=0.9945  elapsed=199s  ETA=1571s
[2026-04-12 10:25:32]         [IG] iter   950/8000  loss=0.9981  elapsed=210s  ETA=1562s
[2026-04-12 10:25:44]         [IG] iter  1000/8000  loss=1.0048  elapsed=222s  ETA=1554s
[2026-04-12 10:25:55]         [IG] iter  1050/8000  loss=0.9950  elapsed=233s  ETA=1542s
[2026-04-12 10:26:06]         [IG] iter  1100/8000  loss=0.9966  elapsed=244s  ETA=1530s
[2026-04-12 10:26:17]         [IG] iter  1150/8000  loss=0.9913  elapsed=255s  ETA=1517s
[2026-04-12 10:26:28]         [IG] iter  1200/8000  loss=0.9978  elapsed=266s  ETA=1505s
[2026-04-12 10:26:38]         [IG] iter  1250/8000  loss=0.9957  elapsed=277s  ETA=1493s
[2026-04-12 10:26:49]         [IG] iter  1300/8000  loss=0.9930  elapsed=287s  ETA=1481s
[2026-04-12 10:27:01]         [IG] iter  1350/8000  loss=0.9944  elapsed=299s  ETA=1471s
[2026-04-12 10:27:12]         [IG] iter  1400/8000  loss=0.9973  elapsed=310s  ETA=1460s
[2026-04-12 10:27:23]         [IG] iter  1450/8000  loss=0.9952  elapsed=321s  ETA=1448s
[2026-04-12 10:27:33]         [IG] iter  1500/8000  loss=1.0040  elapsed=331s  ETA=1436s
[2026-04-12 10:27:44]         [IG] iter  1550/8000  loss=0.9954  elapsed=342s  ETA=1424s
[2026-04-12 10:27:55]         [IG] iter  1600/8000  loss=0.9944  elapsed=353s  ETA=1411s
[2026-04-12 10:28:06]         [IG] iter  1650/8000  loss=0.9956  elapsed=364s  ETA=1400s
[2026-04-12 10:28:16]         [IG] iter  1700/8000  loss=0.9849  elapsed=374s  ETA=1388s
[2026-04-12 10:28:27]         [IG] iter  1750/8000  loss=0.9994  elapsed=385s  ETA=1377s
[2026-04-12 10:28:39]         [IG] iter  1800/8000  loss=0.9897  elapsed=397s  ETA=1367s
[2026-04-12 10:28:50]         [IG] iter  1850/8000  loss=1.0015  elapsed=408s  ETA=1357s
[2026-04-12 10:29:01]         [IG] iter  1900/8000  loss=0.9943  elapsed=419s  ETA=1346s
[2026-04-12 10:29:12]         [IG] iter  1950/8000  loss=0.9988  elapsed=431s  ETA=1336s
[2026-04-12 10:29:24]         [IG] iter  2000/8000  loss=0.9979  elapsed=442s  ETA=1325s
[2026-04-12 10:29:35]         [IG] iter  2050/8000  loss=0.9955  elapsed=453s  ETA=1315s
[2026-04-12 10:29:46]         [IG] iter  2100/8000  loss=0.9963  elapsed=464s  ETA=1304s
[2026-04-12 10:29:57]         [IG] iter  2150/8000  loss=0.9916  elapsed=475s  ETA=1292s
[2026-04-12 10:30:08]         [IG] iter  2200/8000  loss=1.0019  elapsed=486s  ETA=1281s
[2026-04-12 10:30:18]         [IG] iter  2250/8000  loss=0.9959  elapsed=497s  ETA=1269s
[2026-04-12 10:30:29]         [IG] iter  2300/8000  loss=0.9998  elapsed=508s  ETA=1258s
[2026-04-12 10:30:40]         [IG] iter  2350/8000  loss=0.9975  elapsed=519s  ETA=1247s
[2026-04-12 10:30:51]         [IG] iter  2400/8000  loss=0.9956  elapsed=529s  ETA=1235s
[2026-04-12 10:31:02]         [IG] iter  2450/8000  loss=1.0012  elapsed=540s  ETA=1224s
[2026-04-12 10:31:13]         [IG] iter  2500/8000  loss=0.9950  elapsed=551s  ETA=1213s
[2026-04-12 10:31:24]         [IG] iter  2550/8000  loss=0.9941  elapsed=562s  ETA=1201s
[2026-04-12 10:31:35]         [IG] iter  2600/8000  loss=1.0001  elapsed=573s  ETA=1190s
[2026-04-12 10:31:46]         [IG] iter  2650/8000  loss=0.9999  elapsed=584s  ETA=1178s
[2026-04-12 10:31:56]         [IG] iter  2700/8000  loss=0.9934  elapsed=594s  ETA=1167s
[2026-04-12 10:32:07]         [IG] iter  2750/8000  loss=0.9946  elapsed=605s  ETA=1155s
[2026-04-12 10:32:18]         [IG] iter  2800/8000  loss=0.9958  elapsed=616s  ETA=1144s
[2026-04-12 10:32:29]         [IG] iter  2850/8000  loss=0.9968  elapsed=627s  ETA=1133s
[2026-04-12 10:32:40]         [IG] iter  2900/8000  loss=0.9963  elapsed=638s  ETA=1121s
[2026-04-12 10:32:50]         [IG] iter  2950/8000  loss=0.9932  elapsed=648s  ETA=1110s
[2026-04-12 10:33:01]         [IG] iter  3000/8000  loss=0.9983  elapsed=660s  ETA=1099s
[2026-04-12 10:33:12]         [IG] iter  3050/8000  loss=0.9907  elapsed=670s  ETA=1088s
[2026-04-12 10:33:23]         [IG] iter  3100/8000  loss=0.9982  elapsed=681s  ETA=1077s
[2026-04-12 10:33:34]         [IG] iter  3150/8000  loss=0.9961  elapsed=692s  ETA=1066s
[2026-04-12 10:33:45]         [IG] iter  3200/8000  loss=0.9931  elapsed=703s  ETA=1055s
[2026-04-12 10:33:56]         [IG] iter  3250/8000  loss=0.9919  elapsed=714s  ETA=1044s
[2026-04-12 10:34:07]         [IG] iter  3300/8000  loss=0.9964  elapsed=725s  ETA=1033s
[2026-04-12 10:34:18]         [IG] iter  3350/8000  loss=0.9945  elapsed=736s  ETA=1022s
[2026-04-12 10:34:29]         [IG] iter  3400/8000  loss=0.9944  elapsed=747s  ETA=1010s
[2026-04-12 10:34:40]         [IG] iter  3450/8000  loss=0.9958  elapsed=758s  ETA=999s
[2026-04-12 10:34:50]         [IG] iter  3500/8000  loss=0.9932  elapsed=768s  ETA=988s
[2026-04-12 10:35:01]         [IG] iter  3550/8000  loss=0.9967  elapsed=779s  ETA=977s
[2026-04-12 10:35:12]         [IG] iter  3600/8000  loss=0.9986  elapsed=790s  ETA=966s
[2026-04-12 10:35:23]         [IG] iter  3650/8000  loss=0.9963  elapsed=801s  ETA=954s
[2026-04-12 10:35:33]         [IG] iter  3700/8000  loss=0.9950  elapsed=811s  ETA=943s
[2026-04-12 10:35:44]         [IG] iter  3750/8000  loss=0.9937  elapsed=822s  ETA=932s
[2026-04-12 10:35:55]         [IG] iter  3800/8000  loss=0.9961  elapsed=833s  ETA=921s
[2026-04-12 10:36:06]         [IG] iter  3850/8000  loss=1.0004  elapsed=845s  ETA=910s
[2026-04-12 10:36:18]         [IG] iter  3900/8000  loss=0.9941  elapsed=856s  ETA=900s
[2026-04-12 10:36:29]         [IG] iter  3950/8000  loss=0.9921  elapsed=867s  ETA=889s
[2026-04-12 10:36:40]         [IG] iter  4000/8000  loss=0.9947  elapsed=878s  ETA=878s
[2026-04-12 10:36:51]         [IG] iter  4050/8000  loss=0.9931  elapsed=889s  ETA=867s
[2026-04-12 10:37:02]         [IG] iter  4100/8000  loss=0.9963  elapsed=900s  ETA=857s
[2026-04-12 10:37:14]         [IG] iter  4150/8000  loss=0.9929  elapsed=912s  ETA=846s
[2026-04-12 10:37:25]         [IG] iter  4200/8000  loss=0.9908  elapsed=923s  ETA=835s
[2026-04-12 10:37:36]         [IG] iter  4250/8000  loss=0.9888  elapsed=934s  ETA=824s
[2026-04-12 10:37:47]         [IG] iter  4300/8000  loss=0.9944  elapsed=945s  ETA=813s
[2026-04-12 10:37:58]         [IG] iter  4350/8000  loss=0.9972  elapsed=956s  ETA=802s
[2026-04-12 10:38:09]         [IG] iter  4400/8000  loss=1.0002  elapsed=967s  ETA=791s
[2026-04-12 10:38:20]         [IG] iter  4450/8000  loss=0.9894  elapsed=978s  ETA=780s
[2026-04-12 10:38:31]         [IG] iter  4500/8000  loss=0.9920  elapsed=989s  ETA=769s
[2026-04-12 10:38:42]         [IG] iter  4550/8000  loss=0.9919  elapsed=1000s  ETA=758s
[2026-04-12 10:38:53]         [IG] iter  4600/8000  loss=0.9916  elapsed=1011s  ETA=747s
[2026-04-12 10:39:04]         [IG] iter  4650/8000  loss=0.9980  elapsed=1022s  ETA=736s
[2026-04-12 10:39:15]         [IG] iter  4700/8000  loss=0.9958  elapsed=1033s  ETA=725s
[2026-04-12 10:39:26]         [IG] iter  4750/8000  loss=0.9982  elapsed=1044s  ETA=714s
[2026-04-12 10:39:37]         [IG] iter  4800/8000  loss=1.0002  elapsed=1055s  ETA=703s
[2026-04-12 10:39:48]         [IG] iter  4850/8000  loss=0.9983  elapsed=1066s  ETA=692s
[2026-04-12 10:39:59]         [IG] iter  4900/8000  loss=0.9974  elapsed=1077s  ETA=681s
[2026-04-12 10:40:09]         [IG] iter  4950/8000  loss=0.9929  elapsed=1087s  ETA=670s
[2026-04-12 10:40:20]         [IG] iter  5000/8000  loss=0.9927  elapsed=1098s  ETA=659s
[2026-04-12 10:40:31]         [IG] iter  5050/8000  loss=0.9948  elapsed=1109s  ETA=648s
[2026-04-12 10:40:43]         [IG] iter  5100/8000  loss=0.9933  elapsed=1121s  ETA=637s
[2026-04-12 10:40:54]         [IG] iter  5150/8000  loss=0.9952  elapsed=1132s  ETA=627s
[2026-04-12 10:41:05]         [IG] iter  5200/8000  loss=0.9895  elapsed=1143s  ETA=616s
[2026-04-12 10:41:17]         [IG] iter  5250/8000  loss=0.9952  elapsed=1155s  ETA=605s
[2026-04-12 10:41:28]         [IG] iter  5300/8000  loss=1.0010  elapsed=1166s  ETA=594s
[2026-04-12 10:41:39]         [IG] iter  5350/8000  loss=0.9958  elapsed=1177s  ETA=583s
[2026-04-12 10:41:50]         [IG] iter  5400/8000  loss=0.9899  elapsed=1188s  ETA=572s
[2026-04-12 10:42:01]         [IG] iter  5450/8000  loss=0.9898  elapsed=1199s  ETA=561s
[2026-04-12 10:42:13]         [IG] iter  5500/8000  loss=0.9889  elapsed=1211s  ETA=550s
[2026-04-12 10:42:24]         [IG] iter  5550/8000  loss=0.9906  elapsed=1222s  ETA=539s
[2026-04-12 10:42:35]         [IG] iter  5600/8000  loss=0.9909  elapsed=1233s  ETA=529s
[2026-04-12 10:42:46]         [IG] iter  5650/8000  loss=0.9911  elapsed=1245s  ETA=518s
[2026-04-12 10:42:57]         [IG] iter  5700/8000  loss=0.9922  elapsed=1255s  ETA=507s
[2026-04-12 10:43:08]         [IG] iter  5750/8000  loss=0.9951  elapsed=1266s  ETA=495s
[2026-04-12 10:43:19]         [IG] iter  5800/8000  loss=0.9902  elapsed=1277s  ETA=484s
[2026-04-12 10:43:29]         [IG] iter  5850/8000  loss=0.9939  elapsed=1287s  ETA=473s
[2026-04-12 10:43:40]         [IG] iter  5900/8000  loss=0.9982  elapsed=1298s  ETA=462s
[2026-04-12 10:43:51]         [IG] iter  5950/8000  loss=0.9934  elapsed=1309s  ETA=451s
[2026-04-12 10:44:02]         [IG] iter  6000/8000  loss=0.9959  elapsed=1320s  ETA=440s
[2026-04-12 10:44:12]         [IG] iter  6050/8000  loss=0.9931  elapsed=1330s  ETA=429s
[2026-04-12 10:44:23]         [IG] iter  6100/8000  loss=0.9926  elapsed=1341s  ETA=418s
[2026-04-12 10:44:34]         [IG] iter  6150/8000  loss=0.9958  elapsed=1352s  ETA=407s
[2026-04-12 10:44:45]         [IG] iter  6200/8000  loss=0.9901  elapsed=1363s  ETA=396s
[2026-04-12 10:44:55]         [IG] iter  6250/8000  loss=0.9910  elapsed=1373s  ETA=385s
[2026-04-12 10:45:06]         [IG] iter  6300/8000  loss=0.9934  elapsed=1384s  ETA=373s
[2026-04-12 10:45:17]         [IG] iter  6350/8000  loss=0.9917  elapsed=1395s  ETA=362s
[2026-04-12 10:45:28]         [IG] iter  6400/8000  loss=0.9927  elapsed=1406s  ETA=351s
[2026-04-12 10:45:38]         [IG] iter  6450/8000  loss=0.9936  elapsed=1416s  ETA=340s
[2026-04-12 10:45:49]         [IG] iter  6500/8000  loss=0.9896  elapsed=1427s  ETA=329s
[2026-04-12 10:46:01]         [IG] iter  6550/8000  loss=0.9910  elapsed=1439s  ETA=319s
[2026-04-12 10:46:12]         [IG] iter  6600/8000  loss=0.9929  elapsed=1450s  ETA=308s
[2026-04-12 10:46:23]         [IG] iter  6650/8000  loss=0.9924  elapsed=1462s  ETA=297s
[2026-04-12 10:46:34]         [IG] iter  6700/8000  loss=0.9965  elapsed=1472s  ETA=286s
[2026-04-12 10:46:46]         [IG] iter  6750/8000  loss=0.9956  elapsed=1484s  ETA=275s
[2026-04-12 10:46:57]         [IG] iter  6800/8000  loss=0.9968  elapsed=1495s  ETA=264s
[2026-04-12 10:47:08]         [IG] iter  6850/8000  loss=1.0015  elapsed=1506s  ETA=253s
[2026-04-12 10:47:19]         [IG] iter  6900/8000  loss=0.9972  elapsed=1517s  ETA=242s
[2026-04-12 10:47:30]         [IG] iter  6950/8000  loss=0.9992  elapsed=1528s  ETA=231s
[2026-04-12 10:47:41]         [IG] iter  7000/8000  loss=0.9993  elapsed=1539s  ETA=220s
[2026-04-12 10:47:52]         [IG] iter  7050/8000  loss=1.0005  elapsed=1550s  ETA=209s
[2026-04-12 10:48:03]         [IG] iter  7100/8000  loss=0.9990  elapsed=1561s  ETA=198s
[2026-04-12 10:48:14]         [IG] iter  7150/8000  loss=0.9984  elapsed=1572s  ETA=187s
[2026-04-12 10:48:25]         [IG] iter  7200/8000  loss=0.9967  elapsed=1583s  ETA=176s
[2026-04-12 10:48:35]         [IG] iter  7250/8000  loss=0.9941  elapsed=1593s  ETA=165s
[2026-04-12 10:48:46]         [IG] iter  7300/8000  loss=0.9906  elapsed=1604s  ETA=154s
[2026-04-12 10:48:57]         [IG] iter  7350/8000  loss=0.9936  elapsed=1615s  ETA=143s
[2026-04-12 10:49:08]         [IG] iter  7400/8000  loss=0.9905  elapsed=1626s  ETA=132s
[2026-04-12 10:49:18]         [IG] iter  7450/8000  loss=0.9918  elapsed=1637s  ETA=121s
[2026-04-12 10:49:29]         [IG] iter  7500/8000  loss=0.9971  elapsed=1648s  ETA=110s
[2026-04-12 10:49:40]         [IG] iter  7550/8000  loss=0.9962  elapsed=1658s  ETA=99s
[2026-04-12 10:49:51]         [IG] iter  7600/8000  loss=0.9955  elapsed=1669s  ETA=88s
[2026-04-12 10:50:02]         [IG] iter  7650/8000  loss=0.9972  elapsed=1680s  ETA=77s
[2026-04-12 10:50:13]         [IG] iter  7700/8000  loss=0.9957  elapsed=1691s  ETA=66s
[2026-04-12 10:50:24]         [IG] iter  7750/8000  loss=0.9940  elapsed=1702s  ETA=55s
[2026-04-12 10:50:34]         [IG] iter  7800/8000  loss=0.9936  elapsed=1712s  ETA=44s
[2026-04-12 10:50:45]         [IG] iter  7850/8000  loss=0.9959  elapsed=1723s  ETA=33s
[2026-04-12 10:50:56]         [IG] iter  7900/8000  loss=1.0003  elapsed=1734s  ETA=22s
[2026-04-12 10:51:06]         [IG] iter  7950/8000  loss=0.9994  elapsed=1744s  ETA=11s
[2026-04-12 10:51:17]         [IG] iter  8000/8000  loss=0.9975  elapsed=1755s  ETA=0s
[2026-04-12 10:51:17]         [IG] restart 1 done — final loss=0.9975
[2026-04-12 10:51:17]       [dp/sigma=0.01] img 2/10 — attack done in 1755.1s
[2026-04-12 10:51:17]       [dp/sigma=0.01] img 2/10 — PSNR=6.98  SSIM=0.0253  LPIPS=0.5158
[2026-04-12 10:51:17]       [dp/sigma=0.01] img 3/10 — computing true gradient...
[2026-04-12 10:51:17]       [dp/sigma=0.01] img 3/10 — applying defense: dp ...
[2026-04-12 10:51:17]       [dp/sigma=0.01] img 3/10 — running IG attack...
[2026-04-12 10:51:17]         [IG] restart 1/1 — 8000 iterations ...
[2026-04-12 10:51:28]         [IG] iter    50/8000  loss=1.0041  elapsed=11s  ETA=1703s
[2026-04-12 10:51:39]         [IG] iter   100/8000  loss=1.0004  elapsed=21s  ETA=1693s
[2026-04-12 10:51:50]         [IG] iter   150/8000  loss=0.9981  elapsed=32s  ETA=1695s
[2026-04-12 10:51:59]         [IG] iter   200/8000  loss=1.0056  elapsed=42s  ETA=1643s
[2026-04-12 10:52:09]         [IG] iter   250/8000  loss=0.9926  elapsed=52s  ETA=1609s
[2026-04-12 10:52:19]         [IG] iter   300/8000  loss=1.0028  elapsed=62s  ETA=1583s
[2026-04-12 10:52:29]         [IG] iter   350/8000  loss=1.0011  elapsed=71s  ETA=1561s
[2026-04-12 10:52:38]         [IG] iter   400/8000  loss=1.0038  elapsed=81s  ETA=1543s
[2026-04-12 10:52:49]         [IG] iter   450/8000  loss=1.0037  elapsed=92s  ETA=1545s
[2026-04-12 10:53:00]         [IG] iter   500/8000  loss=0.9986  elapsed=103s  ETA=1548s
[2026-04-12 10:53:12]         [IG] iter   550/8000  loss=0.9987  elapsed=114s  ETA=1549s
[2026-04-12 10:53:23]         [IG] iter   600/8000  loss=1.0014  elapsed=126s  ETA=1548s
[2026-04-12 10:53:34]         [IG] iter   650/8000  loss=1.0052  elapsed=137s  ETA=1545s
[2026-04-12 10:53:45]         [IG] iter   700/8000  loss=1.0052  elapsed=148s  ETA=1542s
[2026-04-12 10:53:56]         [IG] iter   750/8000  loss=0.9972  elapsed=159s  ETA=1537s
[2026-04-12 10:54:07]         [IG] iter   800/8000  loss=0.9982  elapsed=170s  ETA=1529s
[2026-04-12 10:54:18]         [IG] iter   850/8000  loss=0.9989  elapsed=181s  ETA=1521s
[2026-04-12 10:54:29]         [IG] iter   900/8000  loss=0.9994  elapsed=192s  ETA=1511s
[2026-04-12 10:54:40]         [IG] iter   950/8000  loss=0.9982  elapsed=203s  ETA=1503s
[2026-04-12 10:54:51]         [IG] iter  1000/8000  loss=0.9970  elapsed=214s  ETA=1495s
[2026-04-12 10:55:02]         [IG] iter  1050/8000  loss=0.9999  elapsed=225s  ETA=1488s
[2026-04-12 10:55:13]         [IG] iter  1100/8000  loss=1.0001  elapsed=236s  ETA=1480s
[2026-04-12 10:55:24]         [IG] iter  1150/8000  loss=0.9974  elapsed=247s  ETA=1473s
[2026-04-12 10:55:35]         [IG] iter  1200/8000  loss=0.9911  elapsed=258s  ETA=1464s
[2026-04-12 10:55:47]         [IG] iter  1250/8000  loss=1.0006  elapsed=270s  ETA=1456s
[2026-04-12 10:55:58]         [IG] iter  1300/8000  loss=1.0012  elapsed=281s  ETA=1448s
[2026-04-12 10:56:09]         [IG] iter  1350/8000  loss=0.9953  elapsed=292s  ETA=1438s
[2026-04-12 10:56:20]         [IG] iter  1400/8000  loss=0.9949  elapsed=303s  ETA=1427s
[2026-04-12 10:56:31]         [IG] iter  1450/8000  loss=1.0037  elapsed=313s  ETA=1415s
[2026-04-12 10:56:41]         [IG] iter  1500/8000  loss=0.9982  elapsed=324s  ETA=1405s
[2026-04-12 10:56:52]         [IG] iter  1550/8000  loss=0.9927  elapsed=335s  ETA=1393s
[2026-04-12 10:57:03]         [IG] iter  1600/8000  loss=0.9976  elapsed=346s  ETA=1382s
[2026-04-12 10:57:14]         [IG] iter  1650/8000  loss=0.9971  elapsed=356s  ETA=1372s
[2026-04-12 10:57:25]         [IG] iter  1700/8000  loss=0.9937  elapsed=367s  ETA=1362s
[2026-04-12 10:57:36]         [IG] iter  1750/8000  loss=1.0020  elapsed=379s  ETA=1352s
[2026-04-12 10:57:47]         [IG] iter  1800/8000  loss=1.0021  elapsed=390s  ETA=1343s
[2026-04-12 10:57:58]         [IG] iter  1850/8000  loss=1.0011  elapsed=401s  ETA=1333s
[2026-04-12 10:58:09]         [IG] iter  1900/8000  loss=1.0041  elapsed=412s  ETA=1323s
[2026-04-12 10:58:21]         [IG] iter  1950/8000  loss=0.9944  elapsed=424s  ETA=1314s
[2026-04-12 10:58:32]         [IG] iter  2000/8000  loss=0.9961  elapsed=435s  ETA=1305s
[2026-04-12 10:58:44]         [IG] iter  2050/8000  loss=1.0002  elapsed=446s  ETA=1296s
[2026-04-12 10:58:55]         [IG] iter  2100/8000  loss=0.9954  elapsed=458s  ETA=1286s
[2026-04-12 10:59:06]         [IG] iter  2150/8000  loss=0.9956  elapsed=469s  ETA=1276s
[2026-04-12 10:59:17]         [IG] iter  2200/8000  loss=0.9920  elapsed=480s  ETA=1266s
[2026-04-12 10:59:28]         [IG] iter  2250/8000  loss=0.9973  elapsed=491s  ETA=1255s
[2026-04-12 10:59:40]         [IG] iter  2300/8000  loss=0.9951  elapsed=502s  ETA=1245s
[2026-04-12 10:59:51]         [IG] iter  2350/8000  loss=1.0010  elapsed=513s  ETA=1234s
[2026-04-12 11:00:02]         [IG] iter  2400/8000  loss=0.9986  elapsed=525s  ETA=1225s
[2026-04-12 11:00:13]         [IG] iter  2450/8000  loss=1.0016  elapsed=536s  ETA=1215s
[2026-04-12 11:00:25]         [IG] iter  2500/8000  loss=1.0047  elapsed=547s  ETA=1204s
[2026-04-12 11:00:36]         [IG] iter  2550/8000  loss=1.0022  elapsed=559s  ETA=1194s
[2026-04-12 11:00:47]         [IG] iter  2600/8000  loss=1.0002  elapsed=570s  ETA=1183s
[2026-04-12 11:00:58]         [IG] iter  2650/8000  loss=0.9980  elapsed=581s  ETA=1173s
