[2026-04-12 13:54:49] Log file: ./results/defense_tinyimagenet_resnet18_idlg_20260412_135449.log
[2026-04-12 13:54:49] Device: cuda
[2026-04-12 13:54:49] Args: {'dataset': 'tinyimagenet', 'model': 'resnet18', 'attack': 'idlg', 'n_samples': 2, 'checkpoint': './checkpoints/tinyimagenet_resnet18.pth', 'tinyimagenet_dir': None, 'output_dir': './results', 'seed': 42}
[2026-04-12 13:54:49] Loading LPIPS model (alex)...
[2026-04-12 13:54:50] LPIPS ready.
[2026-04-12 13:54:50] Loading dataset: tinyimagenet  (n_samples=2)
[2026-04-12 13:54:50] Tiny-ImageNet val dir: ./data/tiny-imagenet-200/val
[2026-04-12 13:54:50] Dataset ready: 2 images selected.
[2026-04-12 13:54:50] Building model: resnet18  num_classes=200
[2026-04-12 13:54:51] No checkpoint found — using random weights (demo mode).
[2026-04-12 13:54:51] 
Total plan: 1 attack × 7 conditions × 2 images = 14 jobs
[2026-04-12 13:54:51] 
================================================================
[2026-04-12 13:54:51] ATTACK: IDLG
[2026-04-12 13:54:51] ================================================================
[2026-04-12 13:54:51] 
  ── Condition 1/7: none/no-defense ──
[2026-04-12 13:54:51]       [none/no-defense] img 1/2 — computing true gradient...
[2026-04-12 13:54:51]       [none/no-defense] img 1/2 — applying defense: none ...
[2026-04-12 13:54:51]       [none/no-defense] img 1/2 — running IDLG attack...
[2026-04-12 13:54:51]         [iDLG] inferred label=36  true label=36
[2026-04-12 13:54:55]         [iDLG] step  50/300  loss=1448.8986
[2026-04-12 13:54:58]         [iDLG] step 100/300  loss=1379.1053
[2026-04-12 13:55:01]         [iDLG] step 150/300  loss=1364.6506
[2026-04-12 13:55:04]         [iDLG] step 200/300  loss=1350.4264
[2026-04-12 13:55:07]         [iDLG] step 250/300  loss=1338.9928
[2026-04-12 13:55:10]         [iDLG] step 300/300  loss=1327.5009
[2026-04-12 13:55:13]         [iDLG] step 350/300  loss=1328.5614
[2026-04-12 13:55:16]         [iDLG] step 400/300  loss=1328.7538
[2026-04-12 13:55:19]         [iDLG] step 450/300  loss=1316.3608
[2026-04-12 13:55:21]         [iDLG] step 500/300  loss=1315.2521
[2026-04-12 13:55:24]         [iDLG] step 550/300  loss=1314.7673
[2026-04-12 13:55:27]         [iDLG] step 600/300  loss=1316.3452
[2026-04-12 13:55:30]         [iDLG] step 650/300  loss=1318.5643
[2026-04-12 13:55:33]         [iDLG] step 700/300  loss=1318.0529
[2026-04-12 13:55:36]         [iDLG] step 750/300  loss=1313.0439
[2026-04-12 13:55:39]         [iDLG] step 800/300  loss=1313.4127
[2026-04-12 13:55:42]         [iDLG] step 850/300  loss=1300.9884
[2026-04-12 13:55:44]         [iDLG] step 900/300  loss=1307.1960
[2026-04-12 13:55:47]         [iDLG] step 950/300  loss=1309.3932
[2026-04-12 13:55:50]         [iDLG] step 1000/300  loss=1305.4425
[2026-04-12 13:55:53]         [iDLG] step 1050/300  loss=1313.5485
[2026-04-12 13:55:56]         [iDLG] step 1100/300  loss=1312.0437
[2026-04-12 13:55:59]         [iDLG] step 1150/300  loss=1313.7739
[2026-04-12 13:56:01]         [iDLG] step 1200/300  loss=1304.7429
[2026-04-12 13:56:04]         [iDLG] step 1250/300  loss=1302.3630
[2026-04-12 13:56:07]         [iDLG] step 1300/300  loss=1304.5157
[2026-04-12 13:56:10]         [iDLG] step 1350/300  loss=1297.1422
[2026-04-12 13:56:13]         [iDLG] step 1400/300  loss=1296.3107
[2026-04-12 13:56:16]         [iDLG] step 1450/300  loss=1294.4001
[2026-04-12 13:56:18]         [iDLG] step 1500/300  loss=1299.3501
[2026-04-12 13:56:21]         [iDLG] step 1550/300  loss=1305.4559
[2026-04-12 13:56:24]         [iDLG] step 1600/300  loss=1303.8480
[2026-04-12 13:56:27]         [iDLG] step 1650/300  loss=1305.0736
[2026-04-12 13:56:29]         [iDLG] step 1700/300  loss=1299.5612
[2026-04-12 13:56:32]         [iDLG] step 1750/300  loss=1307.2505
[2026-04-12 13:56:34]         [iDLG] step 1800/300  loss=1302.9878
[2026-04-12 13:56:37]         [iDLG] step 1850/300  loss=1296.5995
[2026-04-12 13:56:40]         [iDLG] step 1900/300  loss=1304.2954
[2026-04-12 13:56:42]         [iDLG] step 1950/300  loss=1296.8265
[2026-04-12 13:56:45]         [iDLG] step 2000/300  loss=1300.8606
[2026-04-12 13:56:48]         [iDLG] step 2050/300  loss=1298.6316
[2026-04-12 13:56:50]         [iDLG] step 2100/300  loss=1303.5704
[2026-04-12 13:56:53]         [iDLG] step 2150/300  loss=1302.3026
[2026-04-12 13:56:56]         [iDLG] step 2200/300  loss=1304.6844
[2026-04-12 13:56:59]         [iDLG] step 2250/300  loss=1304.5327
[2026-04-12 13:57:01]         [iDLG] step 2300/300  loss=1296.4272
[2026-04-12 13:57:04]         [iDLG] step 2350/300  loss=1299.8416
[2026-04-12 13:57:07]         [iDLG] step 2400/300  loss=1300.8743
[2026-04-12 13:57:10]         [iDLG] step 2450/300  loss=1305.2245
[2026-04-12 13:57:13]         [iDLG] step 2500/300  loss=1303.0585
[2026-04-12 13:57:15]         [iDLG] step 2550/300  loss=1306.9270
[2026-04-12 13:57:18]         [iDLG] step 2600/300  loss=1304.2847
[2026-04-12 13:57:21]         [iDLG] step 2650/300  loss=1304.2039
[2026-04-12 13:57:24]         [iDLG] step 2700/300  loss=1304.5878
[2026-04-12 13:57:26]         [iDLG] step 2750/300  loss=1300.2225
[2026-04-12 13:57:29]         [iDLG] step 2800/300  loss=1306.4473
[2026-04-12 13:57:32]         [iDLG] step 2850/300  loss=1308.3219
[2026-04-12 13:57:34]         [iDLG] step 2900/300  loss=1305.9229
[2026-04-12 13:57:37]         [iDLG] step 2950/300  loss=1305.5763
[2026-04-12 13:57:40]         [iDLG] step 3000/300  loss=1307.9574
[2026-04-12 13:57:43]         [iDLG] step 3050/300  loss=1307.0455
[2026-04-12 13:57:45]         [iDLG] step 3100/300  loss=1302.8352
[2026-04-12 13:57:48]         [iDLG] step 3150/300  loss=1306.4985
[2026-04-12 13:57:51]         [iDLG] step 3200/300  loss=1305.3274
[2026-04-12 13:57:53]         [iDLG] step 3250/300  loss=1304.7006
[2026-04-12 13:57:56]         [iDLG] step 3300/300  loss=1299.2587
[2026-04-12 13:57:59]         [iDLG] step 3350/300  loss=1302.4900
[2026-04-12 13:58:02]         [iDLG] step 3400/300  loss=1294.0201
[2026-04-12 13:58:05]         [iDLG] step 3450/300  loss=1300.2041
[2026-04-12 13:58:08]         [iDLG] step 3500/300  loss=1293.8143
[2026-04-12 13:58:10]         [iDLG] step 3550/300  loss=1298.9308
[2026-04-12 13:58:13]         [iDLG] step 3600/300  loss=1298.4933
[2026-04-12 13:58:16]         [iDLG] step 3650/300  loss=1304.7609
[2026-04-12 13:58:19]         [iDLG] step 3700/300  loss=1296.6885
[2026-04-12 13:58:22]         [iDLG] step 3750/300  loss=1302.3407
[2026-04-12 13:58:25]         [iDLG] step 3800/300  loss=1304.8762
[2026-04-12 13:58:27]         [iDLG] step 3850/300  loss=1302.6033
[2026-04-12 13:58:30]         [iDLG] step 3900/300  loss=1305.1622
[2026-04-12 13:58:33]         [iDLG] step 3950/300  loss=1306.0624
[2026-04-12 13:58:36]         [iDLG] step 4000/300  loss=1298.5859
[2026-04-12 13:58:38]         [iDLG] step 4050/300  loss=1292.8746
[2026-04-12 13:58:41]         [iDLG] step 4100/300  loss=1295.1211
[2026-04-12 13:58:44]         [iDLG] step 4150/300  loss=1296.8800
[2026-04-12 13:58:47]         [iDLG] step 4200/300  loss=1293.9125
[2026-04-12 13:58:49]         [iDLG] step 4250/300  loss=1302.1261
[2026-04-12 13:58:52]         [iDLG] step 4300/300  loss=1297.7592
[2026-04-12 13:58:55]         [iDLG] step 4350/300  loss=1294.8649
[2026-04-12 13:58:58]         [iDLG] step 4400/300  loss=1294.8700
[2026-04-12 13:59:00]         [iDLG] step 4450/300  loss=1299.9674
[2026-04-12 13:59:03]         [iDLG] step 4500/300  loss=1298.2089
[2026-04-12 13:59:06]         [iDLG] step 4550/300  loss=1287.2555
[2026-04-12 13:59:08]         [iDLG] step 4600/300  loss=1295.5138
[2026-04-12 13:59:11]         [iDLG] step 4650/300  loss=1299.8369
[2026-04-12 13:59:14]         [iDLG] step 4700/300  loss=1289.4408
[2026-04-12 13:59:17]         [iDLG] step 4750/300  loss=1292.2421
[2026-04-12 13:59:19]         [iDLG] step 4800/300  loss=1292.1591
[2026-04-12 13:59:22]         [iDLG] step 4850/300  loss=1287.6283
[2026-04-12 13:59:25]         [iDLG] step 4900/300  loss=1294.3199
[2026-04-12 13:59:28]         [iDLG] step 4950/300  loss=1295.1638
[2026-04-12 13:59:30]         [iDLG] step 5000/300  loss=1294.0548
[2026-04-12 13:59:33]         [iDLG] step 5050/300  loss=1295.1356
[2026-04-12 13:59:36]         [iDLG] step 5100/300  loss=1293.3092
[2026-04-12 13:59:39]         [iDLG] step 5150/300  loss=1296.4326
[2026-04-12 13:59:41]         [iDLG] step 5200/300  loss=1291.6426
[2026-04-12 13:59:44]         [iDLG] step 5250/300  loss=1295.1101
[2026-04-12 13:59:47]         [iDLG] step 5300/300  loss=1297.6499
[2026-04-12 13:59:49]         [iDLG] step 5350/300  loss=1298.6908
[2026-04-12 13:59:52]         [iDLG] step 5400/300  loss=1299.1107
[2026-04-12 13:59:55]         [iDLG] step 5450/300  loss=1292.9210
[2026-04-12 13:59:57]         [iDLG] step 5500/300  loss=1294.8735
[2026-04-12 14:00:00]         [iDLG] step 5550/300  loss=1294.9530
[2026-04-12 14:00:03]         [iDLG] step 5600/300  loss=1291.6064
[2026-04-12 14:00:05]         [iDLG] step 5650/300  loss=1291.3822
[2026-04-12 14:00:08]         [iDLG] step 5700/300  loss=1290.7754
[2026-04-12 14:00:11]         [iDLG] step 5750/300  loss=1285.4448
[2026-04-12 14:00:13]         [iDLG] step 5800/300  loss=1282.9756
[2026-04-12 14:00:16]         [iDLG] step 5850/300  loss=1290.5446
[2026-04-12 14:00:18]         [iDLG] step 5900/300  loss=1289.8535
[2026-04-12 14:00:21]         [iDLG] step 5950/300  loss=1285.9032
[2026-04-12 14:00:24]         [iDLG] step 6000/300  loss=1289.1335
[2026-04-12 14:00:24]       [none/no-defense] img 1/2 — attack done in 332.6s
[2026-04-12 14:00:24]       [none/no-defense] img 1/2 — PSNR=8.42  SSIM=0.0206  LPIPS=0.6390
[2026-04-12 14:00:24]       [none/no-defense] img 1/2 — images saved.
[2026-04-12 14:00:24]       [none/no-defense] img 2/2 — computing true gradient...
[2026-04-12 14:00:24]       [none/no-defense] img 2/2 — applying defense: none ...
[2026-04-12 14:00:24]       [none/no-defense] img 2/2 — running IDLG attack...
[2026-04-12 14:00:24]         [iDLG] inferred label=8  true label=8
[2026-04-12 14:00:27]         [iDLG] step  50/300  loss=1289.1001
[2026-04-12 14:00:30]         [iDLG] step 100/300  loss=1236.9844
[2026-04-12 14:00:33]         [iDLG] step 150/300  loss=1220.0736
[2026-04-12 14:00:35]         [iDLG] step 200/300  loss=1206.9568
[2026-04-12 14:00:38]         [iDLG] step 250/300  loss=1208.2565
[2026-04-12 14:00:41]         [iDLG] step 300/300  loss=1208.3960
[2026-04-12 14:00:43]         [iDLG] step 350/300  loss=1194.1334
[2026-04-12 14:00:46]         [iDLG] step 400/300  loss=1190.1213
[2026-04-12 14:00:49]         [iDLG] step 450/300  loss=1191.2075
[2026-04-12 14:00:51]         [iDLG] step 500/300  loss=1190.2501
[2026-04-12 14:00:54]         [iDLG] step 550/300  loss=1189.4033
[2026-04-12 14:00:57]         [iDLG] step 600/300  loss=1187.1034
[2026-04-12 14:00:59]         [iDLG] step 650/300  loss=1183.9756
[2026-04-12 14:01:02]         [iDLG] step 700/300  loss=1185.4707
[2026-04-12 14:01:05]         [iDLG] step 750/300  loss=1185.0204
[2026-04-12 14:01:07]         [iDLG] step 800/300  loss=1185.5739
[2026-04-12 14:01:10]         [iDLG] step 850/300  loss=1181.0660
[2026-04-12 14:01:13]         [iDLG] step 900/300  loss=1180.8611
[2026-04-12 14:01:16]         [iDLG] step 950/300  loss=1182.8467
[2026-04-12 14:01:19]         [iDLG] step 1000/300  loss=1184.1250
[2026-04-12 14:01:22]         [iDLG] step 1050/300  loss=1179.7408
[2026-04-12 14:01:24]         [iDLG] step 1100/300  loss=1178.6310
[2026-04-12 14:01:27]         [iDLG] step 1150/300  loss=1179.3647
[2026-04-12 14:01:30]         [iDLG] step 1200/300  loss=1177.6124
[2026-04-12 14:01:33]         [iDLG] step 1250/300  loss=1176.8479
[2026-04-12 14:01:35]         [iDLG] step 1300/300  loss=1176.5394
[2026-04-12 14:01:38]         [iDLG] step 1350/300  loss=1174.9607
[2026-04-12 14:01:41]         [iDLG] step 1400/300  loss=1171.6898
[2026-04-12 14:01:43]         [iDLG] step 1450/300  loss=1175.0383
[2026-04-12 14:01:46]         [iDLG] step 1500/300  loss=1171.2471
[2026-04-12 14:01:49]         [iDLG] step 1550/300  loss=1171.9846
[2026-04-12 14:01:51]         [iDLG] step 1600/300  loss=1172.3562
[2026-04-12 14:01:54]         [iDLG] step 1650/300  loss=1172.9706
[2026-04-12 14:01:57]         [iDLG] step 1700/300  loss=1173.9032
[2026-04-12 14:02:00]         [iDLG] step 1750/300  loss=1174.7512
[2026-04-12 14:02:03]         [iDLG] step 1800/300  loss=1170.8768
[2026-04-12 14:02:05]         [iDLG] step 1850/300  loss=1169.7565
[2026-04-12 14:02:08]         [iDLG] step 1900/300  loss=1171.6382
[2026-04-12 14:02:11]         [iDLG] step 1950/300  loss=1170.8661
[2026-04-12 14:02:14]         [iDLG] step 2000/300  loss=1167.7117
[2026-04-12 14:02:16]         [iDLG] step 2050/300  loss=1170.5605
[2026-04-12 14:02:19]         [iDLG] step 2100/300  loss=1171.1776
[2026-04-12 14:02:22]         [iDLG] step 2150/300  loss=1171.1223
[2026-04-12 14:02:24]         [iDLG] step 2200/300  loss=1170.5223
[2026-04-12 14:02:27]         [iDLG] step 2250/300  loss=1167.2292
[2026-04-12 14:02:30]         [iDLG] step 2300/300  loss=1169.2869
[2026-04-12 14:02:33]         [iDLG] step 2350/300  loss=1168.2550
[2026-04-12 14:02:35]         [iDLG] step 2400/300  loss=1170.4954
[2026-04-12 14:02:38]         [iDLG] step 2450/300  loss=1168.9108
[2026-04-12 14:02:41]         [iDLG] step 2500/300  loss=1170.0779
[2026-04-12 14:02:43]         [iDLG] step 2550/300  loss=1170.5509
[2026-04-12 14:02:46]         [iDLG] step 2600/300  loss=1169.7529
[2026-04-12 14:02:49]         [iDLG] step 2650/300  loss=1169.5920
[2026-04-12 14:02:52]         [iDLG] step 2700/300  loss=1170.0431
[2026-04-12 14:02:54]         [iDLG] step 2750/300  loss=1169.8092
[2026-04-12 14:02:57]         [iDLG] step 2800/300  loss=1170.9100
[2026-04-12 14:03:00]         [iDLG] step 2850/300  loss=1171.0913
[2026-04-12 14:03:03]         [iDLG] step 2900/300  loss=1169.3475
[2026-04-12 14:03:06]         [iDLG] step 2950/300  loss=1168.9432
[2026-04-12 14:03:08]         [iDLG] step 3000/300  loss=1167.2657
[2026-04-12 14:03:11]         [iDLG] step 3050/300  loss=1169.2064
[2026-04-12 14:03:13]         [iDLG] step 3100/300  loss=1169.2332
[2026-04-12 14:03:16]         [iDLG] step 3150/300  loss=1169.4188
[2026-04-12 14:03:19]         [iDLG] step 3200/300  loss=1170.9017
[2026-04-12 14:03:21]         [iDLG] step 3250/300  loss=1169.3040
[2026-04-12 14:03:24]         [iDLG] step 3300/300  loss=1168.0229
[2026-04-12 14:03:27]         [iDLG] step 3350/300  loss=1168.5979
[2026-04-12 14:03:29]         [iDLG] step 3400/300  loss=1167.9835
[2026-04-12 14:03:32]         [iDLG] step 3450/300  loss=1171.1187
[2026-04-12 14:03:35]         [iDLG] step 3500/300  loss=1169.5532
[2026-04-12 14:03:37]         [iDLG] step 3550/300  loss=1168.4287
[2026-04-12 14:03:40]         [iDLG] step 3600/300  loss=1165.6538
[2026-04-12 14:03:43]         [iDLG] step 3650/300  loss=1164.8082
[2026-04-12 14:03:46]         [iDLG] step 3700/300  loss=1166.2715
[2026-04-12 14:03:48]         [iDLG] step 3750/300  loss=1168.7181
[2026-04-12 14:03:51]         [iDLG] step 3800/300  loss=1167.2029
[2026-04-12 14:03:54]         [iDLG] step 3850/300  loss=1166.0826
[2026-04-12 14:03:56]         [iDLG] step 3900/300  loss=1166.9374
[2026-04-12 14:03:59]         [iDLG] step 3950/300  loss=1164.4304
[2026-04-12 14:04:02]         [iDLG] step 4000/300  loss=1167.3071
[2026-04-12 14:04:05]         [iDLG] step 4050/300  loss=1166.0708
[2026-04-12 14:04:08]         [iDLG] step 4100/300  loss=1165.2623
[2026-04-12 14:04:10]         [iDLG] step 4150/300  loss=1166.8003
[2026-04-12 14:04:13]         [iDLG] step 4200/300  loss=1167.8973
[2026-04-12 14:04:16]         [iDLG] step 4250/300  loss=1168.3326
[2026-04-12 14:04:18]         [iDLG] step 4300/300  loss=1168.6256
[2026-04-12 14:04:21]         [iDLG] step 4350/300  loss=1168.8647
[2026-04-12 14:04:24]         [iDLG] step 4400/300  loss=1170.1810
[2026-04-12 14:04:26]         [iDLG] step 4450/300  loss=1169.1346
[2026-04-12 14:04:29]         [iDLG] step 4500/300  loss=1168.1169
[2026-04-12 14:04:32]         [iDLG] step 4550/300  loss=1168.7510
[2026-04-12 14:04:34]         [iDLG] step 4600/300  loss=1171.3402
[2026-04-12 14:04:37]         [iDLG] step 4650/300  loss=1170.5847
[2026-04-12 14:04:39]         [iDLG] step 4700/300  loss=1172.2522
[2026-04-12 14:04:42]         [iDLG] step 4750/300  loss=1170.9045
[2026-04-12 14:04:45]         [iDLG] step 4800/300  loss=1173.6395
[2026-04-12 14:04:48]         [iDLG] step 4850/300  loss=1172.8143
[2026-04-12 14:04:50]         [iDLG] step 4900/300  loss=1168.7996
[2026-04-12 14:04:53]         [iDLG] step 4950/300  loss=1171.0958
[2026-04-12 14:04:56]         [iDLG] step 5000/300  loss=1171.1178
[2026-04-12 14:04:59]         [iDLG] step 5050/300  loss=1170.4565
[2026-04-12 14:05:02]         [iDLG] step 5100/300  loss=1172.1716
[2026-04-12 14:05:05]         [iDLG] step 5150/300  loss=1170.5696
[2026-04-12 14:05:07]         [iDLG] step 5200/300  loss=1168.6390
[2026-04-12 14:05:10]         [iDLG] step 5250/300  loss=1169.9391
[2026-04-12 14:05:13]         [iDLG] step 5300/300  loss=1170.9922
[2026-04-12 14:05:16]         [iDLG] step 5350/300  loss=1168.5103
[2026-04-12 14:05:19]         [iDLG] step 5400/300  loss=1170.0922
[2026-04-12 14:05:22]         [iDLG] step 5450/300  loss=1170.3074
[2026-04-12 14:05:25]         [iDLG] step 5500/300  loss=1171.1494
[2026-04-12 14:05:28]         [iDLG] step 5550/300  loss=1168.5656
[2026-04-12 14:05:30]         [iDLG] step 5600/300  loss=1171.5802
[2026-04-12 14:05:33]         [iDLG] step 5650/300  loss=1171.4348
[2026-04-12 14:05:36]         [iDLG] step 5700/300  loss=1170.5864
[2026-04-12 14:05:38]         [iDLG] step 5750/300  loss=1171.7705
[2026-04-12 14:05:41]         [iDLG] step 5800/300  loss=1169.9442
[2026-04-12 14:05:44]         [iDLG] step 5850/300  loss=1168.4082
[2026-04-12 14:05:46]         [iDLG] step 5900/300  loss=1168.6954
[2026-04-12 14:05:49]         [iDLG] step 5950/300  loss=1170.8131
[2026-04-12 14:05:51]       [none/no-defense] img 2/2 — attack done in 326.7s
[2026-04-12 14:05:51]       [none/no-defense] img 2/2 — PSNR=11.04  SSIM=0.0787  LPIPS=0.6977
[2026-04-12 14:05:51]       [none/no-defense] img 2/2 — images saved.
[2026-04-12 14:05:51]   Condition 1/7 COMPLETE (660.4s)  |  mean PSNR=9.73  mean SSIM=0.0496  mean LPIPS=0.6684
[2026-04-12 14:05:51] 
  ── Condition 2/7: dp/sigma=0.001 ──
[2026-04-12 14:05:51]       [dp/sigma=0.001] img 1/2 — computing true gradient...
[2026-04-12 14:05:51]       [dp/sigma=0.001] img 1/2 — applying defense: dp ...
[2026-04-12 14:05:51]       [dp/sigma=0.001] img 1/2 — running IDLG attack...
[2026-04-12 14:05:51]         [iDLG] inferred label=36  true label=36
[2026-04-12 14:05:54]         [iDLG] step  50/300  loss=2143.5029
[2026-04-12 14:05:57]         [iDLG] step 100/300  loss=2069.4006
[2026-04-12 14:05:59]         [iDLG] step 150/300  loss=2038.1720
[2026-04-12 14:06:02]         [iDLG] step 200/300  loss=2033.7487
[2026-04-12 14:06:05]         [iDLG] step 250/300  loss=2020.7949
[2026-04-12 14:06:08]         [iDLG] step 300/300  loss=2023.9885
[2026-04-12 14:06:10]         [iDLG] step 350/300  loss=2015.9484
[2026-04-12 14:06:13]         [iDLG] step 400/300  loss=2007.6106
[2026-04-12 14:06:16]         [iDLG] step 450/300  loss=2004.8090
[2026-04-12 14:06:18]         [iDLG] step 500/300  loss=1999.6023
[2026-04-12 14:06:21]         [iDLG] step 550/300  loss=1995.9193
[2026-04-12 14:06:24]         [iDLG] step 600/300  loss=1992.5764
[2026-04-12 14:06:27]         [iDLG] step 650/300  loss=1999.0068
[2026-04-12 14:06:29]         [iDLG] step 700/300  loss=1991.3142
[2026-04-12 14:06:32]         [iDLG] step 750/300  loss=1988.0800
[2026-04-12 14:06:35]         [iDLG] step 800/300  loss=1990.0763
[2026-04-12 14:06:38]         [iDLG] step 850/300  loss=1991.4686
[2026-04-12 14:06:41]         [iDLG] step 900/300  loss=1990.6062
[2026-04-12 14:06:44]         [iDLG] step 950/300  loss=1990.9086
[2026-04-12 14:06:46]         [iDLG] step 1000/300  loss=1985.6769
[2026-04-12 14:06:49]         [iDLG] step 1050/300  loss=1984.5448
[2026-04-12 14:06:52]         [iDLG] step 1100/300  loss=1982.9619
[2026-04-12 14:06:55]         [iDLG] step 1150/300  loss=1983.3542
[2026-04-12 14:06:58]         [iDLG] step 1200/300  loss=1982.8988
[2026-04-12 14:07:01]         [iDLG] step 1250/300  loss=1982.1794
[2026-04-12 14:07:03]         [iDLG] step 1300/300  loss=1983.0455
[2026-04-12 14:07:06]         [iDLG] step 1350/300  loss=1975.6769
[2026-04-12 14:07:09]         [iDLG] step 1400/300  loss=1986.3542
[2026-04-12 14:07:12]         [iDLG] step 1450/300  loss=1982.8942
[2026-04-12 14:07:15]         [iDLG] step 1500/300  loss=1975.5155
[2026-04-12 14:07:17]         [iDLG] step 1550/300  loss=1980.6825
[2026-04-12 14:07:20]         [iDLG] step 1600/300  loss=1982.9567
[2026-04-12 14:07:23]         [iDLG] step 1650/300  loss=1974.6482
[2026-04-12 14:07:26]         [iDLG] step 1700/300  loss=1973.4531
[2026-04-12 14:07:29]         [iDLG] step 1750/300  loss=1974.9760
[2026-04-12 14:07:32]         [iDLG] step 1800/300  loss=1976.1317
[2026-04-12 14:07:34]         [iDLG] step 1850/300  loss=1972.7531
[2026-04-12 14:07:37]         [iDLG] step 1900/300  loss=1975.1193
[2026-04-12 14:07:40]         [iDLG] step 1950/300  loss=1972.5094
[2026-04-12 14:07:42]         [iDLG] step 2000/300  loss=1975.0090
[2026-04-12 14:07:45]         [iDLG] step 2050/300  loss=1974.9921
[2026-04-12 14:07:48]         [iDLG] step 2100/300  loss=1976.0496
[2026-04-12 14:07:50]         [iDLG] step 2150/300  loss=1977.6929
[2026-04-12 14:07:53]         [iDLG] step 2200/300  loss=1975.2158
[2026-04-12 14:07:56]         [iDLG] step 2250/300  loss=1974.9791
[2026-04-12 14:07:58]         [iDLG] step 2300/300  loss=1980.5044
[2026-04-12 14:08:01]         [iDLG] step 2350/300  loss=1977.5016
[2026-04-12 14:08:04]         [iDLG] step 2400/300  loss=1981.4619
[2026-04-12 14:08:06]         [iDLG] step 2450/300  loss=1979.6198
[2026-04-12 14:08:09]         [iDLG] step 2500/300  loss=1973.9830
[2026-04-12 14:08:12]         [iDLG] step 2550/300  loss=1975.0764
[2026-04-12 14:08:15]         [iDLG] step 2600/300  loss=1972.8916
[2026-04-12 14:08:17]         [iDLG] step 2650/300  loss=1977.6718
[2026-04-12 14:08:20]         [iDLG] step 2700/300  loss=1974.9323
[2026-04-12 14:08:23]         [iDLG] step 2750/300  loss=1974.8580
[2026-04-12 14:08:25]         [iDLG] step 2800/300  loss=1971.4001
[2026-04-12 14:08:28]         [iDLG] step 2850/300  loss=1974.2542
[2026-04-12 14:08:31]         [iDLG] step 2900/300  loss=1967.0566
[2026-04-12 14:08:34]         [iDLG] step 2950/300  loss=1969.1774
[2026-04-12 14:08:36]         [iDLG] step 3000/300  loss=1973.0939
[2026-04-12 14:08:39]         [iDLG] step 3050/300  loss=1979.3810
[2026-04-12 14:08:42]         [iDLG] step 3100/300  loss=1973.2024
[2026-04-12 14:08:44]         [iDLG] step 3150/300  loss=1969.7281
[2026-04-12 14:08:47]         [iDLG] step 3200/300  loss=1976.9114
[2026-04-12 14:08:50]         [iDLG] step 3250/300  loss=1975.3881
[2026-04-12 14:08:53]         [iDLG] step 3300/300  loss=1973.5052
[2026-04-12 14:08:55]         [iDLG] step 3350/300  loss=1976.9147
[2026-04-12 14:08:58]         [iDLG] step 3400/300  loss=1978.0988
[2026-04-12 14:09:01]         [iDLG] step 3450/300  loss=1975.8860
[2026-04-12 14:09:04]         [iDLG] step 3500/300  loss=1973.7260
[2026-04-12 14:09:06]         [iDLG] step 3550/300  loss=1968.9762
[2026-04-12 14:09:09]         [iDLG] step 3600/300  loss=1976.5934
[2026-04-12 14:09:11]         [iDLG] step 3650/300  loss=1969.3500
[2026-04-12 14:09:14]         [iDLG] step 3700/300  loss=1974.2151
[2026-04-12 14:09:17]         [iDLG] step 3750/300  loss=1975.0020
[2026-04-12 14:09:20]         [iDLG] step 3800/300  loss=1975.4010
[2026-04-12 14:09:22]         [iDLG] step 3850/300  loss=1976.7810
[2026-04-12 14:09:25]         [iDLG] step 3900/300  loss=1979.0435
[2026-04-12 14:09:28]         [iDLG] step 3950/300  loss=1979.6021
[2026-04-12 14:09:30]         [iDLG] step 4000/300  loss=1972.1843
[2026-04-12 14:09:33]         [iDLG] step 4050/300  loss=1979.1649
[2026-04-12 14:09:36]         [iDLG] step 4100/300  loss=1973.4672
[2026-04-12 14:09:38]         [iDLG] step 4150/300  loss=1969.8798
[2026-04-12 14:09:41]         [iDLG] step 4200/300  loss=1968.0430
[2026-04-12 14:09:44]         [iDLG] step 4250/300  loss=1970.4623
[2026-04-12 14:09:46]         [iDLG] step 4300/300  loss=1972.8566
[2026-04-12 14:09:49]         [iDLG] step 4350/300  loss=1975.5493
[2026-04-12 14:09:51]         [iDLG] step 4400/300  loss=1973.3284
[2026-04-12 14:09:54]         [iDLG] step 4450/300  loss=1969.6398
[2026-04-12 14:09:57]         [iDLG] step 4500/300  loss=1967.9772
[2026-04-12 14:09:59]         [iDLG] step 4550/300  loss=1969.6290
[2026-04-12 14:10:02]         [iDLG] step 4600/300  loss=1964.7289
[2026-04-12 14:10:05]         [iDLG] step 4650/300  loss=1968.8346
[2026-04-12 14:10:07]         [iDLG] step 4700/300  loss=1966.0186
[2026-04-12 14:10:10]         [iDLG] step 4750/300  loss=1968.6057
[2026-04-12 14:10:13]         [iDLG] step 4800/300  loss=1969.8116
[2026-04-12 14:10:15]         [iDLG] step 4850/300  loss=1968.9591
[2026-04-12 14:10:18]         [iDLG] step 4900/300  loss=1975.2338
[2026-04-12 14:10:21]         [iDLG] step 4950/300  loss=1972.7355
[2026-04-12 14:10:23]         [iDLG] step 5000/300  loss=1970.7556
[2026-04-12 14:10:26]         [iDLG] step 5050/300  loss=1969.5547
[2026-04-12 14:10:28]         [iDLG] step 5100/300  loss=1973.7211
[2026-04-12 14:10:31]         [iDLG] step 5150/300  loss=1971.4735
[2026-04-12 14:10:34]         [iDLG] step 5200/300  loss=1971.0204
[2026-04-12 14:10:36]         [iDLG] step 5250/300  loss=1966.9266
[2026-04-12 14:10:39]         [iDLG] step 5300/300  loss=1964.3390
[2026-04-12 14:10:42]         [iDLG] step 5350/300  loss=1968.2916
[2026-04-12 14:10:44]         [iDLG] step 5400/300  loss=1970.3354
[2026-04-12 14:10:47]         [iDLG] step 5450/300  loss=1966.1661
[2026-04-12 14:10:50]         [iDLG] step 5500/300  loss=1968.9042
[2026-04-12 14:10:53]         [iDLG] step 5550/300  loss=1969.4628
[2026-04-12 14:10:55]         [iDLG] step 5600/300  loss=1968.9828
[2026-04-12 14:10:58]         [iDLG] step 5650/300  loss=1966.8599
[2026-04-12 14:11:01]         [iDLG] step 5700/300  loss=1970.4415
[2026-04-12 14:11:03]         [iDLG] step 5750/300  loss=1966.8312
[2026-04-12 14:11:06]         [iDLG] step 5800/300  loss=1964.9098
[2026-04-12 14:11:08]         [iDLG] step 5850/300  loss=1971.3627
[2026-04-12 14:11:11]         [iDLG] step 5900/300  loss=1966.8434
[2026-04-12 14:11:14]         [iDLG] step 5950/300  loss=1969.7122
[2026-04-12 14:11:16]         [iDLG] step 6000/300  loss=1969.0175
[2026-04-12 14:11:16]       [dp/sigma=0.001] img 1/2 — attack done in 325.0s
[2026-04-12 14:11:16]       [dp/sigma=0.001] img 1/2 — PSNR=8.30  SSIM=0.0271  LPIPS=0.7701
[2026-04-12 14:11:16]       [dp/sigma=0.001] img 1/2 — images saved.
[2026-04-12 14:11:16]       [dp/sigma=0.001] img 2/2 — computing true gradient...
[2026-04-12 14:11:17]       [dp/sigma=0.001] img 2/2 — applying defense: dp ...
[2026-04-12 14:11:17]       [dp/sigma=0.001] img 2/2 — running IDLG attack...
[2026-04-12 14:11:17]         [iDLG] inferred label=8  true label=8
[2026-04-12 14:11:19]         [iDLG] step  50/300  loss=938.5634
[2026-04-12 14:11:22]         [iDLG] step 100/300  loss=868.6337
[2026-04-12 14:11:25]         [iDLG] step 150/300  loss=856.1397
[2026-04-12 14:11:28]         [iDLG] step 200/300  loss=838.5095
[2026-04-12 14:11:30]         [iDLG] step 250/300  loss=835.1899
[2026-04-12 14:11:33]         [iDLG] step 300/300  loss=829.7158
[2026-04-12 14:11:36]         [iDLG] step 350/300  loss=826.6069
[2026-04-12 14:11:38]         [iDLG] step 400/300  loss=824.7639
[2026-04-12 14:11:41]         [iDLG] step 450/300  loss=822.0532
[2026-04-12 14:11:44]         [iDLG] step 500/300  loss=825.4430
[2026-04-12 14:11:46]         [iDLG] step 550/300  loss=821.9648
[2026-04-12 14:11:49]         [iDLG] step 600/300  loss=823.4138
[2026-04-12 14:11:52]         [iDLG] step 650/300  loss=818.1633
[2026-04-12 14:11:54]         [iDLG] step 700/300  loss=818.4094
[2026-04-12 14:11:57]         [iDLG] step 750/300  loss=818.3168
[2026-04-12 14:12:00]         [iDLG] step 800/300  loss=815.4127
[2026-04-12 14:12:02]         [iDLG] step 850/300  loss=817.7718
[2026-04-12 14:12:05]         [iDLG] step 900/300  loss=813.3632
[2026-04-12 14:12:08]         [iDLG] step 950/300  loss=816.2642
[2026-04-12 14:12:11]         [iDLG] step 1000/300  loss=815.4340
[2026-04-12 14:12:13]         [iDLG] step 1050/300  loss=814.3516
[2026-04-12 14:12:16]         [iDLG] step 1100/300  loss=812.7149
[2026-04-12 14:12:19]         [iDLG] step 1150/300  loss=813.9648
[2026-04-12 14:12:22]         [iDLG] step 1200/300  loss=811.1859
[2026-04-12 14:12:25]         [iDLG] step 1250/300  loss=813.6870
[2026-04-12 14:12:27]         [iDLG] step 1300/300  loss=811.3361
[2026-04-12 14:12:30]         [iDLG] step 1350/300  loss=811.6550
[2026-04-12 14:12:33]         [iDLG] step 1400/300  loss=808.6945
[2026-04-12 14:12:36]         [iDLG] step 1450/300  loss=809.1586
[2026-04-12 14:12:39]         [iDLG] step 1500/300  loss=810.7966
[2026-04-12 14:12:41]         [iDLG] step 1550/300  loss=809.2067
[2026-04-12 14:12:44]         [iDLG] step 1600/300  loss=808.9152
[2026-04-12 14:12:47]         [iDLG] step 1650/300  loss=807.6760
[2026-04-12 14:12:50]         [iDLG] step 1700/300  loss=809.0516
[2026-04-12 14:12:52]         [iDLG] step 1750/300  loss=808.3870
[2026-04-12 14:12:55]         [iDLG] step 1800/300  loss=811.6617
[2026-04-12 14:12:58]         [iDLG] step 1850/300  loss=809.0286
[2026-04-12 14:13:00]         [iDLG] step 1900/300  loss=808.8053
[2026-04-12 14:13:03]         [iDLG] step 1950/300  loss=806.7524
[2026-04-12 14:13:06]         [iDLG] step 2000/300  loss=810.6403
[2026-04-12 14:13:08]         [iDLG] step 2050/300  loss=808.4394
[2026-04-12 14:13:11]         [iDLG] step 2100/300  loss=808.7040
[2026-04-12 14:13:14]         [iDLG] step 2150/300  loss=810.3055
[2026-04-12 14:13:16]         [iDLG] step 2200/300  loss=809.8658
[2026-04-12 14:13:19]         [iDLG] step 2250/300  loss=809.0454
[2026-04-12 14:13:22]         [iDLG] step 2300/300  loss=807.7329
[2026-04-12 14:13:25]         [iDLG] step 2350/300  loss=807.1873
[2026-04-12 14:13:27]         [iDLG] step 2400/300  loss=809.8500
[2026-04-12 14:13:30]         [iDLG] step 2450/300  loss=807.0585
[2026-04-12 14:13:33]         [iDLG] step 2500/300  loss=804.6404
[2026-04-12 14:13:36]         [iDLG] step 2550/300  loss=806.4658
[2026-04-12 14:13:39]         [iDLG] step 2600/300  loss=804.0432
[2026-04-12 14:13:42]         [iDLG] step 2650/300  loss=807.2128
[2026-04-12 14:13:44]         [iDLG] step 2700/300  loss=805.9708
[2026-04-12 14:13:47]         [iDLG] step 2750/300  loss=804.7097
[2026-04-12 14:13:50]         [iDLG] step 2800/300  loss=805.6735
[2026-04-12 14:13:53]         [iDLG] step 2850/300  loss=806.4733
[2026-04-12 14:13:56]         [iDLG] step 2900/300  loss=805.5485
[2026-04-12 14:13:58]         [iDLG] step 2950/300  loss=802.2010
[2026-04-12 14:14:01]         [iDLG] step 3000/300  loss=803.4323
[2026-04-12 14:14:04]         [iDLG] step 3050/300  loss=803.1438
[2026-04-12 14:14:07]         [iDLG] step 3100/300  loss=804.4301
[2026-04-12 14:14:09]         [iDLG] step 3150/300  loss=805.8959
[2026-04-12 14:14:12]         [iDLG] step 3200/300  loss=805.7432
[2026-04-12 14:14:15]         [iDLG] step 3250/300  loss=806.6151
[2026-04-12 14:14:18]         [iDLG] step 3300/300  loss=807.8899
[2026-04-12 14:14:20]         [iDLG] step 3350/300  loss=806.1677
[2026-04-12 14:14:23]         [iDLG] step 3400/300  loss=804.8971
[2026-04-12 14:14:26]         [iDLG] step 3450/300  loss=806.0707
[2026-04-12 14:14:29]         [iDLG] step 3500/300  loss=803.6961
[2026-04-12 14:14:32]         [iDLG] step 3550/300  loss=804.2198
[2026-04-12 14:14:35]         [iDLG] step 3600/300  loss=806.4973
[2026-04-12 14:14:38]         [iDLG] step 3650/300  loss=807.2396
[2026-04-12 14:14:40]         [iDLG] step 3700/300  loss=805.8574
[2026-04-12 14:14:43]         [iDLG] step 3750/300  loss=805.1384
[2026-04-12 14:14:46]         [iDLG] step 3800/300  loss=802.2380
[2026-04-12 14:14:48]         [iDLG] step 3850/300  loss=800.7606
[2026-04-12 14:14:51]         [iDLG] step 3900/300  loss=804.6348
[2026-04-12 14:14:54]         [iDLG] step 3950/300  loss=804.7285
[2026-04-12 14:14:57]         [iDLG] step 4000/300  loss=804.0118
[2026-04-12 14:14:59]         [iDLG] step 4050/300  loss=805.9747
[2026-04-12 14:15:02]         [iDLG] step 4100/300  loss=802.8787
[2026-04-12 14:15:05]         [iDLG] step 4150/300  loss=803.4171
[2026-04-12 14:15:07]         [iDLG] step 4200/300  loss=804.7214
[2026-04-12 14:15:10]         [iDLG] step 4250/300  loss=805.7358
[2026-04-12 14:15:13]         [iDLG] step 4300/300  loss=806.4148
[2026-04-12 14:15:15]         [iDLG] step 4350/300  loss=803.8150
[2026-04-12 14:15:18]         [iDLG] step 4400/300  loss=803.1706
[2026-04-12 14:15:21]         [iDLG] step 4450/300  loss=803.5909
[2026-04-12 14:15:23]         [iDLG] step 4500/300  loss=803.8953
[2026-04-12 14:15:26]         [iDLG] step 4550/300  loss=804.0929
[2026-04-12 14:15:29]         [iDLG] step 4600/300  loss=802.5704
[2026-04-12 14:15:31]         [iDLG] step 4650/300  loss=805.1362
[2026-04-12 14:15:34]         [iDLG] step 4700/300  loss=805.2166
[2026-04-12 14:15:37]         [iDLG] step 4750/300  loss=802.9207
[2026-04-12 14:15:39]         [iDLG] step 4800/300  loss=804.6458
[2026-04-12 14:15:42]         [iDLG] step 4850/300  loss=805.9868
[2026-04-12 14:15:45]         [iDLG] step 4900/300  loss=803.7725
[2026-04-12 14:15:48]         [iDLG] step 4950/300  loss=803.3290
[2026-04-12 14:15:51]         [iDLG] step 5000/300  loss=803.1752
[2026-04-12 14:15:54]         [iDLG] step 5050/300  loss=804.5344
[2026-04-12 14:15:57]         [iDLG] step 5100/300  loss=804.9390
[2026-04-12 14:15:59]         [iDLG] step 5150/300  loss=804.5686
[2026-04-12 14:16:02]         [iDLG] step 5200/300  loss=805.1308
[2026-04-12 14:16:05]         [iDLG] step 5250/300  loss=803.9257
[2026-04-12 14:16:08]         [iDLG] step 5300/300  loss=801.3857
[2026-04-12 14:16:11]         [iDLG] step 5350/300  loss=804.5472
[2026-04-12 14:16:13]         [iDLG] step 5400/300  loss=806.3794
[2026-04-12 14:16:16]         [iDLG] step 5450/300  loss=803.3160
[2026-04-12 14:16:19]         [iDLG] step 5500/300  loss=801.0433
[2026-04-12 14:16:22]         [iDLG] step 5550/300  loss=808.3317
[2026-04-12 14:16:25]         [iDLG] step 5600/300  loss=805.2727
[2026-04-12 14:16:27]         [iDLG] step 5650/300  loss=805.4332
[2026-04-12 14:16:30]         [iDLG] step 5700/300  loss=806.7084
[2026-04-12 14:16:33]         [iDLG] step 5750/300  loss=806.6824
[2026-04-12 14:16:36]         [iDLG] step 5800/300  loss=803.7426
[2026-04-12 14:16:39]         [iDLG] step 5850/300  loss=807.6305
[2026-04-12 14:16:41]         [iDLG] step 5900/300  loss=803.0282
[2026-04-12 14:16:44]         [iDLG] step 5950/300  loss=804.1075
[2026-04-12 14:16:47]       [dp/sigma=0.001] img 2/2 — attack done in 330.3s
[2026-04-12 14:16:47]       [dp/sigma=0.001] img 2/2 — PSNR=9.67  SSIM=0.0692  LPIPS=0.7100
[2026-04-12 14:16:47]       [dp/sigma=0.001] img 2/2 — images saved.
[2026-04-12 14:16:47]   Condition 2/7 COMPLETE (655.9s)  |  mean PSNR=8.98  mean SSIM=0.0481  mean LPIPS=0.7400
[2026-04-12 14:16:47] 
  ── Condition 3/7: dp/sigma=0.01 ──
[2026-04-12 14:16:47]       [dp/sigma=0.01] img 1/2 — computing true gradient...
[2026-04-12 14:16:47]       [dp/sigma=0.01] img 1/2 — applying defense: dp ...
[2026-04-12 14:16:47]       [dp/sigma=0.01] img 1/2 — running IDLG attack...
[2026-04-12 14:16:47]         [iDLG] inferred label=36  true label=36
[2026-04-12 14:16:50]         [iDLG] step  50/300  loss=3181.4480
[2026-04-12 14:16:53]         [iDLG] step 100/300  loss=3117.3796
[2026-04-12 14:16:55]         [iDLG] step 150/300  loss=3089.2925
[2026-04-12 14:16:58]         [iDLG] step 200/300  loss=3073.6147
[2026-04-12 14:17:01]         [iDLG] step 250/300  loss=3064.9426
[2026-04-12 14:17:04]         [iDLG] step 300/300  loss=3054.1514
[2026-04-12 14:17:07]         [iDLG] step 350/300  loss=3060.9683
[2026-04-12 14:17:09]         [iDLG] step 400/300  loss=3047.8496
[2026-04-12 14:17:12]         [iDLG] step 450/300  loss=3035.7888
[2026-04-12 14:17:15]         [iDLG] step 500/300  loss=3039.5212
[2026-04-12 14:17:17]         [iDLG] step 550/300  loss=3038.5210
[2026-04-12 14:17:20]         [iDLG] step 600/300  loss=3031.7239
[2026-04-12 14:17:23]         [iDLG] step 650/300  loss=3028.0557
[2026-04-12 14:17:26]         [iDLG] step 700/300  loss=3028.4417
[2026-04-12 14:17:28]         [iDLG] step 750/300  loss=3035.5945
[2026-04-12 14:17:31]         [iDLG] step 800/300  loss=3026.2227
[2026-04-12 14:17:34]         [iDLG] step 850/300  loss=3025.7109
[2026-04-12 14:17:36]         [iDLG] step 900/300  loss=3023.7993
[2026-04-12 14:17:39]         [iDLG] step 950/300  loss=3025.1743
[2026-04-12 14:17:42]         [iDLG] step 1000/300  loss=3016.4731
[2026-04-12 14:17:45]         [iDLG] step 1050/300  loss=3022.2832
[2026-04-12 14:17:48]         [iDLG] step 1100/300  loss=3017.7163
[2026-04-12 14:17:50]         [iDLG] step 1150/300  loss=3018.2971
[2026-04-12 14:17:53]         [iDLG] step 1200/300  loss=3014.8274
[2026-04-12 14:17:56]         [iDLG] step 1250/300  loss=3015.6111
[2026-04-12 14:17:59]         [iDLG] step 1300/300  loss=3010.9102
[2026-04-12 14:18:02]         [iDLG] step 1350/300  loss=3015.5085
[2026-04-12 14:18:05]         [iDLG] step 1400/300  loss=3015.9824
[2026-04-12 14:18:08]         [iDLG] step 1450/300  loss=3019.0117
[2026-04-12 14:18:11]         [iDLG] step 1500/300  loss=3010.7942
[2026-04-12 14:18:14]         [iDLG] step 1550/300  loss=3007.6855
[2026-04-12 14:18:17]         [iDLG] step 1600/300  loss=3012.4058
[2026-04-12 14:18:20]         [iDLG] step 1650/300  loss=3008.5022
[2026-04-12 14:18:22]         [iDLG] step 1700/300  loss=3010.7812
[2026-04-12 14:18:25]         [iDLG] step 1750/300  loss=3009.4851
[2026-04-12 14:18:28]         [iDLG] step 1800/300  loss=3009.5635
[2026-04-12 14:18:32]         [iDLG] step 1850/300  loss=3006.3254
[2026-04-12 14:18:34]         [iDLG] step 1900/300  loss=3004.1899
[2026-04-12 14:18:37]         [iDLG] step 1950/300  loss=3011.1597
[2026-04-12 14:18:40]         [iDLG] step 2000/300  loss=3009.7231
[2026-04-12 14:18:42]         [iDLG] step 2050/300  loss=3002.5171
[2026-04-12 14:18:45]         [iDLG] step 2100/300  loss=3003.0791
[2026-04-12 14:18:48]         [iDLG] step 2150/300  loss=3001.6860
[2026-04-12 14:18:51]         [iDLG] step 2200/300  loss=3005.7256
[2026-04-12 14:18:53]         [iDLG] step 2250/300  loss=2999.7603
[2026-04-12 14:18:56]         [iDLG] step 2300/300  loss=3001.6194
[2026-04-12 14:18:59]         [iDLG] step 2350/300  loss=3005.8638
[2026-04-12 14:19:02]         [iDLG] step 2400/300  loss=3003.4326
[2026-04-12 14:19:04]         [iDLG] step 2450/300  loss=3006.1938
[2026-04-12 14:19:07]         [iDLG] step 2500/300  loss=3003.2515
[2026-04-12 14:19:10]         [iDLG] step 2550/300  loss=3002.7427
[2026-04-12 14:19:13]         [iDLG] step 2600/300  loss=3000.6968
[2026-04-12 14:19:16]         [iDLG] step 2650/300  loss=3000.4902
[2026-04-12 14:19:19]         [iDLG] step 2700/300  loss=2996.2983
[2026-04-12 14:19:22]         [iDLG] step 2750/300  loss=2998.2703
[2026-04-12 14:19:25]         [iDLG] step 2800/300  loss=2999.7747
[2026-04-12 14:19:28]         [iDLG] step 2850/300  loss=2997.2449
[2026-04-12 14:19:30]         [iDLG] step 2900/300  loss=3001.2876
[2026-04-12 14:19:33]         [iDLG] step 2950/300  loss=2997.5037
[2026-04-12 14:19:36]         [iDLG] step 3000/300  loss=3000.0361
[2026-04-12 14:19:39]         [iDLG] step 3050/300  loss=3000.6211
[2026-04-12 14:19:41]         [iDLG] step 3100/300  loss=2999.9709
[2026-04-12 14:19:44]         [iDLG] step 3150/300  loss=2998.2839
[2026-04-12 14:19:47]         [iDLG] step 3200/300  loss=3006.4807
[2026-04-12 14:19:50]         [iDLG] step 3250/300  loss=2998.6438
[2026-04-12 14:19:53]         [iDLG] step 3300/300  loss=2998.9333
[2026-04-12 14:19:56]         [iDLG] step 3350/300  loss=3003.2451
[2026-04-12 14:19:58]         [iDLG] step 3400/300  loss=3005.2024
[2026-04-12 14:20:01]         [iDLG] step 3450/300  loss=2995.2666
[2026-04-12 14:20:04]         [iDLG] step 3500/300  loss=2998.0029
[2026-04-12 14:20:07]         [iDLG] step 3550/300  loss=2996.8743
[2026-04-12 14:20:10]         [iDLG] step 3600/300  loss=2998.0801
[2026-04-12 14:20:12]         [iDLG] step 3650/300  loss=3000.6682
[2026-04-12 14:20:15]         [iDLG] step 3700/300  loss=3002.6448
[2026-04-12 14:20:18]         [iDLG] step 3750/300  loss=3003.6804
[2026-04-12 14:20:20]         [iDLG] step 3800/300  loss=2992.7874
[2026-04-12 14:20:23]         [iDLG] step 3850/300  loss=2994.8921
[2026-04-12 14:20:26]         [iDLG] step 3900/300  loss=2992.7217
[2026-04-12 14:20:29]         [iDLG] step 3950/300  loss=2987.9304
[2026-04-12 14:20:31]         [iDLG] step 4000/300  loss=2988.8789
[2026-04-12 14:20:34]         [iDLG] step 4050/300  loss=2991.8271
[2026-04-12 14:20:37]         [iDLG] step 4100/300  loss=2992.3955
[2026-04-12 14:20:39]         [iDLG] step 4150/300  loss=2988.0393
[2026-04-12 14:20:42]         [iDLG] step 4200/300  loss=2991.0767
[2026-04-12 14:20:45]         [iDLG] step 4250/300  loss=2990.9519
[2026-04-12 14:20:48]         [iDLG] step 4300/300  loss=2995.2688
[2026-04-12 14:20:51]         [iDLG] step 4350/300  loss=2987.1426
[2026-04-12 14:20:53]         [iDLG] step 4400/300  loss=2987.4973
[2026-04-12 14:20:56]         [iDLG] step 4450/300  loss=2992.1089
[2026-04-12 14:20:58]         [iDLG] step 4500/300  loss=2983.4995
[2026-04-12 14:21:01]         [iDLG] step 4550/300  loss=2987.8494
[2026-04-12 14:21:04]         [iDLG] step 4600/300  loss=2992.7644
[2026-04-12 14:21:07]         [iDLG] step 4650/300  loss=2989.0132
[2026-04-12 14:21:09]         [iDLG] step 4700/300  loss=2986.9609
[2026-04-12 14:21:12]         [iDLG] step 4750/300  loss=2988.6052
[2026-04-12 14:21:15]         [iDLG] step 4800/300  loss=2991.2942
[2026-04-12 14:21:18]         [iDLG] step 4850/300  loss=2992.0735
[2026-04-12 14:21:21]         [iDLG] step 4900/300  loss=2997.2666
[2026-04-12 14:21:24]         [iDLG] step 4950/300  loss=2991.7908
[2026-04-12 14:21:27]         [iDLG] step 5000/300  loss=2989.5032
[2026-04-12 14:21:29]         [iDLG] step 5050/300  loss=2993.6433
[2026-04-12 14:21:32]         [iDLG] step 5100/300  loss=2990.9854
[2026-04-12 14:21:35]         [iDLG] step 5150/300  loss=2989.0979
[2026-04-12 14:21:38]         [iDLG] step 5200/300  loss=2987.0283
[2026-04-12 14:21:41]         [iDLG] step 5250/300  loss=2985.8330
[2026-04-12 14:21:43]         [iDLG] step 5300/300  loss=2991.5122
[2026-04-12 14:21:46]         [iDLG] step 5350/300  loss=2991.0205
[2026-04-12 14:21:49]         [iDLG] step 5400/300  loss=2987.0854
[2026-04-12 14:21:52]         [iDLG] step 5450/300  loss=2990.5574
[2026-04-12 14:21:54]         [iDLG] step 5500/300  loss=2990.4932
[2026-04-12 14:21:57]         [iDLG] step 5550/300  loss=2989.5166
[2026-04-12 14:22:00]         [iDLG] step 5600/300  loss=2988.7893
[2026-04-12 14:22:02]         [iDLG] step 5650/300  loss=2992.8975
[2026-04-12 14:22:05]         [iDLG] step 5700/300  loss=2992.4968
[2026-04-12 14:22:07]         [iDLG] step 5750/300  loss=2992.6479
[2026-04-12 14:22:10]         [iDLG] step 5800/300  loss=2995.6348
[2026-04-12 14:22:13]         [iDLG] step 5850/300  loss=2996.0898
[2026-04-12 14:22:15]         [iDLG] step 5900/300  loss=2986.6443
[2026-04-12 14:22:18]         [iDLG] step 5950/300  loss=2991.5303
[2026-04-12 14:22:20]         [iDLG] step 6000/300  loss=2992.8938
[2026-04-12 14:22:20]       [dp/sigma=0.01] img 1/2 — attack done in 333.3s
[2026-04-12 14:22:20]       [dp/sigma=0.01] img 1/2 — PSNR=7.82  SSIM=0.0293  LPIPS=0.7384
[2026-04-12 14:22:20]       [dp/sigma=0.01] img 1/2 — images saved.
[2026-04-12 14:22:21]       [dp/sigma=0.01] img 2/2 — computing true gradient...
[2026-04-12 14:22:21]       [dp/sigma=0.01] img 2/2 — applying defense: dp ...
[2026-04-12 14:22:21]       [dp/sigma=0.01] img 2/2 — running IDLG attack...
[2026-04-12 14:22:21]         [iDLG] inferred label=8  true label=8
[2026-04-12 14:22:23]         [iDLG] step  50/300  loss=4411.5620
[2026-04-12 14:22:26]         [iDLG] step 100/300  loss=4352.7793
[2026-04-12 14:22:29]         [iDLG] step 150/300  loss=4329.3018
[2026-04-12 14:22:32]         [iDLG] step 200/300  loss=4309.1709
[2026-04-12 14:22:34]         [iDLG] step 250/300  loss=4295.0493
[2026-04-12 14:22:37]         [iDLG] step 300/300  loss=4284.1968
[2026-04-12 14:22:40]         [iDLG] step 350/300  loss=4276.2798
[2026-04-12 14:22:43]         [iDLG] step 400/300  loss=4266.3867
[2026-04-12 14:22:46]         [iDLG] step 450/300  loss=4260.9253
[2026-04-12 14:22:49]         [iDLG] step 500/300  loss=4259.2842
[2026-04-12 14:22:52]         [iDLG] step 550/300  loss=4250.2021
[2026-04-12 14:22:54]         [iDLG] step 600/300  loss=4248.2729
[2026-04-12 14:22:57]         [iDLG] step 650/300  loss=4249.2246
[2026-04-12 14:23:00]         [iDLG] step 700/300  loss=4244.5732
[2026-04-12 14:23:03]         [iDLG] step 750/300  loss=4243.8081
[2026-04-12 14:23:05]         [iDLG] step 800/300  loss=4235.1665
[2026-04-12 14:23:08]         [iDLG] step 850/300  loss=4243.5864
[2026-04-12 14:23:11]         [iDLG] step 900/300  loss=4237.1802
[2026-04-12 14:23:14]         [iDLG] step 950/300  loss=4231.1353
[2026-04-12 14:23:17]         [iDLG] step 1000/300  loss=4237.0396
[2026-04-12 14:23:20]         [iDLG] step 1050/300  loss=4231.5728
[2026-04-12 14:23:22]         [iDLG] step 1100/300  loss=4223.3105
[2026-04-12 14:23:25]         [iDLG] step 1150/300  loss=4228.9336
[2026-04-12 14:23:27]         [iDLG] step 1200/300  loss=4228.6572
[2026-04-12 14:23:30]         [iDLG] step 1250/300  loss=4228.8892
[2026-04-12 14:23:33]         [iDLG] step 1300/300  loss=4229.3154
[2026-04-12 14:23:36]         [iDLG] step 1350/300  loss=4231.3975
[2026-04-12 14:23:38]         [iDLG] step 1400/300  loss=4236.7266
[2026-04-12 14:23:41]         [iDLG] step 1450/300  loss=4233.9346
[2026-04-12 14:23:43]         [iDLG] step 1500/300  loss=4233.0601
[2026-04-12 14:23:46]         [iDLG] step 1550/300  loss=4227.1299
[2026-04-12 14:23:49]         [iDLG] step 1600/300  loss=4225.4312
[2026-04-12 14:23:51]         [iDLG] step 1650/300  loss=4215.7700
[2026-04-12 14:23:54]         [iDLG] step 1700/300  loss=4219.1719
[2026-04-12 14:23:57]         [iDLG] step 1750/300  loss=4216.1333
[2026-04-12 14:23:59]         [iDLG] step 1800/300  loss=4213.3188
[2026-04-12 14:24:02]         [iDLG] step 1850/300  loss=4213.7017
[2026-04-12 14:24:05]         [iDLG] step 1900/300  loss=4211.9854
[2026-04-12 14:24:08]         [iDLG] step 1950/300  loss=4214.9873
[2026-04-12 14:24:11]         [iDLG] step 2000/300  loss=4210.4883
[2026-04-12 14:24:14]         [iDLG] step 2050/300  loss=4216.2007
[2026-04-12 14:24:17]         [iDLG] step 2100/300  loss=4214.4727
[2026-04-12 14:24:19]         [iDLG] step 2150/300  loss=4213.4854
[2026-04-12 14:24:22]         [iDLG] step 2200/300  loss=4214.9673
[2026-04-12 14:24:25]         [iDLG] step 2250/300  loss=4211.1069
[2026-04-12 14:24:28]         [iDLG] step 2300/300  loss=4205.8501
[2026-04-12 14:24:31]         [iDLG] step 2350/300  loss=4212.1011
[2026-04-12 14:24:34]         [iDLG] step 2400/300  loss=4211.5605
[2026-04-12 14:24:36]         [iDLG] step 2450/300  loss=4207.4453
[2026-04-12 14:24:39]         [iDLG] step 2500/300  loss=4214.4917
[2026-04-12 14:24:42]         [iDLG] step 2550/300  loss=4202.7817
[2026-04-12 14:24:45]         [iDLG] step 2600/300  loss=4207.2969
[2026-04-12 14:24:48]         [iDLG] step 2650/300  loss=4208.0557
[2026-04-12 14:24:50]         [iDLG] step 2700/300  loss=4208.3452
[2026-04-12 14:24:53]         [iDLG] step 2750/300  loss=4204.4980
[2026-04-12 14:24:56]         [iDLG] step 2800/300  loss=4205.4160
[2026-04-12 14:24:58]         [iDLG] step 2850/300  loss=4206.1396
[2026-04-12 14:25:01]         [iDLG] step 2900/300  loss=4203.0244
[2026-04-12 14:25:04]         [iDLG] step 2950/300  loss=4207.2466
[2026-04-12 14:25:06]         [iDLG] step 3000/300  loss=4198.8848
[2026-04-12 14:25:09]         [iDLG] step 3050/300  loss=4205.2222
[2026-04-12 14:25:12]         [iDLG] step 3100/300  loss=4197.9932
[2026-04-12 14:25:15]         [iDLG] step 3150/300  loss=4196.7871
[2026-04-12 14:25:17]         [iDLG] step 3200/300  loss=4196.3730
[2026-04-12 14:25:20]         [iDLG] step 3250/300  loss=4193.2881
[2026-04-12 14:25:22]         [iDLG] step 3300/300  loss=4195.5698
[2026-04-12 14:25:25]         [iDLG] step 3350/300  loss=4198.1875
[2026-04-12 14:25:28]         [iDLG] step 3400/300  loss=4199.3022
[2026-04-12 14:25:30]         [iDLG] step 3450/300  loss=4197.7803
[2026-04-12 14:25:33]         [iDLG] step 3500/300  loss=4204.9512
[2026-04-12 14:25:36]         [iDLG] step 3550/300  loss=4197.0605
[2026-04-12 14:25:39]         [iDLG] step 3600/300  loss=4198.8037
[2026-04-12 14:25:41]         [iDLG] step 3650/300  loss=4205.7847
[2026-04-12 14:25:44]         [iDLG] step 3700/300  loss=4202.6582
[2026-04-12 14:25:47]         [iDLG] step 3750/300  loss=4196.5156
[2026-04-12 14:25:49]         [iDLG] step 3800/300  loss=4200.2671
[2026-04-12 14:25:52]         [iDLG] step 3850/300  loss=4201.6797
[2026-04-12 14:25:55]         [iDLG] step 3900/300  loss=4195.1743
[2026-04-12 14:25:58]         [iDLG] step 3950/300  loss=4210.0923
[2026-04-12 14:26:01]         [iDLG] step 4000/300  loss=4199.0498
[2026-04-12 14:26:04]         [iDLG] step 4050/300  loss=4196.1719
[2026-04-12 14:26:06]         [iDLG] step 4100/300  loss=4200.7559
[2026-04-12 14:26:09]         [iDLG] step 4150/300  loss=4202.6377
[2026-04-12 14:26:12]         [iDLG] step 4200/300  loss=4201.0361
[2026-04-12 14:26:15]         [iDLG] step 4250/300  loss=4198.2329
[2026-04-12 14:26:18]         [iDLG] step 4300/300  loss=4200.5708
[2026-04-12 14:26:21]         [iDLG] step 4350/300  loss=4205.4443
[2026-04-12 14:26:24]         [iDLG] step 4400/300  loss=4199.5176
[2026-04-12 14:26:27]         [iDLG] step 4450/300  loss=4200.9829
[2026-04-12 14:26:30]         [iDLG] step 4500/300  loss=4198.8389
[2026-04-12 14:26:34]         [iDLG] step 4550/300  loss=4196.1255
[2026-04-12 14:26:37]         [iDLG] step 4600/300  loss=4200.0137
[2026-04-12 14:26:40]         [iDLG] step 4650/300  loss=4215.2666
[2026-04-12 14:26:43]         [iDLG] step 4700/300  loss=4198.0938
[2026-04-12 14:26:46]         [iDLG] step 4750/300  loss=4197.2134
[2026-04-12 14:26:49]         [iDLG] step 4800/300  loss=4199.6597
[2026-04-12 14:26:52]         [iDLG] step 4850/300  loss=4206.3267
[2026-04-12 14:26:55]         [iDLG] step 4900/300  loss=4204.1450
[2026-04-12 14:26:58]         [iDLG] step 4950/300  loss=4197.5591
[2026-04-12 14:27:01]         [iDLG] step 5000/300  loss=4201.1636
[2026-04-12 14:27:04]         [iDLG] step 5050/300  loss=4206.4692
[2026-04-12 14:27:06]         [iDLG] step 5100/300  loss=4199.4883
[2026-04-12 14:27:09]         [iDLG] step 5150/300  loss=4207.7974
[2026-04-12 14:27:12]         [iDLG] step 5200/300  loss=4196.4834
[2026-04-12 14:27:15]         [iDLG] step 5250/300  loss=4199.0928
[2026-04-12 14:27:18]         [iDLG] step 5300/300  loss=4198.8008
[2026-04-12 14:27:21]         [iDLG] step 5350/300  loss=4238.3989
[2026-04-12 14:27:24]         [iDLG] step 5400/300  loss=4223.1294
[2026-04-12 14:27:27]         [iDLG] step 5450/300  loss=4221.8193
[2026-04-12 14:27:29]         [iDLG] step 5500/300  loss=4214.7637
[2026-04-12 14:27:32]         [iDLG] step 5550/300  loss=4215.2651
[2026-04-12 14:27:35]         [iDLG] step 5600/300  loss=4211.0220
[2026-04-12 14:27:38]         [iDLG] step 5650/300  loss=4216.8955
[2026-04-12 14:27:41]         [iDLG] step 5700/300  loss=4209.6699
[2026-04-12 14:27:44]         [iDLG] step 5750/300  loss=4210.1582
[2026-04-12 14:27:47]         [iDLG] step 5800/300  loss=4208.4482
[2026-04-12 14:27:50]         [iDLG] step 5850/300  loss=4209.2065
[2026-04-12 14:27:52]         [iDLG] step 5900/300  loss=4209.2246
[2026-04-12 14:27:55]         [iDLG] step 5950/300  loss=4205.7886
[2026-04-12 14:27:58]         [iDLG] step 6000/300  loss=4206.9214
[2026-04-12 14:27:58]       [dp/sigma=0.01] img 2/2 — attack done in 336.9s
[2026-04-12 14:27:58]       [dp/sigma=0.01] img 2/2 — PSNR=9.50  SSIM=0.0206  LPIPS=0.7015
[2026-04-12 14:27:58]       [dp/sigma=0.01] img 2/2 — images saved.
[2026-04-12 14:27:58]   Condition 3/7 COMPLETE (670.9s)  |  mean PSNR=8.66  mean SSIM=0.0250  mean LPIPS=0.7199
[2026-04-12 14:27:58] 
  ── Condition 4/7: lcn/alpha=1.1 ──
[2026-04-12 14:27:58]       [lcn] img 1 — simulating prev round (t-1)...
[2026-04-12 14:27:58]       [lcn/alpha=1.1] img 1/2 — computing true gradient...
[2026-04-12 14:27:58]       [lcn/alpha=1.1] img 1/2 — applying defense: lcn ...
[2026-04-12 14:27:58]       [lcn/alpha=1.1] img 1/2 — running IDLG attack...
[2026-04-12 14:27:58]         [iDLG] inferred label=36  true label=36
[2026-04-12 14:28:01]         [iDLG] step  50/300  loss=4992.6846
[2026-04-12 14:28:04]         [iDLG] step 100/300  loss=4876.3574
[2026-04-12 14:28:06]         [iDLG] step 150/300  loss=4843.8223
[2026-04-12 14:28:09]         [iDLG] step 200/300  loss=4806.5859
[2026-04-12 14:28:12]         [iDLG] step 250/300  loss=4789.0171
[2026-04-12 14:28:15]         [iDLG] step 300/300  loss=4793.6235
[2026-04-12 14:28:18]         [iDLG] step 350/300  loss=4760.7388
[2026-04-12 14:28:21]         [iDLG] step 400/300  loss=4761.9351
[2026-04-12 14:28:24]         [iDLG] step 450/300  loss=4748.4600
[2026-04-12 14:28:27]         [iDLG] step 500/300  loss=4737.5327
[2026-04-12 14:28:29]         [iDLG] step 550/300  loss=4742.6475
[2026-04-12 14:28:32]         [iDLG] step 600/300  loss=4733.1240
[2026-04-12 14:28:35]         [iDLG] step 650/300  loss=4754.5010
[2026-04-12 14:28:38]         [iDLG] step 700/300  loss=4729.8687
[2026-04-12 14:28:41]         [iDLG] step 750/300  loss=4718.9321
[2026-04-12 14:28:44]         [iDLG] step 800/300  loss=4729.5918
[2026-04-12 14:28:46]         [iDLG] step 850/300  loss=4731.3506
[2026-04-12 14:28:49]         [iDLG] step 900/300  loss=4710.2476
[2026-04-12 14:28:52]         [iDLG] step 950/300  loss=4722.8442
[2026-04-12 14:28:55]         [iDLG] step 1000/300  loss=4724.0376
[2026-04-12 14:28:57]         [iDLG] step 1050/300  loss=4701.5225
[2026-04-12 14:29:00]         [iDLG] step 1100/300  loss=4702.2612
[2026-04-12 14:29:03]         [iDLG] step 1150/300  loss=4704.1831
[2026-04-12 14:29:06]         [iDLG] step 1200/300  loss=4698.7817
[2026-04-12 14:29:08]         [iDLG] step 1250/300  loss=4713.8472
[2026-04-12 14:29:11]         [iDLG] step 1300/300  loss=4692.5029
[2026-04-12 14:29:14]         [iDLG] step 1350/300  loss=4692.9844
[2026-04-12 14:29:17]         [iDLG] step 1400/300  loss=4687.1587
[2026-04-12 14:29:20]         [iDLG] step 1450/300  loss=4690.2153
[2026-04-12 14:29:22]         [iDLG] step 1500/300  loss=4699.9653
[2026-04-12 14:29:25]         [iDLG] step 1550/300  loss=4687.4717
[2026-04-12 14:29:28]         [iDLG] step 1600/300  loss=4697.3452
[2026-04-12 14:29:31]         [iDLG] step 1650/300  loss=4670.1748
[2026-04-12 14:29:33]         [iDLG] step 1700/300  loss=4670.8276
[2026-04-12 14:29:36]         [iDLG] step 1750/300  loss=4679.7588
[2026-04-12 14:29:39]         [iDLG] step 1800/300  loss=4667.8486
[2026-04-12 14:29:41]         [iDLG] step 1850/300  loss=4658.7729
[2026-04-12 14:29:44]         [iDLG] step 1900/300  loss=4648.9712
[2026-04-12 14:29:47]         [iDLG] step 1950/300  loss=4640.3345
[2026-04-12 14:29:49]         [iDLG] step 2000/300  loss=4653.5381
[2026-04-12 14:29:52]         [iDLG] step 2050/300  loss=4654.3833
[2026-04-12 14:29:55]         [iDLG] step 2100/300  loss=4650.5342
[2026-04-12 14:29:57]         [iDLG] step 2150/300  loss=4648.7524
[2026-04-12 14:30:00]         [iDLG] step 2200/300  loss=4663.2563
[2026-04-12 14:30:03]         [iDLG] step 2250/300  loss=4652.1685
[2026-04-12 14:30:05]         [iDLG] step 2300/300  loss=4630.3926
[2026-04-12 14:30:08]         [iDLG] step 2350/300  loss=4625.8608
[2026-04-12 14:30:11]         [iDLG] step 2400/300  loss=4631.4653
[2026-04-12 14:30:14]         [iDLG] step 2450/300  loss=4641.6343
[2026-04-12 14:30:16]         [iDLG] step 2500/300  loss=4627.7139
[2026-04-12 14:30:19]         [iDLG] step 2550/300  loss=4631.7534
[2026-04-12 14:30:22]         [iDLG] step 2600/300  loss=4634.8501
[2026-04-12 14:30:24]         [iDLG] step 2650/300  loss=4625.3560
[2026-04-12 14:30:27]         [iDLG] step 2700/300  loss=4639.1685
[2026-04-12 14:30:30]         [iDLG] step 2750/300  loss=4632.2056
[2026-04-12 14:30:33]         [iDLG] step 2800/300  loss=4622.8760
[2026-04-12 14:30:35]         [iDLG] step 2850/300  loss=4621.5161
[2026-04-12 14:30:38]         [iDLG] step 2900/300  loss=5144.7363
[2026-04-12 14:30:41]         [iDLG] step 2950/300  loss=4834.8037
[2026-04-12 14:30:44]         [iDLG] step 3000/300  loss=4782.9541
[2026-04-12 14:30:46]         [iDLG] step 3050/300  loss=4747.7183
[2026-04-12 14:30:49]         [iDLG] step 3100/300  loss=4746.4287
[2026-04-12 14:30:52]         [iDLG] step 3150/300  loss=4748.5181
[2026-04-12 14:30:55]         [iDLG] step 3200/300  loss=4724.4106
[2026-04-12 14:30:58]         [iDLG] step 3250/300  loss=4718.4556
[2026-04-12 14:31:01]         [iDLG] step 3300/300  loss=4699.5684
[2026-04-12 14:31:04]         [iDLG] step 3350/300  loss=4700.8110
[2026-04-12 14:31:06]         [iDLG] step 3400/300  loss=4685.6377
[2026-04-12 14:31:09]         [iDLG] step 3450/300  loss=4670.2954
[2026-04-12 14:31:12]         [iDLG] step 3500/300  loss=4682.6064
[2026-04-12 14:31:15]         [iDLG] step 3550/300  loss=4670.4946
[2026-04-12 14:31:18]         [iDLG] step 3600/300  loss=4671.5601
[2026-04-12 14:31:21]         [iDLG] step 3650/300  loss=4664.1021
[2026-04-12 14:31:24]         [iDLG] step 3700/300  loss=4669.8726
[2026-04-12 14:31:26]         [iDLG] step 3750/300  loss=4668.0703
[2026-04-12 14:31:29]         [iDLG] step 3800/300  loss=4669.5483
[2026-04-12 14:31:32]         [iDLG] step 3850/300  loss=4673.4863
[2026-04-12 14:31:34]         [iDLG] step 3900/300  loss=4666.0469
[2026-04-12 14:31:37]         [iDLG] step 3950/300  loss=4661.2900
[2026-04-12 14:31:40]         [iDLG] step 4000/300  loss=4646.7451
[2026-04-12 14:31:43]         [iDLG] step 4050/300  loss=4640.7671
[2026-04-12 14:31:45]         [iDLG] step 4100/300  loss=4651.9458
[2026-04-12 14:31:48]         [iDLG] step 4150/300  loss=4658.9478
[2026-04-12 14:31:51]         [iDLG] step 4200/300  loss=4658.4380
[2026-04-12 14:31:53]         [iDLG] step 4250/300  loss=4663.9009
[2026-04-12 14:31:56]         [iDLG] step 4300/300  loss=4646.4780
[2026-04-12 14:31:59]         [iDLG] step 4350/300  loss=4649.7729
[2026-04-12 14:32:02]         [iDLG] step 4400/300  loss=4655.0303
[2026-04-12 14:32:05]         [iDLG] step 4450/300  loss=4655.3364
[2026-04-12 14:32:07]         [iDLG] step 4500/300  loss=4678.4810
[2026-04-12 14:32:10]         [iDLG] step 4550/300  loss=4640.0596
[2026-04-12 14:32:13]         [iDLG] step 4600/300  loss=4642.1704
[2026-04-12 14:32:16]         [iDLG] step 4650/300  loss=4654.0015
[2026-04-12 14:32:19]         [iDLG] step 4700/300  loss=4656.4692
[2026-04-12 14:32:22]         [iDLG] step 4750/300  loss=4661.4106
[2026-04-12 14:32:25]         [iDLG] step 4800/300  loss=4652.1880
[2026-04-12 14:32:28]         [iDLG] step 4850/300  loss=4667.8838
[2026-04-12 14:32:30]         [iDLG] step 4900/300  loss=4648.7466
[2026-04-12 14:32:33]         [iDLG] step 4950/300  loss=4658.1304
[2026-04-12 14:32:36]         [iDLG] step 5000/300  loss=4760.6318
[2026-04-12 14:32:39]         [iDLG] step 5050/300  loss=4678.3320
[2026-04-12 14:32:42]         [iDLG] step 5100/300  loss=4676.3169
[2026-04-12 14:32:45]         [iDLG] step 5150/300  loss=4676.3940
[2026-04-12 14:32:48]         [iDLG] step 5200/300  loss=4648.3550
[2026-04-12 14:32:51]         [iDLG] step 5250/300  loss=4639.8638
[2026-04-12 14:32:54]         [iDLG] step 5300/300  loss=4659.5210
[2026-04-12 14:32:57]         [iDLG] step 5350/300  loss=4634.6851
[2026-04-12 14:32:59]         [iDLG] step 5400/300  loss=4665.7852
[2026-04-12 14:33:02]         [iDLG] step 5450/300  loss=4634.6289
[2026-04-12 14:33:05]         [iDLG] step 5500/300  loss=4617.9087
[2026-04-12 14:33:08]         [iDLG] step 5550/300  loss=4618.1909
[2026-04-12 14:33:11]         [iDLG] step 5600/300  loss=4619.5063
[2026-04-12 14:33:14]         [iDLG] step 5650/300  loss=4651.4282
[2026-04-12 14:33:16]         [iDLG] step 5700/300  loss=4653.5952
[2026-04-12 14:33:19]         [iDLG] step 5750/300  loss=4646.7910
[2026-04-12 14:33:22]         [iDLG] step 5800/300  loss=4640.8247
[2026-04-12 14:33:25]         [iDLG] step 5850/300  loss=4635.8423
[2026-04-12 14:33:27]         [iDLG] step 5900/300  loss=4625.0269
[2026-04-12 14:33:30]         [iDLG] step 5950/300  loss=4626.0239
[2026-04-12 14:33:32]       [lcn/alpha=1.1] img 1/2 — attack done in 334.0s
[2026-04-12 14:33:32]       [lcn/alpha=1.1] img 1/2 — PSNR=7.28  SSIM=0.0185  LPIPS=0.6610
[2026-04-12 14:33:32]       [lcn/alpha=1.1] img 1/2 — images saved.
[2026-04-12 14:33:32]       [lcn] img 2 — simulating prev round (t-1)...
[2026-04-12 14:33:33]       [lcn/alpha=1.1] img 2/2 — computing true gradient...
[2026-04-12 14:33:33]       [lcn/alpha=1.1] img 2/2 — applying defense: lcn ...
[2026-04-12 14:33:33]       [lcn/alpha=1.1] img 2/2 — running IDLG attack...
[2026-04-12 14:33:33]         [iDLG] inferred label=8  true label=8
[2026-04-12 14:33:35]         [iDLG] step  50/300  loss=2077.4651
[2026-04-12 14:33:38]         [iDLG] step 100/300  loss=1995.8344
[2026-04-12 14:33:41]         [iDLG] step 150/300  loss=1975.0826
[2026-04-12 14:33:44]         [iDLG] step 200/300  loss=1954.0377
[2026-04-12 14:33:47]         [iDLG] step 250/300  loss=1945.9705
[2026-04-12 14:33:49]         [iDLG] step 300/300  loss=1935.7375
[2026-04-12 14:33:52]         [iDLG] step 350/300  loss=1939.6373
[2026-04-12 14:33:55]         [iDLG] step 400/300  loss=1934.4868
[2026-04-12 14:33:58]         [iDLG] step 450/300  loss=1921.6687
[2026-04-12 14:34:01]         [iDLG] step 500/300  loss=1924.7026
[2026-04-12 14:34:03]         [iDLG] step 550/300  loss=1918.6144
[2026-04-12 14:34:06]         [iDLG] step 600/300  loss=1915.7487
[2026-04-12 14:34:09]         [iDLG] step 650/300  loss=1909.5836
[2026-04-12 14:34:12]         [iDLG] step 700/300  loss=1912.1619
[2026-04-12 14:34:14]         [iDLG] step 750/300  loss=1915.8005
[2026-04-12 14:34:17]         [iDLG] step 800/300  loss=1910.3040
[2026-04-12 14:34:20]         [iDLG] step 850/300  loss=1906.3914
[2026-04-12 14:34:23]         [iDLG] step 900/300  loss=1903.5093
[2026-04-12 14:34:26]         [iDLG] step 950/300  loss=1898.8623
[2026-04-12 14:34:28]         [iDLG] step 1000/300  loss=1897.1345
[2026-04-12 14:34:31]         [iDLG] step 1050/300  loss=1908.1725
[2026-04-12 14:34:34]         [iDLG] step 1100/300  loss=1903.7549
[2026-04-12 14:34:36]         [iDLG] step 1150/300  loss=1902.3229
[2026-04-12 14:34:39]         [iDLG] step 1200/300  loss=1916.0306
[2026-04-12 14:34:42]         [iDLG] step 1250/300  loss=1912.8445
[2026-04-12 14:34:45]         [iDLG] step 1300/300  loss=1909.9399
[2026-04-12 14:34:47]         [iDLG] step 1350/300  loss=1900.9645
[2026-04-12 14:34:50]         [iDLG] step 1400/300  loss=1904.2072
[2026-04-12 14:34:53]         [iDLG] step 1450/300  loss=1901.5974
[2026-04-12 14:34:56]         [iDLG] step 1500/300  loss=1893.5532
[2026-04-12 14:34:59]         [iDLG] step 1550/300  loss=1891.9685
[2026-04-12 14:35:02]         [iDLG] step 1600/300  loss=1895.0038
[2026-04-12 14:35:05]         [iDLG] step 1650/300  loss=1901.2643
[2026-04-12 14:35:07]         [iDLG] step 1700/300  loss=1907.2876
[2026-04-12 14:35:10]         [iDLG] step 1750/300  loss=1902.8357
[2026-04-12 14:35:13]         [iDLG] step 1800/300  loss=1898.6276
[2026-04-12 14:35:16]         [iDLG] step 1850/300  loss=1901.7666
[2026-04-12 14:35:19]         [iDLG] step 1900/300  loss=1902.7974
[2026-04-12 14:35:22]         [iDLG] step 1950/300  loss=1905.5312
[2026-04-12 14:35:24]         [iDLG] step 2000/300  loss=1899.8153
[2026-04-12 14:35:27]         [iDLG] step 2050/300  loss=1895.7751
[2026-04-12 14:35:30]         [iDLG] step 2100/300  loss=1897.5504
[2026-04-12 14:35:33]         [iDLG] step 2150/300  loss=1898.3167
[2026-04-12 14:35:35]         [iDLG] step 2200/300  loss=1907.1844
[2026-04-12 14:35:38]         [iDLG] step 2250/300  loss=1900.0662
[2026-04-12 14:35:41]         [iDLG] step 2300/300  loss=1902.6775
[2026-04-12 14:35:44]         [iDLG] step 2350/300  loss=1899.6729
[2026-04-12 14:35:47]         [iDLG] step 2400/300  loss=1899.9263
[2026-04-12 14:35:50]         [iDLG] step 2450/300  loss=1900.1481
[2026-04-12 14:35:53]         [iDLG] step 2500/300  loss=1900.4818
[2026-04-12 14:35:56]         [iDLG] step 2550/300  loss=1895.9731
[2026-04-12 14:36:00]         [iDLG] step 2600/300  loss=1894.0851
[2026-04-12 14:36:03]         [iDLG] step 2650/300  loss=1901.8711
[2026-04-12 14:36:06]         [iDLG] step 2700/300  loss=1898.3434
[2026-04-12 14:36:09]         [iDLG] step 2750/300  loss=1899.5009
[2026-04-12 14:36:12]         [iDLG] step 2800/300  loss=1910.1001
[2026-04-12 14:36:16]         [iDLG] step 2850/300  loss=1897.6560
[2026-04-12 14:36:19]         [iDLG] step 2900/300  loss=1886.4702
[2026-04-12 14:36:22]         [iDLG] step 2950/300  loss=1884.7714
[2026-04-12 14:36:25]         [iDLG] step 3000/300  loss=1888.9692
[2026-04-12 14:36:28]         [iDLG] step 3050/300  loss=1895.4849
[2026-04-12 14:36:31]         [iDLG] step 3100/300  loss=1898.1675
[2026-04-12 14:36:35]         [iDLG] step 3150/300  loss=1898.6147
[2026-04-12 14:36:38]         [iDLG] step 3200/300  loss=1890.3817
[2026-04-12 14:36:41]         [iDLG] step 3250/300  loss=1891.6392
[2026-04-12 14:36:44]         [iDLG] step 3300/300  loss=1897.0923
[2026-04-12 14:36:47]         [iDLG] step 3350/300  loss=1891.0630
[2026-04-12 14:36:50]         [iDLG] step 3400/300  loss=1895.2947
[2026-04-12 14:36:54]         [iDLG] step 3450/300  loss=1889.0631
[2026-04-12 14:36:57]         [iDLG] step 3500/300  loss=1888.5070
[2026-04-12 14:37:00]         [iDLG] step 3550/300  loss=1893.3450
[2026-04-12 14:37:03]         [iDLG] step 3600/300  loss=1892.4323
[2026-04-12 14:37:06]         [iDLG] step 3650/300  loss=1889.4977
[2026-04-12 14:37:10]         [iDLG] step 3700/300  loss=1885.0994
[2026-04-12 14:37:13]         [iDLG] step 3750/300  loss=1888.2321
[2026-04-12 14:37:16]         [iDLG] step 3800/300  loss=1887.9911
[2026-04-12 14:37:19]         [iDLG] step 3850/300  loss=1890.0325
[2026-04-12 14:37:23]         [iDLG] step 3900/300  loss=1885.1323
[2026-04-12 14:37:26]         [iDLG] step 3950/300  loss=1888.9575
[2026-04-12 14:37:29]         [iDLG] step 4000/300  loss=1889.9861
[2026-04-12 14:37:32]         [iDLG] step 4050/300  loss=1886.6157
[2026-04-12 14:37:35]         [iDLG] step 4100/300  loss=1887.4171
[2026-04-12 14:37:38]         [iDLG] step 4150/300  loss=1884.8677
[2026-04-12 14:37:41]         [iDLG] step 4200/300  loss=1899.9972
[2026-04-12 14:37:44]         [iDLG] step 4250/300  loss=1895.1796
[2026-04-12 14:37:48]         [iDLG] step 4300/300  loss=1892.1495
[2026-04-12 14:37:51]         [iDLG] step 4350/300  loss=1895.4966
[2026-04-12 14:37:54]         [iDLG] step 4400/300  loss=1896.4387
[2026-04-12 14:37:57]         [iDLG] step 4450/300  loss=1892.4718
[2026-04-12 14:38:00]         [iDLG] step 4500/300  loss=1893.6227
[2026-04-12 14:38:03]         [iDLG] step 4550/300  loss=1893.5835
[2026-04-12 14:38:07]         [iDLG] step 4600/300  loss=1891.3903
[2026-04-12 14:38:10]         [iDLG] step 4650/300  loss=1885.0197
[2026-04-12 14:38:13]         [iDLG] step 4700/300  loss=1886.8536
[2026-04-12 14:38:16]         [iDLG] step 4750/300  loss=1890.5703
[2026-04-12 14:38:19]         [iDLG] step 4800/300  loss=1894.7284
[2026-04-12 14:38:22]         [iDLG] step 4850/300  loss=1895.7239
[2026-04-12 14:38:25]         [iDLG] step 4900/300  loss=1892.2059
[2026-04-12 14:38:29]         [iDLG] step 4950/300  loss=1878.5559
[2026-04-12 14:38:32]         [iDLG] step 5000/300  loss=1884.2903
[2026-04-12 14:38:36]         [iDLG] step 5050/300  loss=1885.7227
[2026-04-12 14:38:39]         [iDLG] step 5100/300  loss=1894.4668
[2026-04-12 14:38:42]         [iDLG] step 5150/300  loss=1889.1075
[2026-04-12 14:38:45]         [iDLG] step 5200/300  loss=1879.0403
[2026-04-12 14:38:48]         [iDLG] step 5250/300  loss=1894.0632
[2026-04-12 14:38:52]         [iDLG] step 5300/300  loss=1892.5475
[2026-04-12 14:38:55]         [iDLG] step 5350/300  loss=1897.6698
[2026-04-12 14:38:58]         [iDLG] step 5400/300  loss=1898.9000
[2026-04-12 14:39:01]         [iDLG] step 5450/300  loss=1899.7290
[2026-04-12 14:39:04]         [iDLG] step 5500/300  loss=1900.4517
[2026-04-12 14:39:08]         [iDLG] step 5550/300  loss=1899.3879
[2026-04-12 14:39:11]         [iDLG] step 5600/300  loss=1902.1173
[2026-04-12 14:39:14]         [iDLG] step 5650/300  loss=1898.3047
[2026-04-12 14:39:17]         [iDLG] step 5700/300  loss=1901.3489
[2026-04-12 14:39:20]         [iDLG] step 5750/300  loss=1893.9952
[2026-04-12 14:39:24]         [iDLG] step 5800/300  loss=1893.4515
[2026-04-12 14:39:27]         [iDLG] step 5850/300  loss=1895.1171
[2026-04-12 14:39:30]         [iDLG] step 5900/300  loss=1895.4819
[2026-04-12 14:39:33]         [iDLG] step 5950/300  loss=1896.4122
[2026-04-12 14:39:36]         [iDLG] step 6000/300  loss=1895.0242
[2026-04-12 14:39:36]       [lcn/alpha=1.1] img 2/2 — attack done in 363.5s
[2026-04-12 14:39:36]       [lcn/alpha=1.1] img 2/2 — PSNR=9.18  SSIM=0.0480  LPIPS=0.6536
[2026-04-12 14:39:36]       [lcn/alpha=1.1] img 2/2 — images saved.
[2026-04-12 14:39:36]   Condition 4/7 COMPLETE (698.5s)  |  mean PSNR=8.23  mean SSIM=0.0333  mean LPIPS=0.6573
[2026-04-12 14:39:36] 
  ── Condition 5/7: lcn/alpha=0.9 ──
[2026-04-12 14:39:36]       [lcn] img 1 — simulating prev round (t-1)...
[2026-04-12 14:39:37]       [lcn/alpha=0.9] img 1/2 — computing true gradient...
[2026-04-12 14:39:37]       [lcn/alpha=0.9] img 1/2 — applying defense: lcn ...
[2026-04-12 14:39:37]       [lcn/alpha=0.9] img 1/2 — running IDLG attack...
[2026-04-12 14:39:37]         [iDLG] inferred label=36  true label=36
[2026-04-12 14:39:40]         [iDLG] step  50/300  loss=1572.8224
[2026-04-12 14:39:43]         [iDLG] step 100/300  loss=1519.0039
[2026-04-12 14:39:46]         [iDLG] step 150/300  loss=1495.8444
[2026-04-12 14:39:50]         [iDLG] step 200/300  loss=1487.7334
[2026-04-12 14:39:53]         [iDLG] step 250/300  loss=1477.0090
[2026-04-12 14:39:56]         [iDLG] step 300/300  loss=1468.1902
[2026-04-12 14:39:59]         [iDLG] step 350/300  loss=1465.1479
[2026-04-12 14:40:02]         [iDLG] step 400/300  loss=1461.6254
[2026-04-12 14:40:05]         [iDLG] step 450/300  loss=1461.5104
[2026-04-12 14:40:08]         [iDLG] step 500/300  loss=1454.8579
[2026-04-12 14:40:12]         [iDLG] step 550/300  loss=1455.8376
[2026-04-12 14:40:15]         [iDLG] step 600/300  loss=1462.6774
[2026-04-12 14:40:18]         [iDLG] step 650/300  loss=1461.1387
[2026-04-12 14:40:21]         [iDLG] step 700/300  loss=1456.2853
[2026-04-12 14:40:25]         [iDLG] step 750/300  loss=1459.7954
[2026-04-12 14:40:28]         [iDLG] step 800/300  loss=1451.7473
[2026-04-12 14:40:31]         [iDLG] step 850/300  loss=1456.2314
[2026-04-12 14:40:34]         [iDLG] step 900/300  loss=1452.5801
[2026-04-12 14:40:37]         [iDLG] step 950/300  loss=1451.0352
[2026-04-12 14:40:40]         [iDLG] step 1000/300  loss=1448.0142
[2026-04-12 14:40:43]         [iDLG] step 1050/300  loss=1444.9823
[2026-04-12 14:40:47]         [iDLG] step 1100/300  loss=1439.8687
[2026-04-12 14:40:50]         [iDLG] step 1150/300  loss=1448.7548
[2026-04-12 14:40:53]         [iDLG] step 1200/300  loss=1438.0813
[2026-04-12 14:40:56]         [iDLG] step 1250/300  loss=1444.5045
[2026-04-12 14:40:59]         [iDLG] step 1300/300  loss=1451.9716
[2026-04-12 14:41:02]         [iDLG] step 1350/300  loss=1444.2720
[2026-04-12 14:41:06]         [iDLG] step 1400/300  loss=1446.0295
[2026-04-12 14:41:09]         [iDLG] step 1450/300  loss=1446.5245
[2026-04-12 14:41:12]         [iDLG] step 1500/300  loss=1443.7230
[2026-04-12 14:41:15]         [iDLG] step 1550/300  loss=1440.0443
[2026-04-12 14:41:19]         [iDLG] step 1600/300  loss=1447.7242
[2026-04-12 14:41:22]         [iDLG] step 1650/300  loss=1439.2583
[2026-04-12 14:41:25]         [iDLG] step 1700/300  loss=1443.2804
[2026-04-12 14:41:28]         [iDLG] step 1750/300  loss=1442.9882
[2026-04-12 14:41:32]         [iDLG] step 1800/300  loss=1441.4591
[2026-04-12 14:41:35]         [iDLG] step 1850/300  loss=1438.2533
[2026-04-12 14:41:38]         [iDLG] step 1900/300  loss=1437.5579
[2026-04-12 14:41:41]         [iDLG] step 1950/300  loss=1434.3647
[2026-04-12 14:41:44]         [iDLG] step 2000/300  loss=1439.6392
[2026-04-12 14:41:47]         [iDLG] step 2050/300  loss=1435.5818
[2026-04-12 14:41:51]         [iDLG] step 2100/300  loss=1440.5619
[2026-04-12 14:41:54]         [iDLG] step 2150/300  loss=1440.5813
[2026-04-12 14:41:58]         [iDLG] step 2200/300  loss=1434.8154
[2026-04-12 14:42:01]         [iDLG] step 2250/300  loss=1434.8477
[2026-04-12 14:42:04]         [iDLG] step 2300/300  loss=1435.6539
[2026-04-12 14:42:08]         [iDLG] step 2350/300  loss=1439.9979
[2026-04-12 14:42:11]         [iDLG] step 2400/300  loss=1437.8069
[2026-04-12 14:42:14]         [iDLG] step 2450/300  loss=1435.1831
[2026-04-12 14:42:18]         [iDLG] step 2500/300  loss=1434.2316
[2026-04-12 14:42:21]         [iDLG] step 2550/300  loss=1434.5470
[2026-04-12 14:42:24]         [iDLG] step 2600/300  loss=1431.7748
[2026-04-12 14:42:27]         [iDLG] step 2650/300  loss=1436.8833
[2026-04-12 14:42:31]         [iDLG] step 2700/300  loss=1433.0204
[2026-04-12 14:42:34]         [iDLG] step 2750/300  loss=1436.0945
[2026-04-12 14:42:37]         [iDLG] step 2800/300  loss=1430.1584
[2026-04-12 14:42:40]         [iDLG] step 2850/300  loss=1432.7952
[2026-04-12 14:42:43]         [iDLG] step 2900/300  loss=1437.2141
[2026-04-12 14:42:47]         [iDLG] step 2950/300  loss=1439.7017
[2026-04-12 14:42:50]         [iDLG] step 3000/300  loss=1436.9897
[2026-04-12 14:42:53]         [iDLG] step 3050/300  loss=1436.8402
[2026-04-12 14:42:56]         [iDLG] step 3100/300  loss=1434.6663
[2026-04-12 14:42:59]         [iDLG] step 3150/300  loss=1434.8281
[2026-04-12 14:43:03]         [iDLG] step 3200/300  loss=1437.2615
[2026-04-12 14:43:06]         [iDLG] step 3250/300  loss=1438.2955
[2026-04-12 14:43:09]         [iDLG] step 3300/300  loss=1434.6454
[2026-04-12 14:43:12]         [iDLG] step 3350/300  loss=1435.1368
[2026-04-12 14:43:16]         [iDLG] step 3400/300  loss=1436.2653
[2026-04-12 14:43:19]         [iDLG] step 3450/300  loss=1436.4183
[2026-04-12 14:43:22]         [iDLG] step 3500/300  loss=1440.6425
[2026-04-12 14:43:25]         [iDLG] step 3550/300  loss=1438.2202
[2026-04-12 14:43:28]         [iDLG] step 3600/300  loss=1436.5935
[2026-04-12 14:43:32]         [iDLG] step 3650/300  loss=1437.8572
[2026-04-12 14:43:35]         [iDLG] step 3700/300  loss=1435.2472
[2026-04-12 14:43:38]         [iDLG] step 3750/300  loss=1431.4552
[2026-04-12 14:43:41]         [iDLG] step 3800/300  loss=1430.7797
[2026-04-12 14:43:44]         [iDLG] step 3850/300  loss=1437.5819
[2026-04-12 14:43:47]         [iDLG] step 3900/300  loss=1436.2354
[2026-04-12 14:43:51]         [iDLG] step 3950/300  loss=1433.5420
[2026-04-12 14:43:54]         [iDLG] step 4000/300  loss=1438.5541
[2026-04-12 14:43:57]         [iDLG] step 4050/300  loss=1437.3783
[2026-04-12 14:44:00]         [iDLG] step 4100/300  loss=1437.1887
[2026-04-12 14:44:04]         [iDLG] step 4150/300  loss=1437.4163
[2026-04-12 14:44:07]         [iDLG] step 4200/300  loss=1435.4144
[2026-04-12 14:44:10]         [iDLG] step 4250/300  loss=1436.2433
[2026-04-12 14:44:13]         [iDLG] step 4300/300  loss=1425.4587
[2026-04-12 14:44:17]         [iDLG] step 4350/300  loss=1428.5229
[2026-04-12 14:44:20]         [iDLG] step 4400/300  loss=1432.2522
[2026-04-12 14:44:23]         [iDLG] step 4450/300  loss=1433.4563
[2026-04-12 14:44:26]         [iDLG] step 4500/300  loss=1433.0664
[2026-04-12 14:44:29]         [iDLG] step 4550/300  loss=1431.7467
[2026-04-12 14:44:33]         [iDLG] step 4600/300  loss=1430.4385
[2026-04-12 14:44:36]         [iDLG] step 4650/300  loss=1435.0863
[2026-04-12 14:44:39]         [iDLG] step 4700/300  loss=1429.0040
[2026-04-12 14:44:42]         [iDLG] step 4750/300  loss=1432.2445
[2026-04-12 14:44:45]         [iDLG] step 4800/300  loss=1432.2549
[2026-04-12 14:44:48]         [iDLG] step 4850/300  loss=1430.0829
[2026-04-12 14:44:51]         [iDLG] step 4900/300  loss=1426.7955
[2026-04-12 14:44:54]         [iDLG] step 4950/300  loss=1424.8385
[2026-04-12 14:44:57]         [iDLG] step 5000/300  loss=1426.6820
[2026-04-12 14:45:01]         [iDLG] step 5050/300  loss=1431.1527
[2026-04-12 14:45:04]         [iDLG] step 5100/300  loss=1435.6984
[2026-04-12 14:45:07]         [iDLG] step 5150/300  loss=1434.9591
[2026-04-12 14:45:10]         [iDLG] step 5200/300  loss=1427.7269
[2026-04-12 14:45:13]         [iDLG] step 5250/300  loss=1427.6461
[2026-04-12 14:45:16]         [iDLG] step 5300/300  loss=1430.9203
[2026-04-12 14:45:19]         [iDLG] step 5350/300  loss=1431.3434
[2026-04-12 14:45:22]         [iDLG] step 5400/300  loss=1432.5585
[2026-04-12 14:45:25]         [iDLG] step 5450/300  loss=1427.9579
[2026-04-12 14:45:28]         [iDLG] step 5500/300  loss=1427.0015
[2026-04-12 14:45:32]         [iDLG] step 5550/300  loss=1431.7579
[2026-04-12 14:45:35]         [iDLG] step 5600/300  loss=1432.4843
[2026-04-12 14:45:38]         [iDLG] step 5650/300  loss=1430.1183
[2026-04-12 14:45:41]         [iDLG] step 5700/300  loss=1424.7783
[2026-04-12 14:45:44]         [iDLG] step 5750/300  loss=1423.8438
[2026-04-12 14:45:47]         [iDLG] step 5800/300  loss=1423.9135
[2026-04-12 14:45:50]         [iDLG] step 5850/300  loss=1425.2245
[2026-04-12 14:45:53]         [iDLG] step 5900/300  loss=1427.6962
[2026-04-12 14:45:56]         [iDLG] step 5950/300  loss=1426.6017
[2026-04-12 14:45:59]         [iDLG] step 6000/300  loss=1428.1960
[2026-04-12 14:45:59]       [lcn/alpha=0.9] img 1/2 — attack done in 382.6s
[2026-04-12 14:45:59]       [lcn/alpha=0.9] img 1/2 — PSNR=8.39  SSIM=0.0315  LPIPS=0.7373
[2026-04-12 14:45:59]       [lcn/alpha=0.9] img 1/2 — images saved.
[2026-04-12 14:45:59]       [lcn] img 2 — simulating prev round (t-1)...
[2026-04-12 14:46:00]       [lcn/alpha=0.9] img 2/2 — computing true gradient...
[2026-04-12 14:46:00]       [lcn/alpha=0.9] img 2/2 — applying defense: lcn ...
[2026-04-12 14:46:00]       [lcn/alpha=0.9] img 2/2 — running IDLG attack...
[2026-04-12 14:46:00]         [iDLG] inferred label=8  true label=8
[2026-04-12 14:46:03]         [iDLG] step  50/300  loss=1472.5001
[2026-04-12 14:46:06]         [iDLG] step 100/300  loss=1417.7844
[2026-04-12 14:46:09]         [iDLG] step 150/300  loss=1386.6049
[2026-04-12 14:46:12]         [iDLG] step 200/300  loss=1383.2230
[2026-04-12 14:46:15]         [iDLG] step 250/300  loss=1373.9414
[2026-04-12 14:46:18]         [iDLG] step 300/300  loss=1363.5513
[2026-04-12 14:46:21]         [iDLG] step 350/300  loss=1360.6113
[2026-04-12 14:46:25]         [iDLG] step 400/300  loss=1367.2710
[2026-04-12 14:46:28]         [iDLG] step 450/300  loss=1356.2120
[2026-04-12 14:46:31]         [iDLG] step 500/300  loss=1353.1857
[2026-04-12 14:46:34]         [iDLG] step 550/300  loss=1357.5215
[2026-04-12 14:46:38]         [iDLG] step 600/300  loss=1348.7013
[2026-04-12 14:46:41]         [iDLG] step 650/300  loss=1356.3728
[2026-04-12 14:46:44]         [iDLG] step 700/300  loss=1349.1409
[2026-04-12 14:46:47]         [iDLG] step 750/300  loss=1342.7242
[2026-04-12 14:46:50]         [iDLG] step 800/300  loss=1347.9181
[2026-04-12 14:46:54]         [iDLG] step 850/300  loss=1345.4398
[2026-04-12 14:46:57]         [iDLG] step 900/300  loss=1336.2452
[2026-04-12 14:47:00]         [iDLG] step 950/300  loss=1336.6577
[2026-04-12 14:47:04]         [iDLG] step 1000/300  loss=1338.7078
[2026-04-12 14:47:07]         [iDLG] step 1050/300  loss=1347.4442
[2026-04-12 14:47:10]         [iDLG] step 1100/300  loss=1346.4360
[2026-04-12 14:47:13]         [iDLG] step 1150/300  loss=1334.7948
[2026-04-12 14:47:16]         [iDLG] step 1200/300  loss=1339.6101
[2026-04-12 14:47:20]         [iDLG] step 1250/300  loss=1338.2836
[2026-04-12 14:47:23]         [iDLG] step 1300/300  loss=1332.4502
[2026-04-12 14:47:26]         [iDLG] step 1350/300  loss=1329.0970
[2026-04-12 14:47:29]         [iDLG] step 1400/300  loss=1322.4376
[2026-04-12 14:47:32]         [iDLG] step 1450/300  loss=1323.0548
[2026-04-12 14:47:36]         [iDLG] step 1500/300  loss=1322.7316
[2026-04-12 14:47:39]         [iDLG] step 1550/300  loss=1310.3171
[2026-04-12 14:47:42]         [iDLG] step 1600/300  loss=1310.4744
[2026-04-12 14:47:46]         [iDLG] step 1650/300  loss=1315.2950
[2026-04-12 14:47:49]         [iDLG] step 1700/300  loss=1313.4724
[2026-04-12 14:47:52]         [iDLG] step 1750/300  loss=1307.2242
[2026-04-12 14:47:55]         [iDLG] step 1800/300  loss=1309.4211
[2026-04-12 14:47:58]         [iDLG] step 1850/300  loss=1313.7841
[2026-04-12 14:48:01]         [iDLG] step 1900/300  loss=1310.0623
[2026-04-12 14:48:05]         [iDLG] step 1950/300  loss=1318.3008
[2026-04-12 14:48:08]         [iDLG] step 2000/300  loss=1317.7052
[2026-04-12 14:48:11]         [iDLG] step 2050/300  loss=1335.8958
[2026-04-12 14:48:14]         [iDLG] step 2100/300  loss=1320.1516
[2026-04-12 14:48:17]         [iDLG] step 2150/300  loss=1309.5800
[2026-04-12 14:48:21]         [iDLG] step 2200/300  loss=1322.6770
[2026-04-12 14:48:24]         [iDLG] step 2250/300  loss=1309.9208
[2026-04-12 14:48:27]         [iDLG] step 2300/300  loss=1317.5388
[2026-04-12 14:48:30]         [iDLG] step 2350/300  loss=1320.3680
[2026-04-12 14:48:33]         [iDLG] step 2400/300  loss=1323.5425
[2026-04-12 14:48:36]         [iDLG] step 2450/300  loss=1328.0240
[2026-04-12 14:48:39]         [iDLG] step 2500/300  loss=1321.6252
[2026-04-12 14:48:43]         [iDLG] step 2550/300  loss=1327.9052
[2026-04-12 14:48:46]         [iDLG] step 2600/300  loss=1323.0134
[2026-04-12 14:48:49]         [iDLG] step 2650/300  loss=1329.9695
[2026-04-12 14:48:52]         [iDLG] step 2700/300  loss=1323.7645
[2026-04-12 14:48:55]         [iDLG] step 2750/300  loss=1324.3402
[2026-04-12 14:48:58]         [iDLG] step 2800/300  loss=1318.3452
[2026-04-12 14:49:01]         [iDLG] step 2850/300  loss=1320.6237
[2026-04-12 14:49:04]         [iDLG] step 2900/300  loss=1322.0948
[2026-04-12 14:49:07]         [iDLG] step 2950/300  loss=1318.3496
[2026-04-12 14:49:10]         [iDLG] step 3000/300  loss=1317.6735
[2026-04-12 14:49:12]         [iDLG] step 3050/300  loss=1310.4553
[2026-04-12 14:49:15]         [iDLG] step 3100/300  loss=1327.5741
[2026-04-12 14:49:18]         [iDLG] step 3150/300  loss=1315.9949
[2026-04-12 14:49:21]         [iDLG] step 3200/300  loss=1313.0067
[2026-04-12 14:49:24]         [iDLG] step 3250/300  loss=1317.4036
[2026-04-12 14:49:27]         [iDLG] step 3300/300  loss=1328.2968
[2026-04-12 14:49:30]         [iDLG] step 3350/300  loss=1318.9087
[2026-04-12 14:49:33]         [iDLG] step 3400/300  loss=1312.2799
[2026-04-12 14:49:35]         [iDLG] step 3450/300  loss=1316.6953
[2026-04-12 14:49:38]         [iDLG] step 3500/300  loss=1311.7303
[2026-04-12 14:49:41]         [iDLG] step 3550/300  loss=1317.3840
[2026-04-12 14:49:44]         [iDLG] step 3600/300  loss=1311.3868
[2026-04-12 14:49:47]         [iDLG] step 3650/300  loss=1324.1787
[2026-04-12 14:49:50]         [iDLG] step 3700/300  loss=1324.1219
[2026-04-12 14:49:53]         [iDLG] step 3750/300  loss=1316.8097
[2026-04-12 14:49:56]         [iDLG] step 3800/300  loss=1320.5138
[2026-04-12 14:49:59]         [iDLG] step 3850/300  loss=1317.6868
[2026-04-12 14:50:02]         [iDLG] step 3900/300  loss=1324.6624
[2026-04-12 14:50:05]         [iDLG] step 3950/300  loss=1317.0215
[2026-04-12 14:50:07]         [iDLG] step 4000/300  loss=1320.6301
[2026-04-12 14:50:10]         [iDLG] step 4050/300  loss=1323.1696
[2026-04-12 14:50:13]         [iDLG] step 4100/300  loss=1325.4869
[2026-04-12 14:50:16]         [iDLG] step 4150/300  loss=1313.6194
[2026-04-12 14:50:19]         [iDLG] step 4200/300  loss=1316.6650
[2026-04-12 14:50:22]         [iDLG] step 4250/300  loss=1313.4340
[2026-04-12 14:50:24]         [iDLG] step 4300/300  loss=1323.3231
[2026-04-12 14:50:27]         [iDLG] step 4350/300  loss=1321.5061
[2026-04-12 14:50:30]         [iDLG] step 4400/300  loss=1314.1243
[2026-04-12 14:50:33]         [iDLG] step 4450/300  loss=1313.5712
[2026-04-12 14:50:35]         [iDLG] step 4500/300  loss=1320.4537
[2026-04-12 14:50:38]         [iDLG] step 4550/300  loss=1320.0725
[2026-04-12 14:50:41]         [iDLG] step 4600/300  loss=1311.4200
[2026-04-12 14:50:43]         [iDLG] step 4650/300  loss=1315.6699
[2026-04-12 14:50:46]         [iDLG] step 4700/300  loss=1326.1465
[2026-04-12 14:50:49]         [iDLG] step 4750/300  loss=1318.3705
[2026-04-12 14:50:52]         [iDLG] step 4800/300  loss=1314.4722
[2026-04-12 14:50:54]         [iDLG] step 4850/300  loss=1317.8044
[2026-04-12 14:50:57]         [iDLG] step 4900/300  loss=1319.4702
[2026-04-12 14:51:00]         [iDLG] step 4950/300  loss=1315.5116
[2026-04-12 14:51:03]         [iDLG] step 5000/300  loss=1328.1185
[2026-04-12 14:51:06]         [iDLG] step 5050/300  loss=1319.1072
[2026-04-12 14:51:09]         [iDLG] step 5100/300  loss=1325.9213
[2026-04-12 14:51:12]         [iDLG] step 5150/300  loss=1324.9329
[2026-04-12 14:51:15]         [iDLG] step 5200/300  loss=1328.4474
[2026-04-12 14:51:18]         [iDLG] step 5250/300  loss=1324.7185
[2026-04-12 14:51:21]         [iDLG] step 5300/300  loss=1300.9868
[2026-04-12 14:51:24]         [iDLG] step 5350/300  loss=1314.7722
[2026-04-12 14:51:27]         [iDLG] step 5400/300  loss=1310.7543
[2026-04-12 14:51:29]         [iDLG] step 5450/300  loss=1310.4768
[2026-04-12 14:51:32]         [iDLG] step 5500/300  loss=1313.8801
[2026-04-12 14:51:35]         [iDLG] step 5550/300  loss=1323.2140
[2026-04-12 14:51:38]         [iDLG] step 5600/300  loss=1321.9510
[2026-04-12 14:51:41]         [iDLG] step 5650/300  loss=1318.5408
[2026-04-12 14:51:43]         [iDLG] step 5700/300  loss=1311.5046
[2026-04-12 14:51:46]         [iDLG] step 5750/300  loss=1314.2861
[2026-04-12 14:51:49]         [iDLG] step 5800/300  loss=1321.5151
[2026-04-12 14:51:51]         [iDLG] step 5850/300  loss=1326.9677
[2026-04-12 14:51:54]         [iDLG] step 5900/300  loss=1335.9448
[2026-04-12 14:51:57]         [iDLG] step 5950/300  loss=1327.0376
[2026-04-12 14:52:00]         [iDLG] step 6000/300  loss=1329.1027
[2026-04-12 14:52:00]       [lcn/alpha=0.9] img 2/2 — attack done in 360.2s
[2026-04-12 14:52:00]       [lcn/alpha=0.9] img 2/2 — PSNR=9.26  SSIM=0.0469  LPIPS=0.6959
[2026-04-12 14:52:00]       [lcn/alpha=0.9] img 2/2 — images saved.
[2026-04-12 14:52:00]   Condition 5/7 COMPLETE (743.7s)  |  mean PSNR=8.83  mean SSIM=0.0392  mean LPIPS=0.7166
[2026-04-12 14:52:00] 
  ── Condition 6/7: lcn/alpha=0.7 ──
[2026-04-12 14:52:00]       [lcn] img 1 — simulating prev round (t-1)...
[2026-04-12 14:52:00]       [lcn/alpha=0.7] img 1/2 — computing true gradient...
[2026-04-12 14:52:00]       [lcn/alpha=0.7] img 1/2 — applying defense: lcn ...
[2026-04-12 14:52:00]       [lcn/alpha=0.7] img 1/2 — running IDLG attack...
[2026-04-12 14:52:00]         [iDLG] inferred label=36  true label=36
[2026-04-12 14:52:03]         [iDLG] step  50/300  loss=917.6942
[2026-04-12 14:52:06]         [iDLG] step 100/300  loss=879.0625
[2026-04-12 14:52:09]         [iDLG] step 150/300  loss=848.5667
[2026-04-12 14:52:12]         [iDLG] step 200/300  loss=836.0932
[2026-04-12 14:52:14]         [iDLG] step 250/300  loss=825.2514
[2026-04-12 14:52:17]         [iDLG] step 300/300  loss=822.0681
[2026-04-12 14:52:20]         [iDLG] step 350/300  loss=825.7214
[2026-04-12 14:52:22]         [iDLG] step 400/300  loss=820.5043
[2026-04-12 14:52:25]         [iDLG] step 450/300  loss=816.8601
[2026-04-12 14:52:28]         [iDLG] step 500/300  loss=817.6657
[2026-04-12 14:52:31]         [iDLG] step 550/300  loss=813.6827
[2026-04-12 14:52:34]         [iDLG] step 600/300  loss=814.1101
[2026-04-12 14:52:36]         [iDLG] step 650/300  loss=815.6689
[2026-04-12 14:52:39]         [iDLG] step 700/300  loss=809.5441
[2026-04-12 14:52:42]         [iDLG] step 750/300  loss=810.1028
[2026-04-12 14:52:45]         [iDLG] step 800/300  loss=811.2010
[2026-04-12 14:52:47]         [iDLG] step 850/300  loss=814.6171
[2026-04-12 14:52:50]         [iDLG] step 900/300  loss=813.3328
[2026-04-12 14:52:53]         [iDLG] step 950/300  loss=808.2011
[2026-04-12 14:52:56]         [iDLG] step 1000/300  loss=807.6949
[2026-04-12 14:52:58]         [iDLG] step 1050/300  loss=805.8610
[2026-04-12 14:53:01]         [iDLG] step 1100/300  loss=807.0994
[2026-04-12 14:53:04]         [iDLG] step 1150/300  loss=805.7950
[2026-04-12 14:53:06]         [iDLG] step 1200/300  loss=805.5551
[2026-04-12 14:53:09]         [iDLG] step 1250/300  loss=804.1829
[2026-04-12 14:53:12]         [iDLG] step 1300/300  loss=804.1203
[2026-04-12 14:53:14]         [iDLG] step 1350/300  loss=804.8752
[2026-04-12 14:53:17]         [iDLG] step 1400/300  loss=801.6885
[2026-04-12 14:53:20]         [iDLG] step 1450/300  loss=803.3864
[2026-04-12 14:53:23]         [iDLG] step 1500/300  loss=800.6791
[2026-04-12 14:53:25]         [iDLG] step 1550/300  loss=800.2991
[2026-04-12 14:53:28]         [iDLG] step 1600/300  loss=797.8236
[2026-04-12 14:53:31]         [iDLG] step 1650/300  loss=796.2987
[2026-04-12 14:53:34]         [iDLG] step 1700/300  loss=799.1229
[2026-04-12 14:53:37]         [iDLG] step 1750/300  loss=800.9480
[2026-04-12 14:53:40]         [iDLG] step 1800/300  loss=798.6663
[2026-04-12 14:53:42]         [iDLG] step 1850/300  loss=796.5898
[2026-04-12 14:53:45]         [iDLG] step 1900/300  loss=798.2029
[2026-04-12 14:53:48]         [iDLG] step 1950/300  loss=798.2947
[2026-04-12 14:53:51]         [iDLG] step 2000/300  loss=796.4403
[2026-04-12 14:53:54]         [iDLG] step 2050/300  loss=798.2495
[2026-04-12 14:53:57]         [iDLG] step 2100/300  loss=798.3097
[2026-04-12 14:53:59]         [iDLG] step 2150/300  loss=795.0006
[2026-04-12 14:54:02]         [iDLG] step 2200/300  loss=797.4181
[2026-04-12 14:54:05]         [iDLG] step 2250/300  loss=799.4785
[2026-04-12 14:54:07]         [iDLG] step 2300/300  loss=796.7494
[2026-04-12 14:54:10]         [iDLG] step 2350/300  loss=799.8274
[2026-04-12 14:54:13]         [iDLG] step 2400/300  loss=796.8488
[2026-04-12 14:54:15]         [iDLG] step 2450/300  loss=795.6610
[2026-04-12 14:54:18]         [iDLG] step 2500/300  loss=795.6046
[2026-04-12 14:54:21]         [iDLG] step 2550/300  loss=795.6337
[2026-04-12 14:54:23]         [iDLG] step 2600/300  loss=794.8737
[2026-04-12 14:54:26]         [iDLG] step 2650/300  loss=795.7966
[2026-04-12 14:54:29]         [iDLG] step 2700/300  loss=796.4553
[2026-04-12 14:54:32]         [iDLG] step 2750/300  loss=796.7839
[2026-04-12 14:54:34]         [iDLG] step 2800/300  loss=796.0270
[2026-04-12 14:54:37]         [iDLG] step 2850/300  loss=796.6622
[2026-04-12 14:54:40]         [iDLG] step 2900/300  loss=798.4045
[2026-04-12 14:54:43]         [iDLG] step 2950/300  loss=796.5826
[2026-04-12 14:54:45]         [iDLG] step 3000/300  loss=796.5042
[2026-04-12 14:54:48]         [iDLG] step 3050/300  loss=797.8093
[2026-04-12 14:54:51]         [iDLG] step 3100/300  loss=795.9062
[2026-04-12 14:54:53]         [iDLG] step 3150/300  loss=794.7882
[2026-04-12 14:54:56]         [iDLG] step 3200/300  loss=795.6548
[2026-04-12 14:54:59]         [iDLG] step 3250/300  loss=797.2563
[2026-04-12 14:55:02]         [iDLG] step 3300/300  loss=796.0552
[2026-04-12 14:55:04]         [iDLG] step 3350/300  loss=796.7459
[2026-04-12 14:55:07]         [iDLG] step 3400/300  loss=796.6130
[2026-04-12 14:55:10]         [iDLG] step 3450/300  loss=797.9402
[2026-04-12 14:55:13]         [iDLG] step 3500/300  loss=795.4020
[2026-04-12 14:55:15]         [iDLG] step 3550/300  loss=794.2726
[2026-04-12 14:55:18]         [iDLG] step 3600/300  loss=794.4587
[2026-04-12 14:55:21]         [iDLG] step 3650/300  loss=792.7521
[2026-04-12 14:55:24]         [iDLG] step 3700/300  loss=796.2922
[2026-04-12 14:55:27]         [iDLG] step 3750/300  loss=796.0300
[2026-04-12 14:55:30]         [iDLG] step 3800/300  loss=796.8893
[2026-04-12 14:55:33]         [iDLG] step 3850/300  loss=794.6780
[2026-04-12 14:55:36]         [iDLG] step 3900/300  loss=797.1770
[2026-04-12 14:55:39]         [iDLG] step 3950/300  loss=795.5029
[2026-04-12 14:55:41]         [iDLG] step 4000/300  loss=792.5410
[2026-04-12 14:55:44]         [iDLG] step 4050/300  loss=794.6288
[2026-04-12 14:55:47]         [iDLG] step 4100/300  loss=795.0967
[2026-04-12 14:55:50]         [iDLG] step 4150/300  loss=793.4898
[2026-04-12 14:55:52]         [iDLG] step 4200/300  loss=793.9667
[2026-04-12 14:55:55]         [iDLG] step 4250/300  loss=797.0485
[2026-04-12 14:55:58]         [iDLG] step 4300/300  loss=795.4292
[2026-04-12 14:56:01]         [iDLG] step 4350/300  loss=796.0802
[2026-04-12 14:56:03]         [iDLG] step 4400/300  loss=793.5801
[2026-04-12 14:56:06]         [iDLG] step 4450/300  loss=793.5019
[2026-04-12 14:56:09]         [iDLG] step 4500/300  loss=796.2297
[2026-04-12 14:56:12]         [iDLG] step 4550/300  loss=795.9705
[2026-04-12 14:56:15]         [iDLG] step 4600/300  loss=792.3176
[2026-04-12 14:56:18]         [iDLG] step 4650/300  loss=792.7606
[2026-04-12 14:56:20]         [iDLG] step 4700/300  loss=793.0899
[2026-04-12 14:56:23]         [iDLG] step 4750/300  loss=792.5376
[2026-04-12 14:56:26]         [iDLG] step 4800/300  loss=792.8123
[2026-04-12 14:56:29]         [iDLG] step 4850/300  loss=791.6614
[2026-04-12 14:56:32]         [iDLG] step 4900/300  loss=791.4968
[2026-04-12 14:56:35]         [iDLG] step 4950/300  loss=793.9014
[2026-04-12 14:56:38]         [iDLG] step 5000/300  loss=794.4473
[2026-04-12 14:56:40]         [iDLG] step 5050/300  loss=793.9053
[2026-04-12 14:56:43]         [iDLG] step 5100/300  loss=796.7625
[2026-04-12 14:56:46]         [iDLG] step 5150/300  loss=793.9116
[2026-04-12 14:56:48]         [iDLG] step 5200/300  loss=793.4014
[2026-04-12 14:56:51]         [iDLG] step 5250/300  loss=794.6810
[2026-04-12 14:56:54]         [iDLG] step 5300/300  loss=795.4790
[2026-04-12 14:56:57]         [iDLG] step 5350/300  loss=794.8967
[2026-04-12 14:57:00]         [iDLG] step 5400/300  loss=793.8507
[2026-04-12 14:57:02]         [iDLG] step 5450/300  loss=792.6919
[2026-04-12 14:57:05]         [iDLG] step 5500/300  loss=791.2433
[2026-04-12 14:57:08]         [iDLG] step 5550/300  loss=793.6705
[2026-04-12 14:57:11]         [iDLG] step 5600/300  loss=791.9994
[2026-04-12 14:57:13]         [iDLG] step 5650/300  loss=794.1370
[2026-04-12 14:57:16]         [iDLG] step 5700/300  loss=793.2013
[2026-04-12 14:57:19]         [iDLG] step 5750/300  loss=793.3440
[2026-04-12 14:57:22]         [iDLG] step 5800/300  loss=792.5853
[2026-04-12 14:57:25]         [iDLG] step 5850/300  loss=794.4278
[2026-04-12 14:57:28]         [iDLG] step 5900/300  loss=794.4480
[2026-04-12 14:57:31]         [iDLG] step 5950/300  loss=793.6607
[2026-04-12 14:57:34]       [lcn/alpha=0.7] img 1/2 — attack done in 333.2s
[2026-04-12 14:57:34]       [lcn/alpha=0.7] img 1/2 — PSNR=8.38  SSIM=0.0374  LPIPS=0.7610
[2026-04-12 14:57:34]       [lcn/alpha=0.7] img 1/2 — images saved.
[2026-04-12 14:57:34]       [lcn] img 2 — simulating prev round (t-1)...
[2026-04-12 14:57:34]       [lcn/alpha=0.7] img 2/2 — computing true gradient...
[2026-04-12 14:57:34]       [lcn/alpha=0.7] img 2/2 — applying defense: lcn ...
[2026-04-12 14:57:34]       [lcn/alpha=0.7] img 2/2 — running IDLG attack...
[2026-04-12 14:57:34]         [iDLG] inferred label=8  true label=8
[2026-04-12 14:57:37]         [iDLG] step  50/300  loss=1889.1923
[2026-04-12 14:57:40]         [iDLG] step 100/300  loss=1816.1732
[2026-04-12 14:57:42]         [iDLG] step 150/300  loss=1792.9447
[2026-04-12 14:57:45]         [iDLG] step 200/300  loss=1767.3634
[2026-04-12 14:57:48]         [iDLG] step 250/300  loss=1756.4777
[2026-04-12 14:57:51]         [iDLG] step 300/300  loss=1750.1304
[2026-04-12 14:57:53]         [iDLG] step 350/300  loss=1743.5195
[2026-04-12 14:57:56]         [iDLG] step 400/300  loss=1741.3135
[2026-04-12 14:57:59]         [iDLG] step 450/300  loss=1735.0229
[2026-04-12 14:58:02]         [iDLG] step 500/300  loss=1730.2806
[2026-04-12 14:58:04]         [iDLG] step 550/300  loss=1728.5153
[2026-04-12 14:58:07]         [iDLG] step 600/300  loss=1731.6616
[2026-04-12 14:58:10]         [iDLG] step 650/300  loss=1726.1649
[2026-04-12 14:58:13]         [iDLG] step 700/300  loss=1727.0309
[2026-04-12 14:58:16]         [iDLG] step 750/300  loss=1724.8877
[2026-04-12 14:58:18]         [iDLG] step 800/300  loss=1724.9258
[2026-04-12 14:58:21]         [iDLG] step 850/300  loss=1721.6888
[2026-04-12 14:58:24]         [iDLG] step 900/300  loss=1720.5619
[2026-04-12 14:58:27]         [iDLG] step 950/300  loss=1713.6613
[2026-04-12 14:58:29]         [iDLG] step 1000/300  loss=1719.4054
[2026-04-12 14:58:32]         [iDLG] step 1050/300  loss=1716.2021
[2026-04-12 14:58:35]         [iDLG] step 1100/300  loss=1715.8135
[2026-04-12 14:58:37]         [iDLG] step 1150/300  loss=1714.4442
[2026-04-12 14:58:40]         [iDLG] step 1200/300  loss=1713.2177
[2026-04-12 14:58:43]         [iDLG] step 1250/300  loss=1710.3182
[2026-04-12 14:58:45]         [iDLG] step 1300/300  loss=1715.1030
[2026-04-12 14:58:48]         [iDLG] step 1350/300  loss=1721.9117
[2026-04-12 14:58:51]         [iDLG] step 1400/300  loss=1723.2971
[2026-04-12 14:58:54]         [iDLG] step 1450/300  loss=1713.8949
[2026-04-12 14:58:57]         [iDLG] step 1500/300  loss=1715.7072
[2026-04-12 14:59:00]         [iDLG] step 1550/300  loss=1716.9108
[2026-04-12 14:59:03]         [iDLG] step 1600/300  loss=1715.0494
[2026-04-12 14:59:05]         [iDLG] step 1650/300  loss=1715.1454
[2026-04-12 14:59:08]         [iDLG] step 1700/300  loss=1710.3210
[2026-04-12 14:59:11]         [iDLG] step 1750/300  loss=1714.5413
[2026-04-12 14:59:13]         [iDLG] step 1800/300  loss=1712.3763
[2026-04-12 14:59:16]         [iDLG] step 1850/300  loss=1710.6925
[2026-04-12 14:59:19]         [iDLG] step 1900/300  loss=1711.4498
[2026-04-12 14:59:22]         [iDLG] step 1950/300  loss=1713.1345
[2026-04-12 14:59:24]         [iDLG] step 2000/300  loss=1713.0819
[2026-04-12 14:59:27]         [iDLG] step 2050/300  loss=1710.1649
[2026-04-12 14:59:30]         [iDLG] step 2100/300  loss=1712.8710
[2026-04-12 14:59:32]         [iDLG] step 2150/300  loss=1718.2397
[2026-04-12 14:59:35]         [iDLG] step 2200/300  loss=1709.1600
[2026-04-12 14:59:38]         [iDLG] step 2250/300  loss=1712.3049
[2026-04-12 14:59:41]         [iDLG] step 2300/300  loss=1712.5951
[2026-04-12 14:59:44]         [iDLG] step 2350/300  loss=1718.3390
[2026-04-12 14:59:46]         [iDLG] step 2400/300  loss=1712.6875
[2026-04-12 14:59:49]         [iDLG] step 2450/300  loss=1710.9611
[2026-04-12 14:59:52]         [iDLG] step 2500/300  loss=1713.6412
[2026-04-12 14:59:55]         [iDLG] step 2550/300  loss=1712.3796
[2026-04-12 14:59:58]         [iDLG] step 2600/300  loss=1712.0234
[2026-04-12 15:00:01]         [iDLG] step 2650/300  loss=1711.7993
[2026-04-12 15:00:04]         [iDLG] step 2700/300  loss=1709.6797
[2026-04-12 15:00:07]         [iDLG] step 2750/300  loss=1710.1969
[2026-04-12 15:00:09]         [iDLG] step 2800/300  loss=1710.6687
[2026-04-12 15:00:12]         [iDLG] step 2850/300  loss=1709.5704
[2026-04-12 15:00:16]         [iDLG] step 2900/300  loss=1709.6287
[2026-04-12 15:00:19]         [iDLG] step 2950/300  loss=1709.3082
[2026-04-12 15:00:22]         [iDLG] step 3000/300  loss=1705.0627
[2026-04-12 15:00:25]         [iDLG] step 3050/300  loss=1709.6661
[2026-04-12 15:00:28]         [iDLG] step 3100/300  loss=1711.3444
[2026-04-12 15:00:31]         [iDLG] step 3150/300  loss=1714.5747
[2026-04-12 15:00:34]         [iDLG] step 3200/300  loss=1709.9799
[2026-04-12 15:00:37]         [iDLG] step 3250/300  loss=1711.3540
[2026-04-12 15:00:39]         [iDLG] step 3300/300  loss=1712.0924
[2026-04-12 15:00:42]         [iDLG] step 3350/300  loss=1711.4885
[2026-04-12 15:00:45]         [iDLG] step 3400/300  loss=1711.9857
[2026-04-12 15:00:48]         [iDLG] step 3450/300  loss=1711.9928
[2026-04-12 15:00:51]         [iDLG] step 3500/300  loss=1706.2201
[2026-04-12 15:00:53]         [iDLG] step 3550/300  loss=1713.3397
[2026-04-12 15:00:56]         [iDLG] step 3600/300  loss=1708.4854
[2026-04-12 15:00:59]         [iDLG] step 3650/300  loss=1705.4149
[2026-04-12 15:01:01]         [iDLG] step 3700/300  loss=1709.3684
[2026-04-12 15:01:04]         [iDLG] step 3750/300  loss=1711.7327
[2026-04-12 15:01:07]         [iDLG] step 3800/300  loss=1705.2050
[2026-04-12 15:01:09]         [iDLG] step 3850/300  loss=1709.2878
[2026-04-12 15:01:12]         [iDLG] step 3900/300  loss=1709.2319
[2026-04-12 15:01:15]         [iDLG] step 3950/300  loss=1704.4329
[2026-04-12 15:01:17]         [iDLG] step 4000/300  loss=1705.3363
[2026-04-12 15:01:20]         [iDLG] step 4050/300  loss=1702.0283
[2026-04-12 15:01:23]         [iDLG] step 4100/300  loss=1705.3771
[2026-04-12 15:01:26]         [iDLG] step 4150/300  loss=1704.6183
[2026-04-12 15:01:28]         [iDLG] step 4200/300  loss=1705.0225
[2026-04-12 15:01:31]         [iDLG] step 4250/300  loss=1704.6509
[2026-04-12 15:01:34]         [iDLG] step 4300/300  loss=1703.2839
[2026-04-12 15:01:36]         [iDLG] step 4350/300  loss=1707.7395
[2026-04-12 15:01:39]         [iDLG] step 4400/300  loss=1707.0341
[2026-04-12 15:01:42]         [iDLG] step 4450/300  loss=1703.9803
[2026-04-12 15:01:45]         [iDLG] step 4500/300  loss=1705.3121
[2026-04-12 15:01:48]         [iDLG] step 4550/300  loss=1704.5200
[2026-04-12 15:01:50]         [iDLG] step 4600/300  loss=1700.6803
[2026-04-12 15:01:53]         [iDLG] step 4650/300  loss=1703.6584
[2026-04-12 15:01:56]         [iDLG] step 4700/300  loss=1703.6305
[2026-04-12 15:01:59]         [iDLG] step 4750/300  loss=1704.0928
[2026-04-12 15:02:01]         [iDLG] step 4800/300  loss=1700.6658
[2026-04-12 15:02:04]         [iDLG] step 4850/300  loss=1697.8600
[2026-04-12 15:02:07]         [iDLG] step 4900/300  loss=1702.2286
[2026-04-12 15:02:09]         [iDLG] step 4950/300  loss=1702.6433
[2026-04-12 15:02:12]         [iDLG] step 5000/300  loss=1700.3403
[2026-04-12 15:02:15]         [iDLG] step 5050/300  loss=1704.2472
[2026-04-12 15:02:17]         [iDLG] step 5100/300  loss=1709.0381
[2026-04-12 15:02:20]         [iDLG] step 5150/300  loss=1706.1298
[2026-04-12 15:02:23]         [iDLG] step 5200/300  loss=1704.2587
[2026-04-12 15:02:26]         [iDLG] step 5250/300  loss=1702.9984
[2026-04-12 15:02:28]         [iDLG] step 5300/300  loss=1698.2489
[2026-04-12 15:02:31]         [iDLG] step 5350/300  loss=1700.4243
[2026-04-12 15:02:34]         [iDLG] step 5400/300  loss=1703.5858
[2026-04-12 15:02:37]         [iDLG] step 5450/300  loss=1702.2902
[2026-04-12 15:02:39]         [iDLG] step 5500/300  loss=1699.6372
[2026-04-12 15:02:42]         [iDLG] step 5550/300  loss=1703.1818
[2026-04-12 15:02:45]         [iDLG] step 5600/300  loss=1700.4161
[2026-04-12 15:02:48]         [iDLG] step 5650/300  loss=1699.6334
[2026-04-12 15:02:50]         [iDLG] step 5700/300  loss=1701.1426
[2026-04-12 15:02:53]         [iDLG] step 5750/300  loss=1699.4783
[2026-04-12 15:02:56]         [iDLG] step 5800/300  loss=1693.7102
[2026-04-12 15:02:58]         [iDLG] step 5850/300  loss=1701.5281
[2026-04-12 15:03:01]         [iDLG] step 5900/300  loss=1697.3135
[2026-04-12 15:03:04]         [iDLG] step 5950/300  loss=1699.8739
[2026-04-12 15:03:07]         [iDLG] step 6000/300  loss=1694.5575
[2026-04-12 15:03:07]       [lcn/alpha=0.7] img 2/2 — attack done in 332.7s
[2026-04-12 15:03:07]       [lcn/alpha=0.7] img 2/2 — PSNR=9.84  SSIM=0.0572  LPIPS=0.7294
[2026-04-12 15:03:07]       [lcn/alpha=0.7] img 2/2 — images saved.
[2026-04-12 15:03:07]   Condition 6/7 COMPLETE (666.8s)  |  mean PSNR=9.11  mean SSIM=0.0473  mean LPIPS=0.7452
[2026-04-12 15:03:07] 
  ── Condition 7/7: lcn/alpha=0.5 ──
[2026-04-12 15:03:07]       [lcn] img 1 — simulating prev round (t-1)...
[2026-04-12 15:03:07]       [lcn/alpha=0.5] img 1/2 — computing true gradient...
[2026-04-12 15:03:07]       [lcn/alpha=0.5] img 1/2 — applying defense: lcn ...
[2026-04-12 15:03:07]       [lcn/alpha=0.5] img 1/2 — running IDLG attack...
[2026-04-12 15:03:07]         [iDLG] inferred label=36  true label=36
[2026-04-12 15:03:10]         [iDLG] step  50/300  loss=1567.1312
[2026-04-12 15:03:13]         [iDLG] step 100/300  loss=1474.9281
[2026-04-12 15:03:16]         [iDLG] step 150/300  loss=1457.8407
[2026-04-12 15:03:18]         [iDLG] step 200/300  loss=1431.1478
[2026-04-12 15:03:21]         [iDLG] step 250/300  loss=1434.3386
[2026-04-12 15:03:24]         [iDLG] step 300/300  loss=1426.4469
[2026-04-12 15:03:26]         [iDLG] step 350/300  loss=1421.9982
[2026-04-12 15:03:29]         [iDLG] step 400/300  loss=1418.1016
[2026-04-12 15:03:32]         [iDLG] step 450/300  loss=1414.6740
[2026-04-12 15:03:34]         [iDLG] step 500/300  loss=1411.0764
[2026-04-12 15:03:37]         [iDLG] step 550/300  loss=1415.2037
[2026-04-12 15:03:40]         [iDLG] step 600/300  loss=1412.0106
[2026-04-12 15:03:42]         [iDLG] step 650/300  loss=1412.8534
[2026-04-12 15:03:45]         [iDLG] step 700/300  loss=1409.2382
[2026-04-12 15:03:48]         [iDLG] step 750/300  loss=1407.5778
[2026-04-12 15:03:51]         [iDLG] step 800/300  loss=1405.1782
[2026-04-12 15:03:53]         [iDLG] step 850/300  loss=1407.9950
[2026-04-12 15:03:56]         [iDLG] step 900/300  loss=1407.7590
[2026-04-12 15:03:59]         [iDLG] step 950/300  loss=1403.9758
[2026-04-12 15:04:01]         [iDLG] step 1000/300  loss=1398.9508
[2026-04-12 15:04:04]         [iDLG] step 1050/300  loss=1400.6367
[2026-04-12 15:04:07]         [iDLG] step 1100/300  loss=1400.2107
[2026-04-12 15:04:09]         [iDLG] step 1150/300  loss=1395.7134
[2026-04-12 15:04:12]         [iDLG] step 1200/300  loss=1393.3571
[2026-04-12 15:04:15]         [iDLG] step 1250/300  loss=1396.1404
[2026-04-12 15:04:18]         [iDLG] step 1300/300  loss=1393.7479
[2026-04-12 15:04:20]         [iDLG] step 1350/300  loss=1390.1096
[2026-04-12 15:04:23]         [iDLG] step 1400/300  loss=1389.9858
[2026-04-12 15:04:26]         [iDLG] step 1450/300  loss=1390.2780
[2026-04-12 15:04:29]         [iDLG] step 1500/300  loss=1391.6229
[2026-04-12 15:04:32]         [iDLG] step 1550/300  loss=1387.9946
[2026-04-12 15:04:35]         [iDLG] step 1600/300  loss=1386.3129
[2026-04-12 15:04:37]         [iDLG] step 1650/300  loss=1390.9985
[2026-04-12 15:04:40]         [iDLG] step 1700/300  loss=1387.8184
[2026-04-12 15:04:43]         [iDLG] step 1750/300  loss=1388.6516
[2026-04-12 15:04:46]         [iDLG] step 1800/300  loss=1385.2291
[2026-04-12 15:04:49]         [iDLG] step 1850/300  loss=1386.7031
[2026-04-12 15:04:51]         [iDLG] step 1900/300  loss=1385.8210
[2026-04-12 15:04:54]         [iDLG] step 1950/300  loss=1388.0811
[2026-04-12 15:04:57]         [iDLG] step 2000/300  loss=1381.0382
[2026-04-12 15:04:59]         [iDLG] step 2050/300  loss=1384.6416
[2026-04-12 15:05:02]         [iDLG] step 2100/300  loss=1382.5215
[2026-04-12 15:05:05]         [iDLG] step 2150/300  loss=1384.0825
[2026-04-12 15:05:08]         [iDLG] step 2200/300  loss=1386.8687
[2026-04-12 15:05:10]         [iDLG] step 2250/300  loss=1382.6241
[2026-04-12 15:05:13]         [iDLG] step 2300/300  loss=1383.3997
[2026-04-12 15:05:16]         [iDLG] step 2350/300  loss=1382.9951
[2026-04-12 15:05:19]         [iDLG] step 2400/300  loss=1389.8851
[2026-04-12 15:05:21]         [iDLG] step 2450/300  loss=1388.1536
[2026-04-12 15:05:24]         [iDLG] step 2500/300  loss=1383.8340
[2026-04-12 15:05:27]         [iDLG] step 2550/300  loss=1388.1123
[2026-04-12 15:05:30]         [iDLG] step 2600/300  loss=1387.5687
[2026-04-12 15:05:33]         [iDLG] step 2650/300  loss=1384.4760
[2026-04-12 15:05:35]         [iDLG] step 2700/300  loss=1384.3101
[2026-04-12 15:05:38]         [iDLG] step 2750/300  loss=1384.8320
[2026-04-12 15:05:41]         [iDLG] step 2800/300  loss=1388.1793
[2026-04-12 15:05:43]         [iDLG] step 2850/300  loss=1382.0183
[2026-04-12 15:05:46]         [iDLG] step 2900/300  loss=1383.7295
[2026-04-12 15:05:49]         [iDLG] step 2950/300  loss=1383.4354
[2026-04-12 15:05:52]         [iDLG] step 3000/300  loss=1387.1569
[2026-04-12 15:05:54]         [iDLG] step 3050/300  loss=1385.4332
[2026-04-12 15:05:57]         [iDLG] step 3100/300  loss=1385.8510
[2026-04-12 15:06:00]         [iDLG] step 3150/300  loss=1383.4166
[2026-04-12 15:06:03]         [iDLG] step 3200/300  loss=1384.5461
[2026-04-12 15:06:05]         [iDLG] step 3250/300  loss=1389.9922
[2026-04-12 15:06:08]         [iDLG] step 3300/300  loss=1386.6791
[2026-04-12 15:06:11]         [iDLG] step 3350/300  loss=1384.2444
[2026-04-12 15:06:13]         [iDLG] step 3400/300  loss=1384.8022
[2026-04-12 15:06:16]         [iDLG] step 3450/300  loss=1387.7059
[2026-04-12 15:06:19]         [iDLG] step 3500/300  loss=1384.5568
[2026-04-12 15:06:22]         [iDLG] step 3550/300  loss=1384.5509
[2026-04-12 15:06:24]         [iDLG] step 3600/300  loss=1385.3083
[2026-04-12 15:06:27]         [iDLG] step 3650/300  loss=1386.4658
[2026-04-12 15:06:30]         [iDLG] step 3700/300  loss=1385.3235
[2026-04-12 15:06:33]         [iDLG] step 3750/300  loss=1385.7209
[2026-04-12 15:06:35]         [iDLG] step 3800/300  loss=1379.2605
[2026-04-12 15:06:38]         [iDLG] step 3850/300  loss=1383.1006
[2026-04-12 15:06:41]         [iDLG] step 3900/300  loss=1385.4250
[2026-04-12 15:06:44]         [iDLG] step 3950/300  loss=1381.8103
[2026-04-12 15:06:46]         [iDLG] step 4000/300  loss=1381.5513
[2026-04-12 15:06:49]         [iDLG] step 4050/300  loss=1382.5065
[2026-04-12 15:06:52]         [iDLG] step 4100/300  loss=1375.8031
[2026-04-12 15:06:54]         [iDLG] step 4150/300  loss=1383.2432
[2026-04-12 15:06:57]         [iDLG] step 4200/300  loss=1384.1584
[2026-04-12 15:07:00]         [iDLG] step 4250/300  loss=1382.2921
[2026-04-12 15:07:03]         [iDLG] step 4300/300  loss=1380.4807
[2026-04-12 15:07:05]         [iDLG] step 4350/300  loss=1386.6553
[2026-04-12 15:07:08]         [iDLG] step 4400/300  loss=1378.8878
[2026-04-12 15:07:11]         [iDLG] step 4450/300  loss=1382.9904
[2026-04-12 15:07:13]         [iDLG] step 4500/300  loss=1376.6449
[2026-04-12 15:07:16]         [iDLG] step 4550/300  loss=1377.4780
[2026-04-12 15:07:19]         [iDLG] step 4600/300  loss=1378.2025
[2026-04-12 15:07:21]         [iDLG] step 4650/300  loss=1380.1720
[2026-04-12 15:07:24]         [iDLG] step 4700/300  loss=1380.4216
[2026-04-12 15:07:27]         [iDLG] step 4750/300  loss=1378.9612
[2026-04-12 15:07:29]         [iDLG] step 4800/300  loss=1378.4762
[2026-04-12 15:07:32]         [iDLG] step 4850/300  loss=1377.3115
[2026-04-12 15:07:35]         [iDLG] step 4900/300  loss=1375.9071
[2026-04-12 15:07:38]         [iDLG] step 4950/300  loss=1374.7024
[2026-04-12 15:07:40]         [iDLG] step 5000/300  loss=1377.7488
[2026-04-12 15:07:43]         [iDLG] step 5050/300  loss=1376.2395
[2026-04-12 15:07:46]         [iDLG] step 5100/300  loss=1376.9111
[2026-04-12 15:07:49]         [iDLG] step 5150/300  loss=1377.2913
[2026-04-12 15:07:51]         [iDLG] step 5200/300  loss=1376.5323
[2026-04-12 15:07:54]         [iDLG] step 5250/300  loss=1380.3528
[2026-04-12 15:07:57]         [iDLG] step 5300/300  loss=1378.0537
[2026-04-12 15:08:00]         [iDLG] step 5350/300  loss=1378.3894
[2026-04-12 15:08:03]         [iDLG] step 5400/300  loss=1378.3014
[2026-04-12 15:08:06]         [iDLG] step 5450/300  loss=1378.0809
[2026-04-12 15:08:08]         [iDLG] step 5500/300  loss=1380.6840
[2026-04-12 15:08:11]         [iDLG] step 5550/300  loss=1378.1320
[2026-04-12 15:08:14]         [iDLG] step 5600/300  loss=1378.7189
[2026-04-12 15:08:16]         [iDLG] step 5650/300  loss=1379.2284
[2026-04-12 15:08:19]         [iDLG] step 5700/300  loss=1385.2904
[2026-04-12 15:08:22]         [iDLG] step 5750/300  loss=1380.8357
[2026-04-12 15:08:25]         [iDLG] step 5800/300  loss=1380.2369
[2026-04-12 15:08:27]         [iDLG] step 5850/300  loss=1378.6411
[2026-04-12 15:08:30]         [iDLG] step 5900/300  loss=1374.4767
[2026-04-12 15:08:33]         [iDLG] step 5950/300  loss=1375.3193
[2026-04-12 15:08:35]         [iDLG] step 6000/300  loss=1378.5293
[2026-04-12 15:08:35]       [lcn/alpha=0.5] img 1/2 — attack done in 328.0s
[2026-04-12 15:08:35]       [lcn/alpha=0.5] img 1/2 — PSNR=8.22  SSIM=0.0343  LPIPS=0.7709
[2026-04-12 15:08:35]       [lcn/alpha=0.5] img 1/2 — images saved.
[2026-04-12 15:08:35]       [lcn] img 2 — simulating prev round (t-1)...
[2026-04-12 15:08:36]       [lcn/alpha=0.5] img 2/2 — computing true gradient...
[2026-04-12 15:08:36]       [lcn/alpha=0.5] img 2/2 — applying defense: lcn ...
[2026-04-12 15:08:36]       [lcn/alpha=0.5] img 2/2 — running IDLG attack...
[2026-04-12 15:08:36]         [iDLG] inferred label=8  true label=8
[2026-04-12 15:08:38]         [iDLG] step  50/300  loss=1305.3271
[2026-04-12 15:08:41]         [iDLG] step 100/300  loss=1237.1329
[2026-04-12 15:08:44]         [iDLG] step 150/300  loss=1216.3286
[2026-04-12 15:08:47]         [iDLG] step 200/300  loss=1207.7693
[2026-04-12 15:08:50]         [iDLG] step 250/300  loss=1193.4841
[2026-04-12 15:08:52]         [iDLG] step 300/300  loss=1191.5676
[2026-04-12 15:08:55]         [iDLG] step 350/300  loss=1186.3015
[2026-04-12 15:08:58]         [iDLG] step 400/300  loss=1181.4529
[2026-04-12 15:09:00]         [iDLG] step 450/300  loss=1180.2169
[2026-04-12 15:09:03]         [iDLG] step 500/300  loss=1173.9736
[2026-04-12 15:09:06]         [iDLG] step 550/300  loss=1174.2036
[2026-04-12 15:09:09]         [iDLG] step 600/300  loss=1173.1564
[2026-04-12 15:09:11]         [iDLG] step 650/300  loss=1173.6493
[2026-04-12 15:09:14]         [iDLG] step 700/300  loss=1173.5090
[2026-04-12 15:09:17]         [iDLG] step 750/300  loss=1171.3257
[2026-04-12 15:09:20]         [iDLG] step 800/300  loss=1165.2668
[2026-04-12 15:09:22]         [iDLG] step 850/300  loss=1165.2316
[2026-04-12 15:09:25]         [iDLG] step 900/300  loss=1163.9137
[2026-04-12 15:09:28]         [iDLG] step 950/300  loss=1161.2921
[2026-04-12 15:09:30]         [iDLG] step 1000/300  loss=1166.8333
[2026-04-12 15:09:33]         [iDLG] step 1050/300  loss=1164.0420
[2026-04-12 15:09:36]         [iDLG] step 1100/300  loss=1163.6790
[2026-04-12 15:09:38]         [iDLG] step 1150/300  loss=1164.3186
[2026-04-12 15:09:41]         [iDLG] step 1200/300  loss=1163.3368
[2026-04-12 15:09:44]         [iDLG] step 1250/300  loss=1162.0494
[2026-04-12 15:09:46]         [iDLG] step 1300/300  loss=1163.4183
[2026-04-12 15:09:49]         [iDLG] step 1350/300  loss=1162.3647
[2026-04-12 15:09:52]         [iDLG] step 1400/300  loss=1163.7461
[2026-04-12 15:09:54]         [iDLG] step 1450/300  loss=1161.7734
[2026-04-12 15:09:57]         [iDLG] step 1500/300  loss=1160.9231
[2026-04-12 15:10:00]         [iDLG] step 1550/300  loss=1161.4163
[2026-04-12 15:10:02]         [iDLG] step 1600/300  loss=1159.6779
[2026-04-12 15:10:05]         [iDLG] step 1650/300  loss=1164.8940
[2026-04-12 15:10:08]         [iDLG] step 1700/300  loss=1163.0758
[2026-04-12 15:10:11]         [iDLG] step 1750/300  loss=1166.4686
[2026-04-12 15:10:14]         [iDLG] step 1800/300  loss=1159.7743
[2026-04-12 15:10:17]         [iDLG] step 1850/300  loss=1160.6399
[2026-04-12 15:10:20]         [iDLG] step 1900/300  loss=1162.8959
[2026-04-12 15:10:23]         [iDLG] step 1950/300  loss=1160.1403
[2026-04-12 15:10:25]         [iDLG] step 2000/300  loss=1157.5514
[2026-04-12 15:10:28]         [iDLG] step 2050/300  loss=1159.7756
[2026-04-12 15:10:31]         [iDLG] step 2100/300  loss=1164.1654
[2026-04-12 15:10:34]         [iDLG] step 2150/300  loss=1163.0748
[2026-04-12 15:10:37]         [iDLG] step 2200/300  loss=1160.2448
[2026-04-12 15:10:40]         [iDLG] step 2250/300  loss=1155.4374
[2026-04-12 15:10:43]         [iDLG] step 2300/300  loss=1155.5818
[2026-04-12 15:10:46]         [iDLG] step 2350/300  loss=1161.1970
[2026-04-12 15:10:48]         [iDLG] step 2400/300  loss=1158.4032
[2026-04-12 15:10:51]         [iDLG] step 2450/300  loss=1154.6984
[2026-04-12 15:10:54]         [iDLG] step 2500/300  loss=1156.8079
[2026-04-12 15:10:57]         [iDLG] step 2550/300  loss=1152.6639
[2026-04-12 15:11:00]         [iDLG] step 2600/300  loss=1153.2535
[2026-04-12 15:11:03]         [iDLG] step 2650/300  loss=1149.8728
[2026-04-12 15:11:06]         [iDLG] step 2700/300  loss=1148.1494
[2026-04-12 15:11:09]         [iDLG] step 2750/300  loss=1151.2786
[2026-04-12 15:11:12]         [iDLG] step 2800/300  loss=1154.9384
[2026-04-12 15:11:14]         [iDLG] step 2850/300  loss=1151.1823
[2026-04-12 15:11:17]         [iDLG] step 2900/300  loss=1153.5829
[2026-04-12 15:11:20]         [iDLG] step 2950/300  loss=1153.1995
[2026-04-12 15:11:23]         [iDLG] step 3000/300  loss=1150.8325
[2026-04-12 15:11:26]         [iDLG] step 3050/300  loss=1151.2561
[2026-04-12 15:11:29]         [iDLG] step 3100/300  loss=1154.0325
[2026-04-12 15:11:32]         [iDLG] step 3150/300  loss=1155.3932
[2026-04-12 15:11:34]         [iDLG] step 3200/300  loss=1152.8425
[2026-04-12 15:11:37]         [iDLG] step 3250/300  loss=1154.5677
[2026-04-12 15:11:40]         [iDLG] step 3300/300  loss=1156.3121
[2026-04-12 15:11:43]         [iDLG] step 3350/300  loss=1152.9923
[2026-04-12 15:11:45]         [iDLG] step 3400/300  loss=1156.5961
[2026-04-12 15:11:48]         [iDLG] step 3450/300  loss=1155.6559
[2026-04-12 15:11:51]         [iDLG] step 3500/300  loss=1151.2682
[2026-04-12 15:11:54]         [iDLG] step 3550/300  loss=1155.7380
[2026-04-12 15:11:57]         [iDLG] step 3600/300  loss=1151.5205
[2026-04-12 15:12:00]         [iDLG] step 3650/300  loss=1150.2499
[2026-04-12 15:12:02]         [iDLG] step 3700/300  loss=1156.7843
[2026-04-12 15:12:05]         [iDLG] step 3750/300  loss=1155.2634
[2026-04-12 15:12:08]         [iDLG] step 3800/300  loss=1151.7668
[2026-04-12 15:12:11]         [iDLG] step 3850/300  loss=1153.9806
[2026-04-12 15:12:14]         [iDLG] step 3900/300  loss=1151.7456
[2026-04-12 15:12:17]         [iDLG] step 3950/300  loss=1155.6459
[2026-04-12 15:12:20]         [iDLG] step 4000/300  loss=1153.6274
[2026-04-12 15:12:23]         [iDLG] step 4050/300  loss=1155.3451
[2026-04-12 15:12:25]         [iDLG] step 4100/300  loss=1155.8470
[2026-04-12 15:12:28]         [iDLG] step 4150/300  loss=1153.1086
[2026-04-12 15:12:31]         [iDLG] step 4200/300  loss=1152.2202
[2026-04-12 15:12:34]         [iDLG] step 4250/300  loss=1158.1934
[2026-04-12 15:12:37]         [iDLG] step 4300/300  loss=1159.2617
[2026-04-12 15:12:40]         [iDLG] step 4350/300  loss=1154.7227
[2026-04-12 15:12:43]         [iDLG] step 4400/300  loss=1150.8528
[2026-04-12 15:12:46]         [iDLG] step 4450/300  loss=1153.0729
[2026-04-12 15:12:48]         [iDLG] step 4500/300  loss=1154.6139
[2026-04-12 15:12:51]         [iDLG] step 4550/300  loss=1152.4033
[2026-04-12 15:12:54]         [iDLG] step 4600/300  loss=1151.9819
[2026-04-12 15:12:57]         [iDLG] step 4650/300  loss=1150.8156
[2026-04-12 15:13:00]         [iDLG] step 4700/300  loss=1153.1947
[2026-04-12 15:13:03]         [iDLG] step 4750/300  loss=1152.2999
[2026-04-12 15:13:06]         [iDLG] step 4800/300  loss=1151.7507
[2026-04-12 15:13:09]         [iDLG] step 4850/300  loss=1157.6259
[2026-04-12 15:13:11]         [iDLG] step 4900/300  loss=1153.9199
[2026-04-12 15:13:14]         [iDLG] step 4950/300  loss=1149.6702
[2026-04-12 15:13:17]         [iDLG] step 5000/300  loss=1151.9857
[2026-04-12 15:13:20]         [iDLG] step 5050/300  loss=1150.5212
[2026-04-12 15:13:23]         [iDLG] step 5100/300  loss=1149.9283
[2026-04-12 15:13:26]         [iDLG] step 5150/300  loss=1151.9019
[2026-04-12 15:13:29]         [iDLG] step 5200/300  loss=1155.7288
[2026-04-12 15:13:31]         [iDLG] step 5250/300  loss=1157.4991
[2026-04-12 15:13:34]         [iDLG] step 5300/300  loss=1153.9679
[2026-04-12 15:13:37]         [iDLG] step 5350/300  loss=1156.5046
[2026-04-12 15:13:39]         [iDLG] step 5400/300  loss=1157.3596
[2026-04-12 15:13:42]         [iDLG] step 5450/300  loss=1155.8595
[2026-04-12 15:13:45]         [iDLG] step 5500/300  loss=1153.6704
[2026-04-12 15:13:48]         [iDLG] step 5550/300  loss=1152.8734
[2026-04-12 15:13:50]         [iDLG] step 5600/300  loss=1154.1622
[2026-04-12 15:13:53]         [iDLG] step 5650/300  loss=1152.2362
[2026-04-12 15:13:56]         [iDLG] step 5700/300  loss=1154.6113
[2026-04-12 15:13:59]         [iDLG] step 5750/300  loss=1153.1938
[2026-04-12 15:14:01]         [iDLG] step 5800/300  loss=1154.7592
[2026-04-12 15:14:04]         [iDLG] step 5850/300  loss=1155.6705
[2026-04-12 15:14:07]         [iDLG] step 5900/300  loss=1152.4624
[2026-04-12 15:14:10]         [iDLG] step 5950/300  loss=1151.8466
[2026-04-12 15:14:12]         [iDLG] step 6000/300  loss=1149.4086
[2026-04-12 15:14:12]       [lcn/alpha=0.5] img 2/2 — attack done in 336.7s
[2026-04-12 15:14:12]       [lcn/alpha=0.5] img 2/2 — PSNR=9.77  SSIM=0.0653  LPIPS=0.6939
[2026-04-12 15:14:12]       [lcn/alpha=0.5] img 2/2 — images saved.
[2026-04-12 15:14:12]   Condition 7/7 COMPLETE (665.6s)  |  mean PSNR=9.00  mean SSIM=0.0498  mean LPIPS=0.7324
[2026-04-12 15:14:12] 
All done in 79.4 min. Results saved to: ./results/defense_capability_tinyimagenet_resnet18.csv
